"real","City","SMA","Level","Offset","AICc","BIC","RMSE","DevianceExplained","DevExact","SampleSize","ResidualShapiroWilkTest","ACFResidual","perm"
1,"Pickering","1d","Elementary",-7,-97.38,-96.61,1.51379775980842,0.56,0.555699165286234,20,0.2651,0.0820179106420788,"Pickering|Elementary|1d"
1,"Ajax","1d","Elementary",-6,-81.58,-82.15,1.40067546444524,0.46,0.461425332090622,17,0.2455,0.0131738259976761,"Ajax|Elementary|1d"
1,"Ajax","5d","Elementary",-1,-151.78,-168.11,0.220305036205881,0.98,0.983770949272621,22,0.1919,0.0293913781420543,"Ajax|Elementary|5d"
1,"Pickering","1d","Secondary",0,-155.24,-152.97,0.66097093698643,0.64,0.63936057663564,23,0.5195,0.211981425113764,"Pickering|Secondary|1d"
1,"Ajax","1d","Secondary",-6,-93.07,-93.77,1.0040907229432,0.33,0.326260020528407,17,0.0982,0.340748717055678,"Ajax|Secondary|1d"
1,"Ajax","3d","Secondary",-5,-220.25,-213.47,0.914862403548499,0.59,0.592912968879473,36,0.3617,0.331740707362221,"Ajax|Secondary|3d"
1,"Ajax","5d","Secondary",-1,-184.29,-198.97,0.11526000793334,0.98,0.981717286551451,22,0.312,0.0899223109452607,"Ajax|Secondary|5d"
1,"Ajax","7d","Secondary",-5,-401.37,-381.22,0.566436083217198,0.82,0.819691239186243,59,0.5924,0.383770276476844,"Ajax|Secondary|7d"
1,"Pickering","1d","Total",-6,-104.81,-102.79,1.73736582255453,0.36,0.35964549879907,22,0.5473,0.284360963103229,"Pickering|Total|1d"
1,"Ajax","1d","Total",-6,-87.99,-87.6,1.31169484386294,0.37,0.37305416268136,17,0.1638,0.0335934886726761,"Ajax|Total|1d"
1,"Ajax","5d","Total",-1,-161.63,-180.72,0.157156006399585,0.99,0.987718926232134,22,0.102,0.0244382085266932,"Ajax|Total|5d"
2,"Pickering","1d","Elementary",1,-119.67,-116.99,2.13415327665922,0.29,0.291898074711604,26,0.824,0.276915536163256,"Pickering|Elementary|1d"
2,"Ajax","1d","Elementary",1,-59.11,-58.92,2.51107032095595,0,7.98123303190971e-05,14,0.9273,0.382898054890798,"Ajax|Elementary|1d"
2,"Ajax","3d","Elementary",6,-158.52,-154.73,1.05573675598791,0.84,0.841971467858304,30,0.7527,0.100889521199551,"Ajax|Elementary|3d"
2,"Ajax","5d","Elementary",3,-159.69,-159.37,0.765810852875027,0.89,0.893892952061428,28,0.9792,0.340446237870265,"Ajax|Elementary|5d"
2,"Pickering","1d","Secondary",1,-167.68,-165.04,0.789268770728389,0.63,0.634049467092204,28,0.4098,0.13537368151597,"Pickering|Secondary|1d"
2,"Ajax","1d","Secondary",-6,-73.12,-78.57,0.580518952479249,0.82,0.821907361645152,12,0.5029,-9.66026725551199e-05,"Ajax|Secondary|1d"
2,"Ajax","5d","Secondary",2,-196.86,-192.59,0.66404365863426,0.82,0.822297210131559,29,0.0731,0.25840891501046,"Ajax|Secondary|5d"
2,"Pickering","1d","Total",1,-132.6,-129.92,1.73068330089387,0.29,0.294623199423721,26,0.6492,0.331372398867488,"Pickering|Total|1d"
2,"Ajax","1d","Total",-6,-34.08,-69.02,0.561067106493508,0.91,0.909040984569131,12,0.0663,0.0588254021078859,"Ajax|Total|1d"
2,"Ajax","3d","Total",5,-172.07,-167.22,0.96403172268132,0.78,0.77592639629186,31,0.595,0.234012423242672,"Ajax|Total|3d"
2,"Ajax","5d","Total",2,-173.22,-171.39,0.730424020006148,0.88,0.881514315483816,29,0.7182,0.358705628578793,"Ajax|Total|5d"
3,"Pickering","1d","Elementary",7,-94.76,-93.99,1.77808099948102,0.52,0.521698834783812,21,0.6341,0.202051251212733,"Pickering|Elementary|1d"
3,"Ajax","3d","Elementary",5,-111.59,-111.2,1.20611600914805,0.79,0.789359688248601,22,0.7242,0.166254748057002,"Ajax|Elementary|3d"
3,"Ajax","5d","Elementary",5,-266.74,-252.57,1.13110042102665,0.78,0.776213381443503,49,0.6943,0.342762752714464,"Ajax|Elementary|5d"
3,"Ajax","7d","Elementary",-7,-351.06,-332.37,0.826792079337912,0.84,0.840530158493837,58,0.8011,0.296563184671775,"Ajax|Elementary|7d"
3,"Pickering","1d","Secondary",-6,-148.1,-145.72,0.807296127812981,0.57,0.574195959039998,24,0.0589,0.188523336970108,"Pickering|Secondary|1d"
3,"Ajax","3d","Secondary",0,-145.96,-144.17,0.793329765330584,0.47,0.469090079513166,24,0.5298,0.244942474987767,"Ajax|Secondary|3d"
3,"Ajax","5d","Secondary",-6,-326.86,-314.75,0.51537238193405,0.83,0.831205071412902,46,0.1174,0.252913050644839,"Ajax|Secondary|5d"
3,"Ajax","7d","Secondary",5,-451.03,-429.67,0.433316425167244,0.91,0.906558929937967,61,0.7994,0.371458536942514,"Ajax|Secondary|7d"
3,"Pickering","1d","Total",7,-107.06,-106.65,1.25402524156585,0.56,0.558218278354041,21,0.9866,0.310767710283566,"Pickering|Total|1d"
3,"Ajax","3d","Total",6,-120.44,-121.21,0.818611543800112,0.86,0.855509851395934,21,0.2247,-0.005503250260327,"Ajax|Total|3d"
3,"Ajax","5d","Total",4,-295.34,-281.35,0.867548308406499,0.78,0.782667717743166,49,0.6236,0.320299469090449,"Ajax|Total|5d"
3,"Ajax","7d","Total",-7,-375.92,-358.19,0.686379506873811,0.83,0.825815871767694,58,0.0816,0.314977046594882,"Ajax|Total|7d"
4,"Pickering","1d","Elementary",1,-132.93,-130.26,1.325095659025,0.73,0.72704032094702,27,0.8043,-0.0193653828012653,"Pickering|Elementary|1d"
4,"Ajax","3d","Elementary",0,-126.92,-127.13,0.718479554650911,0.79,0.785965318094244,21,0.9836,0.168387524242935,"Ajax|Elementary|3d"
4,"Ajax","5d","Elementary",6,-168.49,-165.55,0.610408031377612,0.82,0.820173336606456,25,0.139,0.399466271518287,"Ajax|Elementary|5d"
4,"Pickering","1d","Secondary",-6,-138.4,-135.82,1.06032677768776,0.17,0.173481124494121,24,0.1818,0.338781966916643,"Pickering|Secondary|1d"
4,"Ajax","3d","Secondary",-5,-135.19,-138.54,0.379700287714263,0.86,0.855556788896954,19,0.185,0.026123222438399,"Ajax|Secondary|3d"
4,"Ajax","5d","Secondary",4,-186.47,-185.25,0.452276435357556,0.9,0.903810636618301,27,0.12,-0.203050430867719,"Ajax|Secondary|5d"
4,"Pickering","1d","Total",3,-99.79,-108.18,0.734015595065155,0.87,0.871038310451541,19,0.4426,-0.0444493299015625,"Pickering|Total|1d"
4,"Ajax","3d","Total",0,-133.18,-135.1,0.549895126045747,0.84,0.835450299248059,21,0.5807,0.293820881238459,"Ajax|Total|3d"
4,"Ajax","5d","Total",6,-179.98,-177.11,0.523208962717942,0.85,0.84953965028963,25,0.4246,0.322249113782018,"Ajax|Total|5d"
5,"Pickering","1d","Elementary",3,-89.08,-87.8,1.9178204347797,0.41,0.411158035428971,20,0.8855,0.288150835238827,"Pickering|Elementary|1d"
5,"Ajax","1d","Elementary",-6,-46.67,-51.46,1.95513373520899,0.64,0.643020828289311,12,0.8655,0.296339952845746,"Ajax|Elementary|1d"
5,"Ajax","5d","Elementary",-3,-138.14,-135.82,0.998578093939766,0.7,0.70018332909685,23,0.4742,0.239126147882528,"Ajax|Elementary|5d"
5,"Pickering","1d","Secondary",1,-167.22,-162.93,1.04482146473903,0.24,0.235807457936003,29,0.6166,0.319712855863576,"Pickering|Secondary|1d"
5,"Ajax","1d","Secondary",1,-53.57,-56.62,1.54337920716902,0.45,0.445347764130062,12,0.6224,0.343679695143633,"Ajax|Secondary|1d"
5,"Ajax","5d","Secondary",3,-155.08,-153.39,0.578350899171185,0.72,0.724153070898194,22,0.9775,0.0537420846852231,"Ajax|Secondary|5d"
5,"Pickering","1d","Total",3,-97.61,-96.8,1.40214959334083,0.51,0.512943844032028,19,0.683,0.227001925160496,"Pickering|Total|1d"
5,"Ajax","1d","Total",-6,-51.99,-58.5,1.36539232910549,0.73,0.725497600262107,12,0.8093,0.334842556696771,"Ajax|Total|1d"
5,"Ajax","5d","Total",-3,-140.58,-138.26,0.97345044162572,0.65,0.645939246892233,23,0.1607,0.361895217332431,"Ajax|Total|5d"
6,"Pickering","1d","Elementary",1,-116.1,-113,1.86666484651656,0.45,0.448903267289846,26,0.0984,0.319237213012069,"Pickering|Elementary|1d"
6,"Ajax","1d","Elementary",-6,-83.12,-84.04,1.63154852739972,0.69,0.685072566505743,18,0.1728,-0.00926738838880255,"Ajax|Elementary|1d"
6,"Ajax","3d","Elementary",-2,-233.43,-221.49,1.27068832074903,0.73,0.725798398205854,45,0.6797,0.374865248061829,"Ajax|Elementary|3d"
6,"Ajax","5d","Elementary",-6,-264.15,-255.03,0.654769330404569,0.9,0.896138973440123,40,0.5655,0.222887147116078,"Ajax|Elementary|5d"
6,"Ajax","7d","Elementary",-6,-294.68,-280.54,0.920456740702902,0.86,0.859706727392065,50,0.244,0.24538237650597,"Ajax|Elementary|7d"
6,"Pickering","1d","Secondary",1,-166.93,-163.59,1.01548564527951,0.25,0.250621007324015,28,0.1929,0.0817559001190386,"Pickering|Secondary|1d"
6,"Ajax","1d","Secondary",1,-106.24,-110.36,0.657869597325704,0.87,0.873149319990543,18,0.9258,-0.146013485349514,"Ajax|Secondary|1d"
6,"Ajax","3d","Secondary",7,-278.17,-265.73,0.824024937360417,0.71,0.705246477098725,46,0.1055,0.303184904283494,"Ajax|Secondary|3d"
6,"Ajax","5d","Secondary",2,-314.28,-303.45,0.442672707255207,0.86,0.864632308706688,43,0.1913,0.357957964365429,"Ajax|Secondary|5d"
6,"Ajax","7d","Secondary",2,-337.62,-324.61,0.681049600210804,0.82,0.820978792849981,50,0.0896,0.359235337628672,"Ajax|Secondary|7d"
6,"Pickering","1d","Total",1,-129.53,-126.43,1.48740390474336,0.45,0.453245797701317,26,0.5501,0.314115863243446,"Pickering|Total|1d"
6,"Ajax","1d","Total",-6,-91.16,-92.48,1.21227981848357,0.71,0.712513082710156,18,0.5418,0.143158756506473,"Ajax|Total|1d"
6,"Ajax","5d","Total",-6,-283.66,-274.79,0.532340775369349,0.9,0.904685614889224,40,0.7358,0.237932615182864,"Ajax|Total|5d"
6,"Ajax","7d","Total",-1,-309.51,-295.76,0.814771663044198,0.88,0.882032349932725,50,0.8997,0.37243355060359,"Ajax|Total|7d"
7,"Pickering","1d","Elementary",-6,-89.99,-88.07,2.55113273711152,0.14,0.144004331832021,22,0.2342,0.357284520023112,"Pickering|Elementary|1d"
7,"Ajax","1d","Elementary",1,-70.14,-72.58,1.64194227660572,0.64,0.636564834207177,16,0.9156,0.307760937509096,"Ajax|Elementary|1d"
7,"Ajax","7d","Elementary",-2,-170.66,-171.13,0.407605368862391,0.95,0.954647009995168,24,0.1368,0.0924423156549978,"Ajax|Elementary|7d"
7,"Pickering","1d","Secondary",1,-160.33,-156.73,1.11342518151239,0.14,0.136730419995442,28,0.2234,0.30513571777753,"Pickering|Secondary|1d"
7,"Ajax","1d","Secondary",-6,-96.77,-96.82,0.729029252996717,0.55,0.550931940856992,15,0.7975,0.181060212672034,"Ajax|Secondary|1d"
7,"Ajax","3d","Secondary",3,-207.78,-199.98,1.118211349095,0.78,0.779318170334014,37,0.9325,0.355087928081655,"Ajax|Secondary|3d"
7,"Ajax","7d","Secondary",-6,-195.97,-195.58,0.275103847812913,0.97,0.97396442751198,24,0.934,0.00410994341848859,"Ajax|Secondary|7d"
7,"Pickering","1d","Total",3,-90.13,-89.19,1.51703597036192,0.08,0.0833336837354586,18,0.2061,0.379205704642139,"Pickering|Total|1d"
7,"Ajax","1d","Total",-6,-79.69,-81.87,0.991296999085685,0.53,0.525436110891868,15,0.543,0.365532985289772,"Ajax|Total|1d"
7,"Ajax","7d","Total",2,-179.22,-179.75,0.319044307679595,0.96,0.958305984915989,24,0.2442,0.1582031446273,"Ajax|Total|7d"
8,"Pickering","1d","Elementary",1,-115.48,-112.27,1.98181645385888,0.4,0.403347244380993,26,0.1861,0.379292321717128,"Pickering|Elementary|1d"
8,"Ajax","3d","Elementary",-7,-174.48,-168.9,1.13840794955602,0.8,0.804507868831314,32,0.4784,0.228785667957048,"Ajax|Elementary|3d"
8,"Ajax","5d","Elementary",2,-143.51,-143.07,0.601547589284664,0.92,0.924645612115446,22,0.7452,-0.0679005919106795,"Ajax|Elementary|5d"
8,"Ajax","7d","Elementary",6,-330.98,-316.71,0.896115567354218,0.85,0.845003604811406,54,0.2609,0.0448627673665025,"Ajax|Elementary|7d"
8,"Pickering","1d","Secondary",1,-162.01,-158.7,1.12358599625252,0.14,0.140423356923705,28,0.6645,0.398892182252371,"Pickering|Secondary|1d"
8,"Ajax","3d","Secondary",5,-186.72,-182.8,0.656698816522801,0.82,0.821819583748611,29,0.108,0.0298558252324838,"Ajax|Secondary|3d"
8,"Ajax","5d","Secondary",-2,-176.39,-174.45,0.390570550330394,0.69,0.686802184038704,22,0.5691,0.156721697112224,"Ajax|Secondary|5d"
8,"Pickering","1d","Total",3,-103.29,-102.33,1.09196269087309,0.56,0.560625611456424,18,0.4272,-0.196029112467877,"Pickering|Total|1d"
8,"Ajax","5d","Total",1,-153.15,-152.7,0.491782467430064,0.92,0.920078100243034,22,0.714,0.0736624704476007,"Ajax|Total|5d"
8,"Ajax","7d","Total",6,-353.66,-336.78,0.62931024840409,0.88,0.878588135662435,54,0.4457,0.0316557870818953,"Ajax|Total|7d"
9,"Pickering","1d","Elementary",6,-87.55,-86.78,1.8197379448564,0.52,0.520698527222639,20,0.7128,0.10304269297229,"Pickering|Elementary|1d"
9,"Ajax","1d","Elementary",1,-56.66,-62.17,1.69929954857749,0.67,0.673261575328531,15,0.9208,0.325699146114132,"Ajax|Elementary|1d"
9,"Ajax","5d","Elementary",0,-90.78,-100.94,0.255646512303194,0.99,0.985995791317973,13,0.3648,-0.000914923772857504,"Ajax|Elementary|5d"
9,"Ajax","7d","Elementary",1,-166.32,-166.04,0.477465903185081,0.93,0.933932252146514,24,0.5837,-0.073561993382084,"Ajax|Elementary|7d"
9,"Pickering","1d","Secondary",-3,-105.52,-106.03,0.603310720966772,0.61,0.612667743603632,16,0.0942,0.17078655848555,"Pickering|Secondary|1d"
9,"Ajax","1d","Secondary",6,-59.04,-64.1,0.783166462525809,0.8,0.804245333521395,11,0.3012,0.130103056046038,"Ajax|Secondary|1d"
9,"Ajax","5d","Secondary",-3,-118.56,-127.63,0.0992959996770655,0.88,0.882764912407312,13,0.7146,-0.273578270684024,"Ajax|Secondary|5d"
9,"Ajax","7d","Secondary",1,-221.67,-232.78,0.0908078022887506,0.98,0.984972505187564,24,0.7521,-0.205421760178998,"Ajax|Secondary|7d"
9,"Pickering","1d","Total",6,-92.37,-91.96,1.44386605206295,0.49,0.490413905986111,19,0.232,0.210693125421673,"Pickering|Total|1d"
9,"Ajax","1d","Total",1,-59.63,-64.6,1.60669914795963,0.59,0.589482670280866,15,0.9285,0.390768141142146,"Ajax|Total|1d"
9,"Ajax","5d","Total",-3,-102.26,-108.91,0.197763160567454,0.99,0.985556475121305,13,0.5179,0.142472427820429,"Ajax|Total|5d"
9,"Ajax","7d","Total",1,-173.56,-174.81,0.379785228183056,0.94,0.94102764425874,24,0.4802,0.0296384397113631,"Ajax|Total|7d"
10,"Pickering","1d","Elementary",3,-82.53,-82.2,1.99794895934593,0.47,0.471538475045397,19,0.7754,0.208715783772244,"Pickering|Elementary|1d"
10,"Ajax","3d","Elementary",-4,-64.61,-68.37,0.947700141015644,0.4,0.402382824276934,12,0.9352,0.366333741377554,"Ajax|Elementary|3d"
10,"Ajax","7d","Elementary",4,-315.95,-302.58,0.724884340071345,0.87,0.87072788799109,49,0.3591,0.328119794366087,"Ajax|Elementary|7d"
10,"Pickering","1d","Secondary",1,-161.86,-158.36,1.08035438979825,0.16,0.162864216695258,28,0.1601,0.281174440697179,"Pickering|Secondary|1d"
10,"Ajax","3d","Secondary",0,-112.24,-114.02,0.284606902797696,0.61,0.612426126770995,14,0.1188,0.158485139877512,"Ajax|Secondary|3d"
10,"Pickering","7d","Secondary",-6,-633.08,-605.43,0.322024425440256,0.89,0.890076427727837,78,0.1864,0.373560597729674,"Pickering|Secondary|7d"
10,"Ajax","7d","Secondary",-3,-372.69,-358.72,0.395377601783347,0.89,0.890783899616043,49,0.2233,0.244934781025594,"Ajax|Secondary|7d"
10,"Pickering","1d","Total",-2,-89.25,-90.13,1.26643980445432,0.55,0.550695341937507,17,0.1756,0.224043740005157,"Pickering|Total|1d"
10,"Ajax","3d","Total",-5,-80.4,-82.48,0.542824515820379,0.4,0.395051599830222,12,0.7195,0.25992026537433,"Ajax|Total|3d"
10,"Ajax","7d","Total",-5,-295.44,-283.12,0.791075732816063,0.83,0.82524953106548,47,0.5163,0.378878931746904,"Ajax|Total|7d"
11,"Pickering","1d","Elementary",1,-117.15,-113.87,1.7631044302561,0.43,0.434030969514687,26,0.09,0.379278601000158,"Pickering|Elementary|1d"
11,"Ajax","1d","Elementary",-6,-45.96,-62.87,0.707997217544843,0.86,0.860217427854607,11,0.3383,0.0292177228251215,"Ajax|Elementary|1d"
11,"Pickering","5d","Elementary",-4,-406.92,-389.58,1.38703722113812,0.68,0.684838870801023,74,0.4013,0.396218957921995,"Pickering|Elementary|5d"
11,"Pickering","1d","Secondary",1,-165.21,-161.25,0.915972581837737,0.45,0.446560139048021,28,0.8547,0.320350249692306,"Pickering|Secondary|1d"
11,"Ajax","1d","Secondary",-6,-66.53,-83.46,0.288295145463821,0.93,0.932224227645276,11,0.5005,-0.0102767039838718,"Ajax|Secondary|1d"
11,"Pickering","1d","Total",2,-98.55,-98.49,1.2661841231103,0.5,0.500108741536567,20,0.1137,0.351562206949379,"Pickering|Total|1d"
11,"Ajax","1d","Total",1,-63.52,-64.3,1.54424390811024,0.16,0.160625341027613,13,0.9998,0.244745283089794,"Ajax|Total|1d"
12,"Pickering","1d","Elementary",2,-85.88,-84.4,2.3919309855757,0.25,0.254578485483541,20,0.8834,0.375977209981164,"Pickering|Elementary|1d"
12,"Ajax","1d","Elementary",1,-66.4,-67.37,2.24133434793075,0.46,0.461046956029518,17,0.2266,0.273585771834665,"Ajax|Elementary|1d"
12,"Ajax","3d","Elementary",1,-157.35,-155.55,0.698403229483674,0.89,0.889035485728491,25,0.2205,0.207670650162099,"Ajax|Elementary|3d"
12,"Ajax","5d","Elementary",-2,-178.72,-179.66,0.424198702956856,0.96,0.960031936207262,26,0.7999,0.159919720912989,"Ajax|Elementary|5d"
12,"Pickering","1d","Secondary",-1,-124.04,-122.81,0.767693122913718,0.2,0.197183349976748,19,0.1139,0.0942206202930887,"Pickering|Secondary|1d"
12,"Ajax","1d","Secondary",7,-67.48,-78.69,0.513794517061966,0.9,0.899991153137304,12,0.2043,0.177592751979613,"Ajax|Secondary|1d"
12,"Ajax","3d","Secondary",-5,-162.91,-160.82,0.542410282580441,0.64,0.637435332953786,23,0.1857,0.134007486726966,"Ajax|Secondary|3d"
12,"Ajax","5d","Secondary",6,-189.84,-191.72,0.178145602770534,0.97,0.971956762996364,22,0.2837,0.0758409034823755,"Ajax|Secondary|5d"
12,"Pickering","1d","Total",-4,-92.42,-92.2,1.41933277909832,0.39,0.391358534932786,18,0.3789,0.0175720527743944,"Pickering|Total|1d"
12,"Ajax","1d","Total",1,-74.38,-75.23,1.74385665061131,0.49,0.490820872345328,17,0.1696,0.212581553989547,"Ajax|Total|1d"
12,"Ajax","3d","Total",0,-165.78,-165.48,0.519364023389956,0.9,0.904755017660358,25,0.3977,0.00023637897670941,"Ajax|Total|3d"
12,"Ajax","5d","Total",1,-167.6,-172.11,0.452476514891506,0.95,0.953312156495986,26,0.5415,0.224443105580949,"Ajax|Total|5d"
13,"Pickering","1d","Elementary",3,-89.27,-88.02,2.05977378760542,0.42,0.42250259015514,20,0.4155,0.378610393072242,"Pickering|Elementary|1d"
13,"Ajax","5d","Elementary",-1,-93.12,-106.93,0.141065755987483,0.98,0.979306657406368,12,0.358,0.00882349882383283,"Ajax|Elementary|5d"
13,"Ajax","7d","Elementary",0,-306.13,-294.36,0.580540068852877,0.92,0.918626490899849,45,0.6565,0.392281628029762,"Ajax|Elementary|7d"
13,"Pickering","1d","Secondary",3,-137.54,-135.51,0.900211570075081,0.3,0.296738988912436,22,0.2152,0.207008825873,"Pickering|Secondary|1d"
13,"Ajax","3d","Secondary",-1,-235.84,-224.93,1.13344111394425,0.65,0.651622740181852,44,0.1451,0.307236279593532,"Ajax|Secondary|3d"
13,"Ajax","5d","Secondary",-2,-110.81,-135.24,0.0385632349700756,0.98,0.9839045396803,12,0.9039,-0.0140156358874545,"Ajax|Secondary|5d"
13,"Ajax","7d","Secondary",-3,-388.71,-376.8,0.235028411878492,0.96,0.956838370674461,45,0.4568,0.220050378189825,"Ajax|Secondary|7d"
13,"Pickering","1d","Total",4,-77.56,-81.69,1.31605138305721,0.59,0.591045466279429,17,0.7618,0.223741474778228,"Pickering|Total|1d"
13,"Ajax","5d","Total",-1,-91.98,-112.72,0.10164234806277,0.98,0.981680382586653,12,0.2797,-0.043349284983086,"Ajax|Total|5d"
14,"Pickering","1d","Elementary",-1,-91.21,-89.87,1.82949640909187,0.33,0.326419279112456,20,0.346,0.338321382071326,"Pickering|Elementary|1d"
14,"Ajax","1d","Elementary",-6,-75.87,-80.69,1.25764813463613,0.79,0.786597125596368,17,0.058,0.362137335204362,"Ajax|Elementary|1d"
14,"Ajax","3d","Elementary",-2,-108.3,-111.61,0.718700993041528,0.87,0.866324619851968,19,0.4258,0.261527351693764,"Ajax|Elementary|3d"
14,"Ajax","7d","Elementary",-1,-378.48,-360.92,0.624126710629713,0.92,0.918000881119808,56,0.5189,0.373916454561582,"Ajax|Elementary|7d"
14,"Pickering","1d","Secondary",0,-140.05,-138.38,1.06430407974058,0,2.68058711660176e-05,23,0.751,0.39753987696256,"Pickering|Secondary|1d"
14,"Ajax","1d","Secondary",-6,-89.15,-89.96,1.16627672239429,0.27,0.273230746590109,17,0.8094,0.229553748351447,"Ajax|Secondary|1d"
14,"Ajax","3d","Secondary",-1,-138.52,-141.91,0.335090539009975,0.9,0.902293311641268,19,0.7209,-0.118962941197291,"Ajax|Secondary|3d"
14,"Ajax","5d","Secondary",-1,-379.1,-365.9,0.302845688742721,0.95,0.953832771655985,48,0.2542,0.0846365156880861,"Ajax|Secondary|5d"
14,"Ajax","7d","Secondary",6,-451.36,-432.91,0.293259998216118,0.95,0.954717273868799,56,0.7207,0.217874810328623,"Ajax|Secondary|7d"
14,"Pickering","1d","Total",3,-89.21,-88.14,1.82296364386266,0.15,0.154404383031355,19,0.85,0.274046170692985,"Pickering|Total|1d"
14,"Ajax","1d","Total",-6,-78.81,-82.54,1.26306821413592,0.69,0.688257592870882,17,0.3684,0.331971996011119,"Ajax|Total|1d"
14,"Ajax","3d","Total",-1,-125.62,-130.49,0.420398143961044,0.93,0.931340194245824,19,0.3417,0.327945597236174,"Ajax|Total|3d"
14,"Ajax","7d","Total",-1,-405.03,-387.7,0.482711492115603,0.92,0.920484686469257,56,0.6833,0.336920639274844,"Ajax|Total|7d"
15,"Pickering","1d","Elementary",-4,-84.79,-83.84,2.03357201120358,0.22,0.217248376840237,18,0.174,0.270545049857255,"Pickering|Elementary|1d"
15,"Ajax","3d","Elementary",7,-244.98,-232.73,1.32191439372031,0.86,0.860295314494625,46,0.201,0.379307149755429,"Ajax|Elementary|3d"
15,"Ajax","5d","Elementary",-1,-307.8,-292.55,0.856634534964489,0.83,0.829654975971611,51,0.1706,0.392487060767974,"Ajax|Elementary|5d"
15,"Ajax","7d","Elementary",3,-166.86,-166.35,0.454522227735571,0.93,0.934094782899809,24,0.7895,0.281745276237816,"Ajax|Elementary|7d"
15,"Pickering","1d","Secondary",0,-139.58,-137.35,1.00624309226387,0.14,0.135309422156618,23,0.3015,0.391195927249984,"Pickering|Secondary|1d"
15,"Ajax","3d","Secondary",-1,-305.59,-293.85,0.820048026334616,0.73,0.728335849398013,48,0.0533,0.337682070252532,"Ajax|Secondary|3d"
15,"Ajax","7d","Secondary",-7,-193.06,-191.03,0.352560658547939,0.96,0.955526411906357,25,0.5538,-0.122149410935519,"Ajax|Secondary|7d"
15,"Pickering","1d","Total",3,-85.92,-85.21,1.74846433107226,0.28,0.282097990125963,18,0.5788,0.243409520817481,"Pickering|Total|1d"
15,"Ajax","5d","Total",-2,-326.62,-311.38,0.682418092247272,0.82,0.822129676961995,51,0.5846,0.366108436506729,"Ajax|Total|5d"
15,"Ajax","7d","Total",-5,-177.98,-176.83,0.4448376303454,0.96,0.962571946223991,25,0.5164,-0.0857012943650097,"Ajax|Total|7d"
16,"Pickering","1d","Elementary",2,-99.8,-98.12,1.83629702046678,0.55,0.552742383513412,21,0.9377,0.0602534853700071,"Pickering|Elementary|1d"
16,"Ajax","1d","Elementary",-6,-70.13,-69.89,2.25210487463917,0.29,0.285353223360068,17,0.4874,0.383865371475645,"Ajax|Elementary|1d"
16,"Ajax","5d","Elementary",2,-223.48,-218.52,0.530854249170946,0.95,0.954753664642565,33,0.2064,-0.0629977385544569,"Ajax|Elementary|5d"
16,"Ajax","7d","Elementary",5,-157.17,-173.5,0.242784562457182,0.99,0.985027395688061,23,0.34,0.0161447565186344,"Ajax|Elementary|7d"
16,"Pickering","1d","Secondary",1,-161.95,-158.65,1.11141319848839,0.1,0.101176589019144,28,0.0594,0.303478532180121,"Pickering|Secondary|1d"
16,"Ajax","1d","Secondary",-6,-94.65,-94.2,1.11886508377842,0.3,0.298554683915746,17,0.2527,0.350439025294822,"Ajax|Secondary|1d"
16,"Ajax","5d","Secondary",2,-228.81,-223.14,0.497280907460816,0.91,0.908518831701144,33,0.8083,0.276059052837055,"Ajax|Secondary|5d"
16,"Ajax","7d","Secondary",-1,-203.18,-209.66,0.131190403334868,0.96,0.962886913107364,23,0.2026,-0.16921203228368,"Ajax|Secondary|7d"
16,"Pickering","1d","Total",2,-112.08,-110.4,1.37139224784449,0.51,0.505115731031876,21,0.9397,0.277211688905323,"Pickering|Total|1d"
16,"Ajax","1d","Total",-6,-78.16,-77.89,1.73900701744965,0.31,0.305005693175793,17,0.0653,0.382907302257988,"Ajax|Total|1d"
16,"Ajax","5d","Total",2,-233.72,-228.58,0.438710138329576,0.95,0.952919541936754,33,0.982,0.0459188901297191,"Ajax|Total|5d"
16,"Ajax","7d","Total",4,-158.83,-172.92,0.251253547876409,0.98,0.979151907118716,23,0.7625,0.0985173909693303,"Ajax|Total|7d"
17,"Pickering","1d","Elementary",-1,-95.33,-94.09,1.74567075170717,0.38,0.376124421843832,21,0.8318,0.36805382626822,"Pickering|Elementary|1d"
17,"Ajax","1d","Elementary",3,-72.49,-82.44,0.315145184888491,0.97,0.965856286596155,11,0.2729,-0.181265867911436,"Ajax|Elementary|1d"
17,"Ajax","5d","Elementary",-1,-107.51,-120.51,0.237420627559906,0.98,0.983319947637002,15,0.0686,-0.172209953051369,"Ajax|Elementary|5d"
17,"Pickering","1d","Secondary",7,-146.42,-151.47,0.469624645248072,0.85,0.852397834793796,23,0.6904,0.169176071531315,"Pickering|Secondary|1d"
17,"Ajax","1d","Secondary",0,-77.02,-81.6,0.799459812392074,0.63,0.631409773627183,14,0.592,0.181637670136447,"Ajax|Secondary|1d"
17,"Ajax","3d","Secondary",-5,-215.47,-212.74,0.465889278155054,0.84,0.836330477711336,32,0.7027,0.147916601002698,"Ajax|Secondary|3d"
17,"Ajax","5d","Secondary",-3,-142.55,-144.21,0.134430238795423,0.57,0.566748677244632,15,0.8532,-0.0128800931113436,"Ajax|Secondary|5d"
17,"Pickering","1d","Total",6,-94.2,-93.29,1.43732388681244,0.47,0.470256773359438,19,0.6309,0.226444724857328,"Pickering|Total|1d"
17,"Ajax","1d","Total",3,-63.83,-80.77,0.300741179381058,0.95,0.945486758896115,11,0.4105,0.0554684704378704,"Ajax|Total|1d"
17,"Ajax","5d","Total",-2,-118.31,-120.31,0.302289347338683,0.92,0.921005601869414,15,0.1104,-0.289319688013039,"Ajax|Total|5d"
18,"Pickering","1d","Elementary",0,-93.14,-92.51,1.79993181498669,0.41,0.41042471481698,21,0.9643,0.390854777511068,"Pickering|Elementary|1d"
18,"Ajax","3d","Elementary",-5,-182.94,-176.52,1.24762578571706,0.84,0.83808019368432,34,0.1082,0.367037076348006,"Ajax|Elementary|3d"
18,"Ajax","5d","Elementary",-3,-177.96,-177.01,0.665055392915457,0.92,0.924520656191013,30,0.993,0.399970190956264,"Ajax|Elementary|5d"
18,"Ajax","7d","Elementary",-1,-298.49,-287.9,0.667947986151326,0.91,0.910724494282011,44,0.094,0.223591953512893,"Ajax|Elementary|7d"
18,"Pickering","1d","Secondary",1,-162.46,-158.65,1.02641069283995,0.21,0.206635082020165,28,0.0501,0.194520988203327,"Pickering|Secondary|1d"
18,"Ajax","3d","Secondary",7,-226.69,-223.08,0.406833062789323,0.96,0.956228581270695,31,0.7333,0.168144086633359,"Ajax|Secondary|3d"
18,"Ajax","5d","Secondary",-5,-228.2,-231.68,0.246723282844347,0.98,0.979564154641005,30,0.5207,-0.038147774655253,"Ajax|Secondary|5d"
18,"Ajax","7d","Secondary",-3,-360.92,-349.88,0.313725418866838,0.94,0.936430282533416,44,0.3934,0.214054022332529,"Ajax|Secondary|7d"
18,"Pickering","1d","Total",0,-107.7,-107.37,1.27971196990435,0.47,0.46665183268475,21,0.2867,0.383734902314302,"Pickering|Total|1d"
18,"Ajax","3d","Total",7,-181.65,-177.83,0.912610360656974,0.89,0.887984792268334,31,0.2874,0.298509590808209,"Ajax|Total|3d"
18,"Ajax","7d","Total",-2,-341.5,-333.75,0.263871142393706,0.98,0.978012320740363,44,0.3953,-0.146737585444124,"Ajax|Total|7d"
19,"Pickering","1d","Elementary",3,-85.22,-83.93,2.4942256532181,0,4.94921024408986e-05,20,0.4248,0.354578567847454,"Pickering|Elementary|1d"
19,"Ajax","1d","Elementary",-6,-78.25,-77.62,1.97786923067504,0.38,0.376089076614965,18,0.2924,0.296973979299215,"Ajax|Elementary|1d"
19,"Ajax","5d","Elementary",4,-122.7,-123.71,0.86490890333457,0.81,0.81011016859164,22,0.829,0.327715482178611,"Ajax|Elementary|5d"
19,"Pickering","1d","Secondary",3,-137.68,-137.81,0.643800341236005,0.61,0.607921952405766,22,0.7328,0.225469238610198,"Pickering|Secondary|1d"
19,"Ajax","1d","Secondary",-6,-105.43,-104.92,0.958600582897507,0.51,0.507179941367587,18,0.4828,0.223524133239814,"Ajax|Secondary|1d"
19,"Ajax","5d","Secondary",-4,-186.56,-186.35,0.224515839812834,0.91,0.905599299565558,22,0.1187,0.396300045704916,"Ajax|Secondary|5d"
19,"Pickering","1d","Total",6,-90.26,-89.27,1.6436368937268,0.32,0.322894695663976,19,0.2401,0.37752647274381,"Pickering|Total|1d"
19,"Ajax","1d","Total",-6,-85.2,-85.44,1.45758943947627,0.47,0.469850620235325,18,0.1552,0.230746666084157,"Ajax|Total|1d"
19,"Ajax","5d","Total",4,-131.52,-132.56,0.707266323381014,0.82,0.824302600410858,22,0.6844,0.291881441012705,"Ajax|Total|5d"
20,"Pickering","1d","Elementary",-6,-101.4,-100.55,1.7110013949978,0.7,0.703591986414604,22,0.5645,-0.097999317510472,"Pickering|Elementary|1d"
20,"Ajax","1d","Elementary",1,-65.29,-73.17,1.00894964739712,0.9,0.901317595960103,14,0.7058,-0.0394551133979983,"Ajax|Elementary|1d"
20,"Ajax","7d","Elementary",3,-221.59,-220.3,0.420243025113233,0.97,0.974047219443849,32,0.3571,-0.219377818733828,"Ajax|Elementary|7d"
20,"Pickering","1d","Secondary",0,-140.35,-138.27,1.01633666162537,0.08,0.0816412935359346,23,0.9489,0.263593673235768,"Pickering|Secondary|1d"
20,"Ajax","1d","Secondary",-6,-78.24,-85.74,0.622592286957882,0.79,0.793306472013407,14,0.9019,0.138011534783816,"Ajax|Secondary|1d"
20,"Ajax","7d","Secondary",-7,-250.55,-246.97,0.305005549556596,0.96,0.958481092582791,33,0.9252,-0.0961263722691771,"Ajax|Secondary|7d"
20,"Pickering","1d","Total",-6,-113.74,-112.04,1.40941801706161,0.66,0.65533434277236,22,0.6575,-0.0504282684898004,"Pickering|Total|1d"
20,"Ajax","1d","Total",1,-68.22,-75.32,0.908372271328041,0.88,0.876061404315841,14,0.4819,0.181442865261731,"Ajax|Total|1d"
20,"Ajax","7d","Total",3,-250.41,-250.6,0.244816674790961,0.99,0.987326949284029,32,0.8194,0.0213123796100369,"Ajax|Total|7d"
21,"Pickering","1d","Elementary",-1,-90.32,-89.03,1.8739727986147,0.31,0.309366082120655,20,0.07,0.3768014797964,"Pickering|Elementary|1d"
21,"Ajax","1d","Elementary",1,-59.94,-62.84,0.977216076715799,0.72,0.724871848816315,11,0.4188,0.173877230775335,"Ajax|Elementary|1d"
21,"Ajax","3d","Elementary",-4,-179.69,-173.67,1.24017855473046,0.84,0.844794204446868,33,0.4724,0.282142575742409,"Ajax|Elementary|3d"
21,"Ajax","5d","Elementary",1,-146.28,-149.09,0.236251433017521,0.96,0.961448677256931,18,0.7669,0.134083266389272,"Ajax|Elementary|5d"
21,"Pickering","1d","Secondary",1,-161.99,-159.81,1.19818298164918,0,2.09158318443839e-05,28,0.2575,0.308582439039968,"Pickering|Secondary|1d"
21,"Ajax","1d","Secondary",1,-63.61,-71.23,0.567163815396485,0.8,0.803597274096422,11,0.9957,0.378439218170641,"Ajax|Secondary|1d"
21,"Ajax","3d","Secondary",-3,-195.4,-189.92,0.916594003804463,0.73,0.731209993910232,32,0.2311,0.352837762911705,"Ajax|Secondary|3d"
21,"Ajax","5d","Secondary",7,-98.21,-130.4,0.044592413314164,0.98,0.975579066232645,12,0.9571,0.0544708501237342,"Ajax|Secondary|5d"
21,"Pickering","1d","Total",5,-80.57,-83.72,1.10565379066331,0.64,0.637918075166913,16,0.9964,0.284302824516445,"Pickering|Total|1d"
21,"Ajax","1d","Total",1,-64.68,-66.98,0.836384817633184,0.74,0.741784069783141,11,0.502,0.246054196789879,"Ajax|Total|1d"
21,"Ajax","3d","Total",-4,-204.48,-198.59,0.842094748366074,0.87,0.874457010551268,33,0.8192,0.319895133169421,"Ajax|Total|3d"
21,"Ajax","5d","Total",1,-155.39,-158.11,0.18818612427841,0.96,0.960377550254541,18,0.6894,-0.0842914396064235,"Ajax|Total|5d"
22,"Pickering","1d","Elementary",3,-86.95,-85.47,2.33316918381277,0.2,0.203174374070379,20,0.5397,0.0757259346519842,"Pickering|Elementary|1d"
22,"Ajax","1d","Elementary",1,-61.56,-64.55,1.85047186936424,0.7,0.699185338777261,15,0.8125,0.260004407809659,"Ajax|Elementary|1d"
22,"Pickering","1d","Secondary",1,-171.52,-167.76,1.01573275316508,0.24,0.244059255171444,29,0.2852,0.392492629482931,"Pickering|Secondary|1d"
22,"Ajax","1d","Secondary",-6,-88.51,-89.3,0.848578548727568,0.61,0.605014166779194,15,0.0646,0.0891854456122636,"Ajax|Secondary|1d"
22,"Pickering","1d","Total",-2,-91.53,-92.74,1.04703621969231,0.63,0.632564167217283,17,0.8531,0.12299307985029,"Pickering|Total|1d"
22,"Ajax","1d","Total",-6,-70.31,-76.3,1.15521210011689,0.77,0.771575338698414,15,0.3968,0.167257039308008,"Ajax|Total|1d"
23,"Pickering","1d","Elementary",6,-84.32,-82.84,2.29316946619051,0.25,0.245555718946777,20,0.16,0.341402281322525,"Pickering|Elementary|1d"
23,"Ajax","1d","Elementary",1,-72.44,-71.84,2.36975057047693,0.34,0.340675075159333,18,0.208,0.399480459322416,"Ajax|Elementary|1d"
23,"Ajax","7d","Elementary",-4,-175.39,-175.66,0.266160462120849,0.98,0.9781903677794,22,0.964,0.0334590920125197,"Ajax|Elementary|7d"
23,"Pickering","1d","Secondary",0,-146.48,-144.33,1.03570527842833,0.04,0.0430028269440177,24,0.722,0.365043809840738,"Pickering|Secondary|1d"
23,"Ajax","1d","Secondary",0,-75.3,-80.53,0.992261634303089,0.57,0.567637771921442,15,0.7843,0.209948184081284,"Ajax|Secondary|1d"
23,"Ajax","7d","Secondary",-4,-190.79,-192.61,0.18712628360038,0.96,0.957299665863894,22,0.2115,-0.0408505573015802,"Ajax|Secondary|7d"
23,"Ajax","1d","Total",3,-59.32,-75.84,0.679172282558433,0.92,0.919848281335354,13,0.4147,-0.206755363937964,"Ajax|Total|1d"
23,"Ajax","7d","Total",-4,-191.04,-191.37,0.183396632637924,0.99,0.985202416103593,22,0.553,-0.00251139080113837,"Ajax|Total|7d"
24,"Pickering","1d","Elementary",7,-108.05,-106.36,1.51838306550507,0.63,0.631311597158588,22,0.9043,0.336553675797911,"Pickering|Elementary|1d"
24,"Ajax","3d","Elementary",6,-190.49,-184.68,1.05994105502622,0.82,0.820134729309154,33,0.9702,0.344681408747549,"Ajax|Elementary|3d"
24,"Ajax","5d","Elementary",0,-166.48,-167.97,0.237185955034442,0.98,0.976746185500702,20,0.6763,0.19228426564609,"Ajax|Elementary|5d"
24,"Ajax","7d","Elementary",0,-355.46,-333.48,1.05206980135779,0.88,0.875664764700782,63,0.4046,0.359778954307464,"Ajax|Elementary|7d"
24,"Pickering","1d","Secondary",1,-174.47,-170.25,0.929495097705031,0.39,0.387925487694636,29,0.2917,0.275927455118881,"Pickering|Secondary|1d"
24,"Ajax","5d","Secondary",4,-159.1,-162.34,0.158914021302228,0.86,0.86323784848839,18,0.891,0.0151644111307184,"Ajax|Secondary|5d"
24,"Pickering","1d","Total",7,-119.31,-118.31,1.07545785548203,0.67,0.670234430527198,22,0.6322,0.277189280389217,"Pickering|Total|1d"
24,"Ajax","3d","Total",6,-208.42,-202.63,0.668817407018385,0.89,0.886057496311635,33,0.2397,0.297112472232409,"Ajax|Total|3d"
24,"Ajax","5d","Total",-6,-149.44,-150.74,0.350623700642605,0.93,0.929112018718155,20,0.8181,0.0306125161171625,"Ajax|Total|5d"
24,"Ajax","7d","Total",0,-387,-365.07,0.819268912335645,0.88,0.880290032595375,63,0.2332,0.370370904074062,"Ajax|Total|7d"
25,"Pickering","1d","Elementary",6,-96.46,-96.88,1.41267629795687,0.76,0.759715817303091,20,0.5867,0.16818352567104,"Pickering|Elementary|1d"
25,"Ajax","5d","Elementary",-6,-198,-191.13,1.05487372498141,0.81,0.810093501485137,35,0.102,0.231284088420688,"Ajax|Elementary|5d"
25,"Ajax","7d","Elementary",5,-329.84,-315.91,0.587563651985946,0.92,0.921281773806787,49,0.3047,0.108665512793406,"Ajax|Elementary|7d"
25,"Pickering","1d","Secondary",0,-139.46,-137.51,1.05510905857003,0.03,0.0298760217944216,23,0.5254,0.3866807511648,"Pickering|Secondary|1d"
25,"Ajax","5d","Secondary",-4,-277.34,-270.51,0.376417687667834,0.88,0.883866235854081,38,0.3901,0.269996023219203,"Ajax|Secondary|5d"
25,"Ajax","7d","Secondary",-3,-442.88,-428.68,0.184005115078953,0.98,0.978012322067416,49,0.0507,0.253139378332652,"Ajax|Secondary|7d"
25,"Pickering","1d","Total",-1,-102.73,-101.24,1.55050889623338,0.19,0.193922312440743,20,0.4192,0.340537475489442,"Pickering|Total|1d"
25,"Ajax","5d","Total",-7,-209.52,-203.54,0.772258484574797,0.84,0.84337810801889,33,0.0943,0.216155212553953,"Ajax|Total|5d"
25,"Ajax","7d","Total",-5,-341.28,-328.55,0.479829316966777,0.93,0.934608375571254,47,0.5107,0.365029220413878,"Ajax|Total|7d"
26,"Pickering","1d","Elementary",7,-106.84,-105.62,1.4006944071398,0.7,0.704768959990959,21,0.9473,0.140053806479833,"Pickering|Elementary|1d"
26,"Ajax","7d","Elementary",5,-166.82,-163.89,0.666861921136088,0.88,0.878101210519823,26,0.9297,0.379270040967675,"Ajax|Elementary|7d"
26,"Pickering","1d","Secondary",1,-176.36,-172.17,0.784336987351487,0.56,0.559892564938664,29,0.8675,0.0460755262013976,"Pickering|Secondary|1d"
26,"Ajax","7d","Secondary",5,-196.24,-193.67,0.378566131789177,0.76,0.758529687153667,26,0.8377,0.347982381016417,"Ajax|Secondary|7d"
26,"Pickering","1d","Total",7,-120.84,-119.64,0.944512665076025,0.73,0.731525335224745,21,0.3027,0.1844320519459,"Pickering|Total|1d"
26,"Ajax","7d","Total",6,-176.03,-173.23,0.541710227305648,0.88,0.881894425148553,26,0.2739,0.385679354554301,"Ajax|Total|7d"
27,"Pickering","1d","Elementary",-1,-100.71,-100.97,1.32027514466993,0.7,0.703645000756953,20,0.4987,0.270299176394722,"Pickering|Elementary|1d"
27,"Ajax","3d","Elementary",-1,-104.32,-106.02,0.82076986886028,0.82,0.822928087166089,18,0.6976,0.0342436467027303,"Ajax|Elementary|3d"
27,"Pickering","1d","Secondary",-6,-139.24,-141.72,0.630580246520201,0.77,0.767990390504792,23,0.9363,0.0566274025374681,"Pickering|Secondary|1d"
27,"Ajax","3d","Secondary",-2,-122.28,-124.11,0.522749697075384,0.76,0.759587593498686,18,0.5617,-0.133812198046926,"Ajax|Secondary|3d"
27,"Pickering","1d","Total",0,-108.69,-115.14,0.827956374370267,0.81,0.808353596589102,21,0.5127,0.135272992187867,"Pickering|Total|1d"
27,"Ajax","3d","Total",-1,-109.03,-110.77,0.743953657333099,0.79,0.793755010304589,18,0.9542,-0.0165062404562219,"Ajax|Total|3d"
28,"Pickering","1d","Elementary",1,-124.08,-120.91,2.01111924646337,0.33,0.332980265177701,27,0.1153,0.338429500587797,"Pickering|Elementary|1d"
28,"Ajax","3d","Elementary",-5,-126.68,-138.48,0.339570760101253,0.97,0.968954493981344,20,0.2595,0.266040320081676,"Ajax|Elementary|3d"
28,"Ajax","5d","Elementary",-7,-248.95,-238.16,0.900205306111894,0.84,0.835408881223952,43,0.2779,0.263946627168761,"Ajax|Elementary|5d"
28,"Pickering","1d","Secondary",1,-169.48,-166.4,1.1105718406935,0.11,0.106208371484215,29,0.2445,0.350081635021768,"Pickering|Secondary|1d"
28,"Ajax","3d","Secondary",-3,-151.03,-156.57,0.259957440497775,0.96,0.95881917685653,20,0.0917,-0.199584309327292,"Ajax|Secondary|3d"
28,"Pickering","1d","Total",2,-108.3,-106.95,1.33356807578649,0.48,0.483840695495992,21,0.9629,0.278566652774836,"Pickering|Total|1d"
28,"Ajax","3d","Total",-4,-138.11,-147.16,0.289321236484677,0.96,0.963080559732315,20,0.9251,0.0528715132437987,"Ajax|Total|3d"
29,"Pickering","1d","Elementary",1,-122.91,-119.46,2.0263991855642,0.35,0.351417698781664,27,0.3787,0.321816643078999,"Pickering|Elementary|1d"
29,"Ajax","1d","Elementary",1,-52.78,-56.37,1.50405994588977,0.67,0.668312567081485,12,0.3309,-0.00101483430929958,"Ajax|Elementary|1d"
29,"Ajax","3d","Elementary",6,-164.71,-159.28,1.26958732273352,0.81,0.805627133218565,32,0.3825,0.367862046822387,"Ajax|Elementary|3d"
29,"Ajax","7d","Elementary",-3,-127.34,-129.45,0.265290175806764,0.92,0.924425122686851,16,0.2553,-0.0903963637793521,"Ajax|Elementary|7d"
29,"Pickering","1d","Secondary",-6,-137.55,-134.95,1.00895174289383,0.25,0.246373673936928,24,0.1576,0.353782603785756,"Pickering|Secondary|1d"
29,"Ajax","1d","Secondary",0,-53.59,-55.24,1.44639917884358,0.11,0.113401595586679,11,0.5185,0.387892519926717,"Ajax|Secondary|1d"
29,"Ajax","7d","Secondary",-1,-165.98,-165.66,0.105613759881062,0.57,0.567853607374433,16,0.1196,0.282080396064235,"Ajax|Secondary|7d"
29,"Pickering","1d","Total",2,-113.8,-114.28,0.936518106315426,0.72,0.724015512894015,21,0.7253,0.119309534285838,"Pickering|Total|1d"
29,"Ajax","1d","Total",1,-52.74,-56.29,1.5688211638753,0.61,0.607430460958143,12,0.8781,0.127720510802022,"Ajax|Total|1d"
29,"Ajax","7d","Total",-3,-139.92,-142.03,0.181410327587468,0.93,0.930384523340642,16,0.3099,-0.238632400716602,"Ajax|Total|7d"
30,"Pickering","1d","Elementary",-6,-99.13,-96.81,2.23363529913169,0.4,0.399404947757298,23,0.8073,0.31685161915112,"Pickering|Elementary|1d"
30,"Ajax","1d","Elementary",-7,-68.53,-70.48,1.63403239371529,0.62,0.623407144951779,15,0.1408,0.077116697227495,"Ajax|Elementary|1d"
30,"Ajax","3d","Elementary",6,-68.2,-90.73,0.63801929675309,0.97,0.969934140419081,16,0.6084,0.202261688703564,"Ajax|Elementary|3d"
30,"Ajax","7d","Elementary",-7,-389.74,-372.07,0.743036164982033,0.9,0.90432593751691,60,0.0963,0.281671507322591,"Ajax|Elementary|7d"
30,"Pickering","1d","Secondary",0,-144.06,-141.74,0.871357275956651,0.28,0.276073472954729,23,0.5517,0.374572325774126,"Pickering|Secondary|1d"
30,"Ajax","1d","Secondary",-6,-101.92,-102.02,0.964898402986488,0.52,0.516046289345728,18,0.6074,0.235005511621533,"Ajax|Secondary|1d"
30,"Ajax","3d","Secondary",5,-113.47,-124.59,0.326073154950964,0.94,0.942702570533836,17,0.0824,0.234428158060886,"Ajax|Secondary|3d"
30,"Ajax","5d","Secondary",-5,-388.22,-371.59,0.653222026994222,0.78,0.78448555354815,57,0.1105,0.373480794174328,"Ajax|Secondary|5d"
30,"Ajax","7d","Secondary",0,-479.84,-459.54,0.308407986817571,0.95,0.947595773185636,60,0.1942,0.292618423633502,"Ajax|Secondary|7d"
30,"Pickering","1d","Total",2,-112.81,-111.34,1.29818359659305,0.57,0.567192657263363,21,0.3321,0.393438376221756,"Pickering|Total|1d"
30,"Ajax","1d","Total",-7,-78.53,-81.26,1.06524444391869,0.69,0.690743828792261,15,0.983,0.168350615510039,"Ajax|Total|1d"
30,"Ajax","3d","Total",6,-80.57,-103.23,0.41127050250128,0.98,0.977075432150911,16,0.3869,0.207691630313581,"Ajax|Total|3d"
30,"Ajax","7d","Total",6,-419.17,-402.69,0.397053806277796,0.97,0.974663431359515,55,0.7368,0.233074747045475,"Ajax|Total|7d"
31,"Pickering","1d","Elementary",1,-120.07,-117.59,1.5747671006117,0.62,0.624381785567808,26,0.9396,0.0741480532514744,"Pickering|Elementary|1d"
31,"Ajax","1d","Elementary",1,-81.28,-80.76,1.84667377501444,0.51,0.51283000394466,18,0.1751,0.229609580036127,"Ajax|Elementary|1d"
31,"Ajax","7d","Elementary",-5,-217.06,-227.4,0.254655724177145,0.98,0.980785325326114,31,0.1329,0.207368211533927,"Ajax|Elementary|7d"
31,"Pickering","1d","Secondary",1,-169.21,-165.23,0.878224610097525,0.46,0.457533748003022,28,0.0528,0.225772881077721,"Pickering|Secondary|1d"
31,"Ajax","1d","Secondary",0,-78.11,-77.96,1.34138459304083,0.08,0.0755593792081493,15,0.1352,0.347195595751556,"Ajax|Secondary|1d"
31,"Ajax","7d","Secondary",-4,-280.89,-275.41,0.235485340322989,0.94,0.938653860876087,33,0.8427,0.0998340455830202,"Ajax|Secondary|7d"
31,"Pickering","1d","Total",1,-135.64,-133.22,1.19003468291001,0.66,0.660431684414236,26,0.9878,0.0980742690752345,"Pickering|Total|1d"
31,"Ajax","1d","Total",1,-86.12,-85.96,1.50409735449289,0.47,0.46533980021439,18,0.4017,0.36926743713632,"Ajax|Total|1d"
31,"Ajax","7d","Total",-5,-233.58,-234.77,0.264282036017975,0.97,0.969867825769067,31,0.1608,0.353729073542265,"Ajax|Total|7d"
32,"Pickering","1d","Elementary",1,-121.26,-119.35,1.40033820174753,0.68,0.677215478110536,26,0.3398,0.257555019867501,"Pickering|Elementary|1d"
32,"Ajax","3d","Elementary",2,-151.29,-147.48,1.11553066173813,0.8,0.798890427290192,29,0.8742,0.181654105540645,"Ajax|Elementary|3d"
32,"Pickering","1d","Secondary",1,-160.91,-157.28,1.09547289907436,0.15,0.150819400234884,28,0.1506,0.296177255643626,"Pickering|Secondary|1d"
32,"Ajax","3d","Secondary",-5,-186.5,-183.11,0.556812277278427,0.78,0.782443455692562,27,0.0771,0.0795978526996502,"Ajax|Secondary|3d"
32,"Pickering","1d","Total",1,-131.73,-129.55,1.23408821150068,0.62,0.621852607714786,26,0.9426,0.334466199647724,"Pickering|Total|1d"
32,"Ajax","3d","Total",1,-159.81,-155.98,0.964851508523649,0.76,0.763447443417125,29,0.5328,0.32867139427641,"Ajax|Total|3d"
33,"Pickering","1d","Elementary",1,-126.21,-123.39,1.52924367093667,0.67,0.674128596658433,26,0.961,0.26514783304885,"Pickering|Elementary|1d"
33,"Ajax","3d","Elementary",-2,-122.26,-124.22,0.733969975354153,0.85,0.851325829537746,21,0.7346,0.0181940672340891,"Ajax|Elementary|3d"
33,"Ajax","7d","Elementary",-2,-176.29,-177.75,0.38805138476013,0.95,0.952371047372849,25,0.3943,0.0687775488492776,"Ajax|Elementary|7d"
33,"Pickering","1d","Secondary",1,-162.85,-160.66,1.16462418509115,0,1.7175991365778e-05,28,0.1612,0.39345915465409,"Pickering|Secondary|1d"
33,"Ajax","3d","Secondary",-6,-143.92,-148.51,0.269230941996111,0.93,0.932395586388238,19,0.9164,0.0604060784647936,"Ajax|Secondary|3d"
33,"Ajax","5d","Secondary",-6,-297.53,-289.46,0.887388872380606,0.62,0.616118519485988,47,0.1843,0.385712371347201,"Ajax|Secondary|5d"
33,"Ajax","7d","Secondary",-7,-185.86,-183.29,0.388776110089064,0.94,0.941516343247125,24,0.0655,0.238171926203745,"Ajax|Secondary|7d"
33,"Pickering","1d","Total",1,-132.65,-129.66,1.38032388801085,0.55,0.546120523433728,26,0.9277,0.325019210813449,"Pickering|Total|1d"
33,"Ajax","3d","Total",6,-126.68,-138.4,0.419451434838716,0.95,0.950036894025216,21,0.9404,-0.0499826543280892,"Ajax|Total|3d"
33,"Ajax","7d","Total",-5,-163.01,-161.78,0.536366230514477,0.92,0.919304663274675,24,0.4749,0.323957202984033,"Ajax|Total|7d"
34,"Pickering","1d","Elementary",-4,-87.03,-86.07,1.89706112968427,0.31,0.305335049732713,18,0.2432,0.346413924968425,"Pickering|Elementary|1d"
34,"Ajax","3d","Elementary",0,-98.05,-100.5,0.786738365666518,0.82,0.822939901041446,17,0.0514,0.138090573608636,"Ajax|Elementary|3d"
34,"Ajax","5d","Elementary",1,-161.51,-160.27,0.318997577882978,0.95,0.952079308816486,20,0.6506,0.311784509772497,"Ajax|Elementary|5d"
34,"Pickering","1d","Secondary",0,-145.55,-143.14,1.02163199416429,0.07,0.0692189555871316,24,0.6804,0.366617608117681,"Pickering|Secondary|1d"
34,"Ajax","3d","Secondary",-1,-110,-120.49,0.310975248431122,0.88,0.879079868385614,16,0.2772,-0.281260558928368,"Ajax|Secondary|3d"
34,"Ajax","5d","Secondary",1,-148.38,-157.62,0.234087320588631,0.96,0.957856914813236,20,0.7538,-0.132402239330261,"Ajax|Secondary|5d"
34,"Ajax","7d","Secondary",-2,-264.74,-256.9,0.491411066670422,0.68,0.684083706302348,37,0.5508,0.387352452557725,"Ajax|Secondary|7d"
34,"Pickering","1d","Total",3,-91.12,-89.88,1.86255934656012,0.13,0.126702406915009,19,0.9164,0.290200533076172,"Pickering|Total|1d"
34,"Ajax","3d","Total",0,-101.75,-106.96,0.598869000508501,0.84,0.841263615691709,17,0.0531,0.00846924990160629,"Ajax|Total|3d"
34,"Ajax","5d","Total",-1,-169.74,-169.92,0.218067031636471,0.97,0.974948386101054,20,0.9236,0.0457367019707136,"Ajax|Total|5d"
35,"Pickering","1d","Elementary",-7,-98.29,-96.98,1.65849997732562,0.45,0.448340406164657,21,0.6368,0.392899466430782,"Pickering|Elementary|1d"
35,"Ajax","1d","Elementary",1,-66.92,-71.94,1.39213148567448,0.68,0.675144726290689,15,0.1417,0.0928827047892342,"Ajax|Elementary|1d"
35,"Ajax","3d","Elementary",-5,-198.33,-192.95,0.772027958787646,0.88,0.879693725750945,32,0.8003,0.385283821442038,"Ajax|Elementary|3d"
35,"Ajax","5d","Elementary",-7,-161.88,-159.8,0.50779348003982,0.89,0.894625642050059,23,0.8169,-0.0618392201753152,"Ajax|Elementary|5d"
35,"Ajax","7d","Elementary",-6,-142.7,-142.46,0.797395399563706,0.75,0.751796884234438,25,0.4154,0.376410084487565,"Ajax|Elementary|7d"
35,"Pickering","1d","Secondary",1,-174.73,-170.97,0.851343728872644,0.49,0.485625263789695,28,0.4125,0.0394486588355821,"Pickering|Secondary|1d"
35,"Ajax","1d","Secondary",-6,-78.46,-84.2,0.572373265114816,0.76,0.760168263183711,13,0.9173,-0.107816776438903,"Ajax|Secondary|1d"
35,"Ajax","3d","Secondary",0,-245.77,-239.94,0.432834290791355,0.89,0.891364830333705,34,0.9457,0.129635516350057,"Ajax|Secondary|3d"
35,"Ajax","5d","Secondary",2,-188.56,-186.25,0.304761333852398,0.85,0.852933506813985,23,0.4383,0.381354513952012,"Ajax|Secondary|5d"
35,"Ajax","7d","Secondary",-1,-241.15,-236.88,0.318002990600336,0.78,0.779847924078525,29,0.0606,0.333370453580092,"Ajax|Secondary|7d"
35,"Pickering","1d","Total",2,-106.36,-106.63,1.12222150930878,0.66,0.658221086863003,20,0.7647,0.222372628776944,"Pickering|Total|1d"
35,"Ajax","1d","Total",1,-83.63,-89.69,0.72687814416953,0.85,0.854667851123289,15,0.2959,-0.0398337597867672,"Ajax|Total|1d"
35,"Ajax","3d","Total",-4,-190.03,-184.44,0.918700721023345,0.76,0.758759568879822,32,0.4884,0.385215091095401,"Ajax|Total|3d"
35,"Ajax","5d","Total",1,-167.79,-165.64,0.470037305789861,0.88,0.878552842189071,23,0.1865,0.0574024278495057,"Ajax|Total|5d"
35,"Ajax","7d","Total",-6,-152.48,-152.43,0.650448431753577,0.76,0.759079835138451,25,0.473,0.382683048984017,"Ajax|Total|7d"
36,"Pickering","1d","Elementary",7,-103.91,-102.24,1.63646883905871,0.56,0.556409445198768,22,0.5485,0.322714944485158,"Pickering|Elementary|1d"
36,"Ajax","3d","Elementary",6,-173.24,-168.52,1.01310716479799,0.85,0.852014118144802,30,0.8917,0.372509923047756,"Ajax|Elementary|3d"
36,"Ajax","7d","Elementary",-3,-327.32,-308.9,0.888753152382831,0.83,0.834890339242027,56,0.2541,0.366366681836952,"Ajax|Elementary|7d"
36,"Pickering","1d","Secondary",0,-155.9,-153.44,0.735249992706131,0.55,0.550080817584819,24,0.118,0.197225443029193,"Pickering|Secondary|1d"
36,"Ajax","3d","Secondary",7,-180.74,-176.95,0.82768849316515,0.82,0.820627622780436,30,0.2255,0.153649311196838,"Ajax|Secondary|3d"
36,"Ajax","7d","Secondary",1,-397.06,-380.23,0.52870816328993,0.83,0.832770372913442,56,0.1392,0.370438898061089,"Ajax|Secondary|7d"
36,"Pickering","1d","Total",3,-89.64,-89.33,1.64807786521814,0.34,0.340911945832991,19,0.5147,0.398530401939304,"Pickering|Total|1d"
36,"Ajax","3d","Total",5,-177.83,-173.18,0.909709955647044,0.85,0.849187912462801,30,0.4186,0.297144459197239,"Ajax|Total|3d"
36,"Ajax","7d","Total",-3,-349.29,-331.01,0.740582716722687,0.83,0.827287023965996,56,0.4113,0.396539162484957,"Ajax|Total|7d"
37,"Pickering","1d","Elementary",7,-108.1,-111.91,0.962761446205404,0.87,0.872974443468823,21,0.9859,0.222836734368748,"Pickering|Elementary|1d"
37,"Ajax","1d","Elementary",1,-65.94,-65.61,2.3936186186588,0.36,0.359736011655074,16,0.2059,0.264606078560547,"Ajax|Elementary|1d"
37,"Ajax","3d","Elementary",7,-112.58,-138.19,0.501530220786365,0.96,0.964026573544079,24,0.5221,0.00384238155412435,"Ajax|Elementary|3d"
37,"Pickering","1d","Secondary",1,-163.77,-159.77,0.934837892623317,0.39,0.385509598598217,28,0.4328,0.387538444593839,"Pickering|Secondary|1d"
37,"Ajax","1d","Secondary",7,-62.64,-67.29,0.963919570370036,0.7,0.703641272960267,12,0.8616,-0.0581509373293005,"Ajax|Secondary|1d"
37,"Ajax","3d","Secondary",0,-162.82,-159.92,0.786538004830101,0.49,0.488835452342981,25,0.1285,0.273487774383426,"Ajax|Secondary|3d"
37,"Ajax","5d","Secondary",2,-375.55,-360.76,0.384686910139847,0.93,0.927780955129058,50,0.8392,0.37207304427115,"Ajax|Secondary|5d"
37,"Ajax","7d","Secondary",5,-381.48,-365.12,0.533238607462905,0.88,0.883135154518851,54,0.0851,0.237385440613604,"Ajax|Secondary|7d"
37,"Pickering","1d","Total",7,-109.29,-114.32,0.856028184088928,0.81,0.809578946633051,21,0.7565,0.240789402163301,"Pickering|Total|1d"
37,"Ajax","1d","Total",-4,-57.19,-58.43,1.78687613240899,0.15,0.149582615715416,13,0.2985,0.329580525007495,"Ajax|Total|1d"
37,"Ajax","3d","Total",5,-139.58,-143.86,0.71031261229476,0.89,0.894545108415402,25,0.3822,0.356138293376189,"Ajax|Total|3d"
37,"Ajax","5d","Total",-3,-323.01,-308.47,0.693813708616418,0.88,0.879248673367501,50,0.3743,0.3561608462841,"Ajax|Total|5d"
38,"Pickering","1d","Elementary",-6,-97.98,-95.66,2.13362049941067,0.35,0.348630300771663,23,0.09,0.37476459877438,"Pickering|Elementary|1d"
38,"Ajax","3d","Elementary",5,-134.91,-132.83,1.03337931346788,0.79,0.788922689762491,25,0.2073,0.337671979421066,"Ajax|Elementary|3d"
38,"Ajax","7d","Elementary",0,-216.05,-211.54,0.489718724907543,0.94,0.942016270630193,31,0.2092,0.0844826637590465,"Ajax|Elementary|7d"
38,"Pickering","1d","Secondary",1,-170.59,-166.87,1.0483403240416,0.21,0.212564169010585,29,0.2021,0.359239499388712,"Pickering|Secondary|1d"
38,"Ajax","1d","Secondary",1,-43.09,-52.49,1.28193266986284,0.66,0.662283867639049,12,0.0853,-0.157145093081992,"Ajax|Secondary|1d"
38,"Ajax","3d","Secondary",7,-153.36,-152.09,0.716125818617669,0.81,0.805821449885263,25,0.7586,0.264565692872353,"Ajax|Secondary|3d"
38,"Ajax","7d","Secondary",-2,-258.57,-253.39,0.298232877599155,0.92,0.916960282728435,31,0.1594,0.15005869370326,"Ajax|Secondary|7d"
38,"Pickering","1d","Total",-6,-111.59,-109.27,1.65494077919044,0.41,0.409619832862736,23,0.2324,0.336810018140301,"Pickering|Total|1d"
38,"Ajax","7d","Total",5,-230.78,-227.73,0.346583197858112,0.96,0.960874780545042,31,0.8838,-0.0232891184348541,"Ajax|Total|7d"
39,"Pickering","1d","Elementary",-5,-72.11,-71.45,2.22003496754533,0.32,0.316471823057028,17,0.2953,0.272369921627636,"Pickering|Elementary|1d"
39,"Ajax","3d","Elementary",-2,-80.92,-102.82,0.333994161114192,0.97,0.969695783185238,15,0.443,0.00892947736719674,"Ajax|Elementary|3d"
39,"Pickering","1d","Secondary",1,-163.41,-160.81,1.1334484618245,0.02,0.0234838038332923,28,0.2306,0.399144563665028,"Pickering|Secondary|1d"
39,"Ajax","3d","Secondary",0,-124.51,-130.51,0.177694211663639,0.76,0.762540248256898,15,0.6847,-0.323244334949238,"Ajax|Secondary|3d"
39,"Pickering","1d","Total",-5,-83.18,-82.52,1.59545832265035,0.29,0.286479236861863,17,0.3956,0.297443954066916,"Pickering|Total|1d"
39,"Ajax","3d","Total",-2,-106.43,-117.28,0.247954154854861,0.97,0.97363288568361,15,0.2315,-0.207019915537982,"Ajax|Total|3d"
40,"Pickering","1d","Elementary",-1,-92.5,-91.02,1.90731389365308,0.13,0.134524129125273,20,0.1246,0.294034801545951,"Pickering|Elementary|1d"
40,"Ajax","1d","Elementary",1,-56.48,-59.31,1.80175338759577,0.45,0.446532185228288,14,0.3562,0.219919056629278,"Ajax|Elementary|1d"
40,"Ajax","5d","Elementary",-4,-242.4,-232.86,0.831938319256022,0.88,0.879620823191221,42,0.9274,0.39147279391436,"Ajax|Elementary|5d"
40,"Ajax","7d","Elementary",1,-190.09,-195.89,0.239271861207986,0.99,0.987659167858057,25,0.6545,-0.00742316481068064,"Ajax|Elementary|7d"
40,"Pickering","1d","Secondary",-6,-132.81,-130.51,1.05457186310741,0.2,0.204739404775491,23,0.1699,0.26537886816402,"Pickering|Secondary|1d"
40,"Ajax","1d","Secondary",1,-63.23,-65.05,1.50937340885923,0.63,0.631337894069978,14,0.9963,-0.177921254564532,"Ajax|Secondary|1d"
40,"Ajax","5d","Secondary",2,-307.75,-297.76,0.413919115061692,0.9,0.900016940430151,42,0.6021,0.311705985511109,"Ajax|Secondary|5d"
40,"Ajax","7d","Secondary",-2,-234.09,-240.16,0.0973849995757391,0.97,0.9720245734435,25,0.7082,-0.163504219029809,"Ajax|Secondary|7d"
40,"Pickering","1d","Total",2,-99.1,-100.1,1.22305119862259,0.55,0.550341863412949,20,0.4635,0.365471181785421,"Pickering|Total|1d"
40,"Ajax","1d","Total",1,-62.75,-64.86,1.52883914378448,0.41,0.411216952975348,14,0.2919,0.162360350552465,"Ajax|Total|1d"
40,"Ajax","7d","Total",1,-195.12,-201.22,0.218628761130964,0.98,0.984942710051629,25,0.7381,0.00098713574605601,"Ajax|Total|7d"
41,"Pickering","1d","Elementary",1,-135.45,-132.2,1.38526901837031,0.67,0.672741601730097,26,0.0893,0.275012274497352,"Pickering|Elementary|1d"
41,"Ajax","1d","Elementary",1,-74.59,-75.85,1.98016442654493,0.44,0.441599567859274,18,0.5379,0.30439701599792,"Ajax|Elementary|1d"
41,"Ajax","3d","Elementary",-7,-138.09,-135.6,1.01138733282307,0.85,0.850482112459269,24,0.7768,0.166428557001136,"Ajax|Elementary|3d"
41,"Ajax","7d","Elementary",-7,-103.38,-107.49,0.701832016836336,0.93,0.928107311000127,18,0.8925,-0.118744553690804,"Ajax|Elementary|7d"
41,"Pickering","1d","Secondary",1,-165.03,-161.46,1.02674085087001,0.25,0.247454638864948,28,0.3729,0.275058715086613,"Pickering|Secondary|1d"
41,"Ajax","1d","Secondary",-6,-89.5,-90.95,0.934714291284213,0.44,0.438849827629799,16,0.6573,0.240178162199992,"Ajax|Secondary|1d"
41,"Ajax","3d","Secondary",-2,-155.08,-153.72,0.651069382638855,0.88,0.87804870157919,24,0.1194,0.309366354034607,"Ajax|Secondary|3d"
41,"Ajax","7d","Secondary",-5,-137.1,-140.94,0.276674568098116,0.95,0.948643605788392,18,0.3374,-0.328248958615318,"Ajax|Secondary|7d"
41,"Pickering","1d","Total",1,-144.01,-140.86,1.15138386256933,0.62,0.619577232228906,26,0.0676,0.376828961181225,"Pickering|Total|1d"
41,"Ajax","1d","Total",1,-86.23,-88.15,1.32772842518644,0.61,0.608015135215338,18,0.9118,0.134875503636196,"Ajax|Total|1d"
41,"Ajax","3d","Total",2,-149.13,-152.75,0.518592257048653,0.93,0.933957699979116,24,0.8834,0.180356087382547,"Ajax|Total|3d"
41,"Ajax","7d","Total",-6,-111.85,-116.27,0.530544127231378,0.94,0.943220993943979,18,0.1163,-0.189561518730232,"Ajax|Total|7d"
42,"Pickering","1d","Elementary",7,-102.53,-100.82,1.72745164618796,0.52,0.520828087640892,22,0.6539,0.111214378180598,"Pickering|Elementary|1d"
42,"Ajax","1d","Elementary",1,-91.26,-90.73,1.50616511381329,0.75,0.75342804054347,18,0.7789,0.364987142611738,"Ajax|Elementary|1d"
42,"Ajax","5d","Elementary",2,-161.82,-159.67,0.612336491810954,0.91,0.907854000776795,24,0.6232,-0.0618370598796647,"Ajax|Elementary|5d"
42,"Ajax","7d","Elementary",6,-122.47,-130.2,0.536038432068878,0.94,0.937640767287036,21,0.4519,0.312361813511638,"Ajax|Elementary|7d"
42,"Pickering","1d","Secondary",7,-141.17,-141.36,0.684231423263848,0.68,0.684397173164097,23,0.0892,0.208871960313219,"Pickering|Secondary|1d"
42,"Ajax","1d","Secondary",1,-104.73,-109.5,0.747056114688256,0.94,0.943763337299001,18,0.9971,0.346988259748577,"Ajax|Secondary|1d"
42,"Ajax","3d","Secondary",-6,-313.07,-301.09,0.617918021011121,0.81,0.809796172993631,46,0.6792,0.302703656506499,"Ajax|Secondary|3d"
42,"Ajax","5d","Secondary",1,-156.69,-155.33,0.678760143628948,0.65,0.65043830032763,24,0.6627,0.218352150752836,"Ajax|Secondary|5d"
42,"Ajax","7d","Secondary",0,-215.35,-212.11,0.296221695839813,0.95,0.948712142061863,26,0.1131,0.195964660723334,"Ajax|Secondary|7d"
42,"Pickering","1d","Total",7,-118.09,-116.44,1.18200101240416,0.59,0.592937722454894,22,0.4409,0.255739647946411,"Pickering|Total|1d"
42,"Ajax","1d","Total",1,-102.77,-103.27,0.963988979925184,0.85,0.84764941577854,18,0.6641,0.197612705194627,"Ajax|Total|1d"
42,"Ajax","5d","Total",2,-164.77,-163.26,0.542050998284405,0.89,0.893814877329119,24,0.3671,-0.0744013835578427,"Ajax|Total|5d"
42,"Ajax","7d","Total",5,-149.49,-152.13,0.460916828446726,0.94,0.937940170995685,23,0.93,0.365423451034206,"Ajax|Total|7d"
43,"Pickering","1d","Elementary",-4,-91.1,-93.16,1.20886561588415,0.72,0.718697000403449,18,0.4886,0.259917146219455,"Pickering|Elementary|1d"
43,"Ajax","1d","Elementary",1,-57.81,-63.06,1.36294153149711,0.66,0.65650866502186,13,0.8285,0.139676580940715,"Ajax|Elementary|1d"
43,"Ajax","7d","Elementary",-7,-162.93,-159.19,1.00041916396262,0.78,0.778266572040376,29,0.9574,0.390682622414348,"Ajax|Elementary|7d"
43,"Pickering","1d","Secondary",-5,-110.03,-110.05,0.883313880372759,0.29,0.294066136570239,19,0.704,0.362296861135469,"Pickering|Secondary|1d"
43,"Ajax","1d","Secondary",1,-76.55,-87.98,0.413735619162242,0.93,0.928214345728646,13,0.6617,0.0182097945387235,"Ajax|Secondary|1d"
43,"Ajax","3d","Secondary",5,-182.18,-179.93,0.966984375785285,0.81,0.813741853734711,36,0.9647,0.257488080730445,"Ajax|Secondary|3d"
43,"Ajax","7d","Secondary",-2,-257.6,-250.92,0.493765629368384,0.86,0.856944433122729,35,0.3537,0.395359596431121,"Ajax|Secondary|7d"
43,"Pickering","1d","Total",-4,-98.07,-100.06,1.0023653343149,0.7,0.702268604863272,18,0.4561,0.20679200996852,"Pickering|Total|1d"
43,"Ajax","1d","Total",1,-63.1,-70.62,0.975558856583145,0.75,0.752926725706425,13,0.8618,0.238775083436909,"Ajax|Total|1d"
43,"Ajax","7d","Total",-6,-195.26,-190.91,0.688235972221309,0.84,0.842094141761088,31,0.9771,0.378592617102556,"Ajax|Total|7d"
44,"Pickering","1d","Elementary",0,-99.31,-97.67,1.76032757773003,0.51,0.511059326802304,21,0.8013,0.310391043549938,"Pickering|Elementary|1d"
44,"Ajax","5d","Elementary",-7,-158.39,-173.04,0.171539922469518,0.99,0.990214896658821,21,0.2777,-0.395668414075547,"Ajax|Elementary|5d"
44,"Pickering","1d","Secondary",1,-160.8,-156.86,1.02958026149743,0.24,0.236233029694227,28,0.1455,0.298363015302911,"Pickering|Secondary|1d"
44,"Ajax","5d","Secondary",-2,-216.07,-213.97,0.253653367434273,0.92,0.918177629243175,26,0.0897,-0.0729254607639172,"Ajax|Secondary|5d"
44,"Pickering","1d","Total",-1,-95.86,-95.13,1.40222986924269,0.36,0.357490366187875,19,0.7717,0.396825776959944,"Pickering|Total|1d"
44,"Ajax","5d","Total",3,-182.55,-184.05,0.37727314754051,0.96,0.962621041512955,26,0.7425,-0.0382653395700353,"Ajax|Total|5d"
45,"Pickering","1d","Elementary",-4,-83.14,-86.55,1.12413211204318,0.73,0.725482385337527,17,0.7766,0.30623827323862,"Pickering|Elementary|1d"
45,"Ajax","5d","Elementary",1,-247.04,-240.58,0.617924857155312,0.96,0.959426913880639,40,0.3775,0.0429819040221226,"Ajax|Elementary|5d"
45,"Ajax","7d","Elementary",6,-223.22,-217.6,0.724036454512223,0.93,0.933844911467439,39,0.1774,0.376357023062698,"Ajax|Elementary|7d"
45,"Pickering","1d","Secondary",-6,-135.85,-133.68,1.02544943028438,0.25,0.249858437755781,23,0.2707,0.39986856051756,"Pickering|Secondary|1d"
45,"Pickering","5d","Secondary",-3,-532.85,-510.63,0.59833357793492,0.64,0.642768373885031,76,0.0813,0.356943905975197,"Pickering|Secondary|5d"
45,"Ajax","5d","Secondary",3,-270.03,-262.69,0.479177705730749,0.93,0.927981892508317,39,0.9053,0.282279386695884,"Ajax|Secondary|5d"
45,"Ajax","7d","Secondary",-1,-308.62,-297.69,0.547414222435497,0.88,0.878507997012175,44,0.2911,0.366088065672576,"Ajax|Secondary|7d"
45,"Pickering","1d","Total",-4,-88.79,-92.09,0.982258451291122,0.69,0.694396967615928,17,0.4376,0.282281524583072,"Pickering|Total|1d"
45,"Ajax","5d","Total",1,-272.85,-265.12,0.464770947441904,0.96,0.963010224288942,40,0.4637,-0.00922905067723329,"Ajax|Total|5d"
45,"Ajax","7d","Total",6,-241.47,-237.06,0.536033765670216,0.95,0.945063833699706,39,0.1435,0.338564435644227,"Ajax|Total|7d"
46,"Pickering","1d","Elementary",1,-120.07,-116.5,1.91921208334147,0.42,0.422640206803881,27,0.8749,0.345095861925374,"Pickering|Elementary|1d"
46,"Ajax","3d","Elementary",-3,-85.18,-100.15,0.440720434370042,0.91,0.907854551148218,15,0.9489,-0.206342188008121,"Ajax|Elementary|3d"
46,"Ajax","5d","Elementary",-7,-261.32,-253.55,0.535733582724683,0.95,0.946227785859721,37,0.4995,0.102861618478192,"Ajax|Elementary|5d"
46,"Pickering","1d","Secondary",1,-176.13,-171.77,0.810940431813041,0.52,0.516976536807312,29,0.1338,-0.000770951579948586,"Pickering|Secondary|1d"
46,"Ajax","3d","Secondary",-2,-114.63,-119.22,0.369145743475286,0.85,0.853519678450817,16,0.8925,-0.338950608863005,"Ajax|Secondary|3d"
46,"Ajax","5d","Secondary",-2,-326.35,-317.73,0.414694103769555,0.88,0.880741701927575,42,0.4096,0.367390308075178,"Ajax|Secondary|5d"
46,"Ajax","7d","Secondary",5,-316.5,-306.73,0.354235014431246,0.91,0.906927831353952,43,0.9282,0.385071372809784,"Ajax|Secondary|7d"
46,"Pickering","1d","Total",1,-134.26,-130.7,1.50693721648213,0.44,0.438374037518706,27,0.9854,0.377769131571871,"Pickering|Total|1d"
46,"Ajax","3d","Total",-4,-106.99,-110.38,0.375940191531108,0.93,0.926587311571985,15,0.3424,-0.050049202497058,"Ajax|Total|3d"
46,"Ajax","5d","Total",-7,-281.59,-273.82,0.403275815533771,0.96,0.955408420643676,37,0.9868,-0.0125547204931093,"Ajax|Total|5d"
47,"Pickering","1d","Elementary",1,-116.39,-116.09,1.45141041192727,0.67,0.667416616004403,26,0.7568,0.34911662062421,"Pickering|Elementary|1d"
47,"Ajax","1d","Elementary",1,-68.77,-68.11,2.58506696766984,0.36,0.362073022482407,17,0.3479,0.387241008606803,"Ajax|Elementary|1d"
47,"Ajax","3d","Elementary",-1,-114.21,-115.65,0.989049044196386,0.76,0.759590641112563,21,0.1884,0.236965277528567,"Ajax|Elementary|3d"
47,"Ajax","7d","Elementary",-2,-170.07,-169.94,0.34527851420169,0.93,0.932146995433143,23,0.8268,-0.111261668653562,"Ajax|Elementary|7d"
47,"Pickering","1d","Secondary",-6,-133.7,-132.27,0.847701833474993,0.45,0.452682008075758,23,0.2139,0.23399794078513,"Pickering|Secondary|1d"
47,"Ajax","1d","Secondary",0,-75.21,-78.89,1.03867808340638,0.48,0.484683151031516,15,0.3819,0.301817542627908,"Ajax|Secondary|1d"
47,"Ajax","3d","Secondary",-3,-113.75,-115.95,0.843923165679969,0.73,0.726615924439988,20,0.8565,0.302194638008429,"Ajax|Secondary|3d"
47,"Ajax","7d","Secondary",5,-177.92,-177.14,0.191063207931971,0.65,0.648969703457424,20,0.1387,0.32488034347433,"Ajax|Secondary|7d"
47,"Pickering","1d","Total",-6,-101.58,-100.65,1.66096401040092,0.5,0.496486386365787,22,0.9453,0.259675442289716,"Pickering|Total|1d"
47,"Ajax","1d","Total",1,-72.66,-73.18,1.93081297985779,0.46,0.455372425736054,17,0.5428,0.349441285315633,"Ajax|Total|1d"
47,"Ajax","3d","Total",-1,-124.3,-127.08,0.687908593614024,0.83,0.832775809123336,21,0.1243,0.294809694165688,"Ajax|Total|3d"
47,"Ajax","7d","Total",-1,-173.29,-174.16,0.304478678303192,0.94,0.938627857547883,23,0.6528,-0.0610904454914019,"Ajax|Total|7d"
48,"Pickering","1d","Elementary",1,-125.06,-122.31,1.97956481418544,0.43,0.429511679924888,26,0.5716,0.295147194622248,"Pickering|Elementary|1d"
48,"Ajax","1d","Elementary",-7,-49.52,-64.87,1.00669201076413,0.86,0.856354750532888,13,0.5918,0.154104622944845,"Ajax|Elementary|1d"
48,"Ajax","5d","Elementary",7,-289.1,-270.73,1.19428586337664,0.84,0.842284972506047,56,0.5353,0.397203724012785,"Ajax|Elementary|5d"
48,"Pickering","1d","Secondary",1,-172.83,-169.88,0.735279678535282,0.65,0.651366167586778,28,0.2161,0.257055801362552,"Pickering|Secondary|1d"
48,"Ajax","1d","Secondary",-6,-89.1,-89.55,1.0311998129853,0.44,0.436297802698708,16,0.3098,0.303018450397941,"Ajax|Secondary|1d"
48,"Pickering","1d","Total",1,-136.34,-133.27,1.56084008281573,0.43,0.425016930505895,26,0.1216,0.370724785908119,"Pickering|Total|1d"
48,"Ajax","1d","Total",-7,-54.82,-75.73,0.633046569366891,0.9,0.89673560453588,13,0.2319,0.0351169399759788,"Ajax|Total|1d"
49,"Pickering","1d","Elementary",1,-119.2,-115.59,2.01114730270393,0.39,0.387029849723316,27,0.7045,0.364301267221127,"Pickering|Elementary|1d"
49,"Ajax","3d","Elementary",-5,-193.8,-186.59,1.11730884136564,0.73,0.731929757037751,36,0.867,0.398715607639842,"Ajax|Elementary|3d"
49,"Ajax","5d","Elementary",-7,-189.11,-186.78,0.665149470114902,0.9,0.895766208885363,31,0.5938,0.36868370785537,"Ajax|Elementary|5d"
49,"Pickering","1d","Secondary",1,-172,-168.19,0.810321071161017,0.59,0.594173442806935,28,0.7789,0.385684942931168,"Pickering|Secondary|1d"
49,"Ajax","3d","Secondary",-5,-249.95,-243.53,0.48382101487383,0.9,0.896768498626988,36,0.3696,0.0304072068125632,"Ajax|Secondary|3d"
49,"Ajax","5d","Secondary",-1,-254.17,-247.16,0.463571143592861,0.78,0.776095886372543,36,0.6464,0.284225398133261,"Ajax|Secondary|5d"
49,"Pickering","1d","Total",1,-134.85,-131.22,1.5611471580058,0.42,0.42148901335143,27,0.9589,0.396199146836428,"Pickering|Total|1d"
49,"Ajax","3d","Total",-5,-215.02,-208.15,0.79716272408199,0.81,0.808284051006443,36,0.6937,0.329006248902918,"Ajax|Total|3d"
50,"Pickering","1d","Elementary",3,-84.73,-83.28,2.22653207280378,0.18,0.182961236015287,20,0.4488,0.279540259595488,"Pickering|Elementary|1d"
50,"Ajax","3d","Elementary",-2,-177.08,-172.34,0.981191187269118,0.8,0.797048065108814,32,0.5559,0.0917307913838609,"Ajax|Elementary|3d"
50,"Ajax","5d","Elementary",-7,-252.3,-244.95,0.611228037040199,0.94,0.937567683519078,41,0.3589,0.153909027526582,"Ajax|Elementary|5d"
50,"Ajax","7d","Elementary",0,-255.19,-245.41,1.16045429516933,0.85,0.847094707888524,45,0.8104,0.366385093263719,"Ajax|Elementary|7d"
50,"Pickering","1d","Secondary",-1,-140.23,-138.74,0.607126447396083,0.47,0.470601923338685,20,0.9971,0.257499230421799,"Pickering|Secondary|1d"
50,"Ajax","3d","Secondary",-6,-210.09,-205.91,0.497351321397402,0.78,0.783976237472266,30,0.7013,0.0985576741429143,"Ajax|Secondary|3d"
50,"Ajax","5d","Secondary",2,-301.2,-291.52,0.394329680679673,0.94,0.940837705717352,41,0.2238,0.0829717764735057,"Ajax|Secondary|5d"
50,"Ajax","7d","Secondary",-6,-318.35,-307.32,0.558693515875821,0.86,0.856623759848842,45,0.051,0.178219342004839,"Ajax|Secondary|7d"
50,"Pickering","1d","Total",3,-90.9,-89.78,1.75484468682555,0.21,0.208744727544454,19,0.9751,0.259703360635781,"Pickering|Total|1d"
50,"Ajax","3d","Total",-2,-190.27,-184.82,0.870711766679877,0.79,0.785990740056562,32,0.5406,0.131544665211954,"Ajax|Total|3d"
50,"Ajax","5d","Total",-7,-255.43,-247.04,0.616057260675686,0.9,0.899874065506474,41,0.6188,0.268555339846095,"Ajax|Total|5d"
50,"Ajax","7d","Total",0,-279.17,-269.21,0.893029418705587,0.87,0.865437025415171,45,0.6656,0.225675840217061,"Ajax|Total|7d"
51,"Pickering","1d","Elementary",6,-83.05,-81.57,2.33734934819977,0.14,0.136847674286938,20,0.2302,0.379315077444304,"Pickering|Elementary|1d"
51,"Ajax","3d","Elementary",5,-162.01,-157,1.28521184527144,0.71,0.70803637550827,31,0.6438,0.179970907800577,"Ajax|Elementary|3d"
51,"Ajax","5d","Elementary",-5,-119.29,-121.49,0.491259303656904,0.96,0.956621323978221,18,0.3595,0.00122430726190309,"Ajax|Elementary|5d"
51,"Pickering","1d","Secondary",0,-145.62,-143,0.934848524034826,0.21,0.209204199355204,24,0.547,0.373838936134315,"Pickering|Secondary|1d"
51,"Ajax","3d","Secondary",0,-210.83,-206.21,0.675844326895712,0.76,0.761187354040651,31,0.5182,0.293297003574937,"Ajax|Secondary|3d"
51,"Ajax","5d","Secondary",1,-167.4,-166.48,0.219770102896835,0.95,0.951744174094373,19,0.1889,0.239074114439623,"Ajax|Secondary|5d"
51,"Ajax","3d","Total",5,-176.33,-171.22,1.01535373556923,0.71,0.711148870823403,31,0.5106,0.363117824977908,"Ajax|Total|3d"
51,"Ajax","5d","Total",-5,-126.15,-128.34,0.418410231212629,0.95,0.953700374895158,18,0.4457,-0.0757045010682094,"Ajax|Total|5d"
52,"Pickering","1d","Elementary",-6,-98.75,-96.76,2.11026852687683,0.46,0.462646315279005,22,0.386,0.258871263974387,"Pickering|Elementary|1d"
52,"Ajax","3d","Elementary",7,-256.01,-244.85,1.25475637662484,0.83,0.829211434299152,47,0.3409,0.321305677995184,"Ajax|Elementary|3d"
52,"Ajax","7d","Elementary",0,-205.64,-204.44,0.245290968440581,0.98,0.980080242731988,25,0.3627,0.0382914270248723,"Ajax|Elementary|7d"
52,"Pickering","1d","Secondary",1,-170.81,-166.89,0.901973327985584,0.45,0.450714936207163,28,0.5644,0.108471470323123,"Pickering|Secondary|1d"
52,"Ajax","3d","Secondary",7,-289.17,-277.41,0.662007925519314,0.84,0.83704428868441,47,0.7686,0.338840456987568,"Ajax|Secondary|3d"
52,"Ajax","7d","Secondary",-2,-261.4,-265.74,0.0596249202664049,0.99,0.990039229825089,25,0.4691,0.243237878798225,"Ajax|Secondary|7d"
52,"Pickering","1d","Total",-6,-108.88,-106.85,1.65763266286697,0.47,0.474847357711839,22,0.7177,0.33468248880696,"Pickering|Total|1d"
52,"Ajax","3d","Total",7,-274.61,-262.93,0.971670575834884,0.83,0.829487447864612,47,0.1219,0.26593235079978,"Ajax|Total|3d"
52,"Ajax","7d","Total",0,-218.62,-217.59,0.187044260950855,0.98,0.98323227508227,25,0.2835,-0.00813501816362871,"Ajax|Total|7d"
53,"Pickering","1d","Elementary",-7,-98.18,-107.57,0.89266618285417,0.87,0.874650475837478,20,0.3046,0.199700583752899,"Pickering|Elementary|1d"
53,"Ajax","1d","Elementary",-6,-75.76,-75.16,2.17471827454026,0.33,0.333515285322464,18,0.5775,0.243949145576008,"Ajax|Elementary|1d"
53,"Ajax","5d","Elementary",2,-107.37,-109.26,0.343255613272021,0.93,0.926182317027174,14,0.7982,0.171455974153842,"Ajax|Elementary|5d"
53,"Ajax","7d","Elementary",1,-162.87,-161.05,0.6231175781578,0.87,0.86874049902623,25,0.6647,0.291226001177256,"Ajax|Elementary|7d"
53,"Pickering","1d","Secondary",-6,-135.99,-133.67,0.980899840602753,0.3,0.302716719262715,23,0.5715,0.235912002826264,"Pickering|Secondary|1d"
53,"Ajax","1d","Secondary",0,-75.66,-79.04,1.06105440046635,0.48,0.480679886526953,15,0.8959,0.326180845609993,"Ajax|Secondary|1d"
53,"Ajax","5d","Secondary",1,-145.21,-149.52,0.0727475980601376,0.96,0.962549136389802,14,0.9982,0.0552579332437172,"Ajax|Secondary|5d"
53,"Ajax","7d","Secondary",-4,-215.72,-212.81,0.256295201451967,0.81,0.812720371175251,25,0.607,0.311517735595863,"Ajax|Secondary|7d"
53,"Pickering","1d","Total",-6,-103.61,-101.65,1.87043146632433,0.38,0.378042807352176,22,0.1558,0.385420285292145,"Pickering|Total|1d"
53,"Ajax","1d","Total",-6,-82.5,-81.91,1.76030019545491,0.31,0.306712623540481,18,0.5387,0.313146295049496,"Ajax|Total|1d"
53,"Ajax","5d","Total",2,-113.3,-117.22,0.235797109081646,0.94,0.941179660097956,14,0.9053,0.184324419536595,"Ajax|Total|5d"
53,"Ajax","7d","Total",-1,-170.93,-168.24,0.583781459974798,0.82,0.817890040392022,25,0.7675,0.324678541006483,"Ajax|Total|7d"
54,"Pickering","1d","Elementary",1,-118.39,-115.1,1.96717273331359,0.44,0.437199840009467,26,0.8083,0.291061315794344,"Pickering|Elementary|1d"
54,"Ajax","1d","Elementary",-4,-73.9,-79.33,0.689612607413585,0.86,0.864522165411232,13,0.7899,-0.179812619179628,"Ajax|Elementary|1d"
54,"Ajax","3d","Elementary",7,-253.8,-244.01,1.28509567881145,0.84,0.844175941198389,46,0.404,0.363205515011204,"Ajax|Elementary|3d"
54,"Ajax","5d","Elementary",-3,-238.56,-231.45,0.666898765331971,0.89,0.89208581138003,36,0.7081,0.227293212177468,"Ajax|Elementary|5d"
54,"Ajax","7d","Elementary",-1,-144.5,-143.83,0.468210083589975,0.88,0.877621796588843,20,0.1217,0.267125413231497,"Ajax|Elementary|7d"
54,"Pickering","1d","Secondary",1,-160.59,-156.79,1.08623066209646,0.19,0.190534108266095,28,0.232,0.390543890568885,"Pickering|Secondary|1d"
54,"Ajax","1d","Secondary",-6,-104.95,-106.64,0.652771898816397,0.71,0.711094983095332,17,0.6194,-0.0231920456157988,"Ajax|Secondary|1d"
54,"Ajax","3d","Secondary",4,-300.74,-287.76,0.666296031173754,0.84,0.843449268238226,47,0.1021,0.325482351436201,"Ajax|Secondary|3d"
54,"Ajax","5d","Secondary",-4,-271,-263.71,0.404416544031615,0.82,0.816301790926492,36,0.2839,0.329127579534313,"Ajax|Secondary|5d"
54,"Pickering","1d","Total",1,-131.66,-128.37,1.55504368538535,0.45,0.446461405519386,26,0.8251,0.391119353975576,"Pickering|Total|1d"
54,"Ajax","1d","Total",-6,-80.11,-85.11,1.14907369419163,0.68,0.676864610905253,17,0.5971,0.106380767637536,"Ajax|Total|1d"
54,"Ajax","3d","Total",7,-288.45,-276.93,0.791315661271875,0.9,0.903094552263377,46,0.5421,0.333602059535034,"Ajax|Total|3d"
54,"Ajax","5d","Total",-4,-255.52,-248.59,0.537703979339232,0.91,0.905735672852258,36,0.155,0.344233485012026,"Ajax|Total|5d"
54,"Ajax","7d","Total",-1,-150.44,-149.4,0.427912284375005,0.85,0.846770383545568,20,0.1105,0.251704503982125,"Ajax|Total|7d"
55,"Pickering","1d","Elementary",-1,-90.95,-89.48,2.00866958810213,0.04,0.0427187588074194,20,0.1383,0.352385154904912,"Pickering|Elementary|1d"
55,"Ajax","3d","Elementary",1,-65.74,-71.4,1.37687711927729,0.75,0.751179019940238,15,0.5895,0.0205891409504821,"Ajax|Elementary|3d"
55,"Ajax","5d","Elementary",3,-90.85,-103.14,0.310050459196852,0.97,0.970586448442546,14,0.7666,-0.158083105647137,"Ajax|Elementary|5d"
55,"Ajax","7d","Elementary",-4,-171.78,-170.09,0.313626027697677,0.92,0.918358556541497,21,0.7704,0.0459878606631122,"Ajax|Elementary|7d"
55,"Pickering","1d","Secondary",2,-134.76,-132.74,0.891872058642354,0.32,0.322814265791358,22,0.5836,0.352263348825622,"Pickering|Secondary|1d"
55,"Ajax","3d","Secondary",1,-102.36,-102.41,0.631087816536248,0.51,0.510380968298688,15,0.2987,0.126193342909464,"Ajax|Secondary|3d"
55,"Ajax","5d","Secondary",-4,-111.87,-133.73,0.0908004163600009,0.96,0.960983144266883,14,0.6436,-0.213587280173306,"Ajax|Secondary|5d"
55,"Ajax","7d","Secondary",-5,-204.28,-204.42,0.0744542147165087,0.93,0.927395184267766,19,0.8576,-0.212447982131694,"Ajax|Secondary|7d"
55,"Pickering","1d","Total",3,-90.81,-89.57,1.88958083128963,0.1,0.100477481190509,19,0.9384,0.323508467389161,"Pickering|Total|1d"
55,"Ajax","3d","Total",1,-72.54,-78.05,1.10831582147474,0.73,0.725010980375629,15,0.7052,0.0478884204975226,"Ajax|Total|3d"
55,"Ajax","5d","Total",3,-93.93,-107.14,0.262919117892344,0.97,0.969751344078151,14,0.8927,-0.114913099448339,"Ajax|Total|5d"
55,"Ajax","7d","Total",-4,-180.33,-180.86,0.200235524790017,0.94,0.944461949390595,21,0.5572,0.0449758352681581,"Ajax|Total|7d"
56,"Pickering","1d","Elementary",-1,-94.38,-93.16,1.70700726735302,0.37,0.368720125725739,20,0.9939,0.142515353393374,"Pickering|Elementary|1d"
56,"Ajax","1d","Elementary",-6,-71.08,-71.15,2.16994591815772,0.37,0.374344748032701,17,0.9862,0.314827088729127,"Ajax|Elementary|1d"
56,"Ajax","3d","Elementary",0,-121.65,-119.06,1.40616069579179,0.55,0.547151484653927,24,0.3064,0.197995792911075,"Ajax|Elementary|3d"
56,"Ajax","5d","Elementary",0,-176.56,-176.38,0.295214427814764,0.97,0.965563979691796,22,0.8907,0.10480749077029,"Ajax|Elementary|5d"
56,"Ajax","7d","Elementary",6,-227.19,-221.79,0.585416245373735,0.95,0.953847890213756,35,0.2654,-0.0982524269195871,"Ajax|Elementary|7d"
56,"Pickering","1d","Secondary",-6,-132.75,-130.55,0.96481527606103,0.32,0.324389838860547,23,0.2804,0.221968966049567,"Pickering|Secondary|1d"
56,"Ajax","1d","Secondary",-6,-94.32,-104.02,0.571263417054641,0.83,0.827806469149113,17,0.2735,0.211477981025577,"Ajax|Secondary|1d"
56,"Ajax","3d","Secondary",-3,-133.54,-132.41,0.770536490796853,0.77,0.772487667934036,22,0.1921,0.256207142909216,"Ajax|Secondary|3d"
56,"Ajax","5d","Secondary",-7,-180.09,-179.21,0.294044791557846,0.98,0.976696494944966,22,0.059,-0.0710781293512127,"Ajax|Secondary|5d"
56,"Ajax","7d","Secondary",5,-270.27,-262.48,0.472599264704385,0.92,0.921771847714588,37,0.4667,0.148031055885264,"Ajax|Secondary|7d"
56,"Pickering","1d","Total",-1,-100.21,-99.32,1.30547014782113,0.35,0.354974510516397,19,0.9686,0.248469891777142,"Pickering|Total|1d"
56,"Ajax","1d","Total",-6,-79.19,-79.87,1.57671058893682,0.48,0.475306501086606,17,0.6695,0.317975227401381,"Ajax|Total|1d"
56,"Ajax","3d","Total",0,-131.65,-129.05,1.23377247140815,0.5,0.497055274650055,24,0.5295,0.237532792930742,"Ajax|Total|3d"
56,"Ajax","7d","Total",6,-240.51,-235.03,0.486204909568855,0.96,0.955243102866814,35,0.2764,-0.164913804503742,"Ajax|Total|7d"
57,"Pickering","1d","Elementary",-1,-93.61,-91.86,2.0694376258787,0.1,0.104394631832156,21,0.281,0.397210152496186,"Pickering|Elementary|1d"
57,"Ajax","1d","Elementary",-6,-72.97,-72.16,2.34521334651582,0.03,0.0261301786141931,17,0.306,0.257807087814452,"Ajax|Elementary|1d"
57,"Ajax","3d","Elementary",3,-85.54,-99.96,0.43465251609222,0.97,0.969904246476137,15,0.0679,-0.30120198789973,"Ajax|Elementary|3d"
57,"Pickering","1d","Secondary",2,-134.95,-132.93,0.892144618948498,0.31,0.30802902826042,22,0.4109,0.37454405516951,"Pickering|Secondary|1d"
57,"Ajax","1d","Secondary",-6,-92.19,-92.07,1.13801013376796,0.16,0.157300511706555,17,0.5259,0.336734187077992,"Ajax|Secondary|1d"
57,"Ajax","3d","Secondary",0,-118.48,-121.7,0.286282804031953,0.84,0.844981262841851,15,0.098,-0.177905185730808,"Ajax|Secondary|3d"
57,"Ajax","7d","Secondary",3,-417.12,-402.42,0.386082981828793,0.93,0.930589373240178,54,0.4268,0.322875972631096,"Ajax|Secondary|7d"
57,"Pickering","1d","Total",3,-91.27,-90.23,1.75319610929729,0.25,0.253924998791853,19,0.9643,0.141441635286141,"Pickering|Total|1d"
57,"Ajax","1d","Total",-6,-81.47,-80.66,1.85468765255794,0,2.85134378734289e-05,17,0.1268,0.289902339140929,"Ajax|Total|1d"
57,"Ajax","3d","Total",3,-94.78,-110.19,0.304201071803885,0.97,0.974490514493513,15,0.7108,-0.271007237913782,"Ajax|Total|3d"
58,"Pickering","1d","Elementary",3,-90.96,-89.79,1.99149410952189,0.49,0.485147213073761,20,0.9869,0.1922756611427,"Pickering|Elementary|1d"
58,"Ajax","1d","Elementary",-4,-76.57,-80.07,0.916924194944683,0.86,0.857419851651697,14,0.8287,-0.142218194341734,"Ajax|Elementary|1d"
58,"Ajax","3d","Elementary",-2,-112.05,-114.26,0.834304560671221,0.88,0.875011520322829,20,0.2461,-0.0121166693849205,"Ajax|Elementary|3d"
58,"Ajax","5d","Elementary",-6,-108.01,-113.65,0.177219572171089,0.97,0.966290757074666,13,0.6071,-0.251738607070395,"Ajax|Elementary|5d"
58,"Ajax","7d","Elementary",-3,-134.68,-143.95,0.17793091160834,0.96,0.96466022764577,17,0.1011,0.0022852543755227,"Ajax|Elementary|7d"
58,"Pickering","1d","Secondary",1,-162.79,-160.61,1.18225880920799,0,1.64301040433972e-05,28,0.3264,0.392892666598863,"Pickering|Secondary|1d"
58,"Ajax","1d","Secondary",-6,-90.39,-92.46,0.990233026930877,0.45,0.451138591037775,17,0.307,0.243840932880126,"Ajax|Secondary|1d"
58,"Ajax","3d","Secondary",7,-124.12,-123.93,0.625879829630205,0.71,0.71430107043775,19,0.7848,0.29999751052477,"Ajax|Secondary|3d"
58,"Ajax","5d","Secondary",-3,-120.44,-130.95,0.0834695394708563,0.97,0.965029954985907,13,0.2463,0.103389762014463,"Ajax|Secondary|5d"
58,"Ajax","7d","Secondary",-3,-203.06,-207.37,0.0315069760906423,0.79,0.78880034614825,17,0.6986,0.0725604370180108,"Ajax|Secondary|7d"
58,"Pickering","1d","Total",3,-97.67,-96.7,1.53429215583742,0.49,0.486678561163861,19,0.5614,0.346053517136638,"Pickering|Total|1d"
58,"Ajax","1d","Total",1,-94.03,-94.03,1.20272887167269,0.81,0.813049285477905,17,0.1087,0.0173838042088185,"Ajax|Total|1d"
58,"Ajax","3d","Total",-2,-117.54,-120.68,0.694173765988771,0.86,0.863886050203377,20,0.5927,0.0291076728181191,"Ajax|Total|3d"
58,"Ajax","5d","Total",-2,-115,-120.64,0.135806506360276,0.96,0.964291848859424,13,0.1902,-0.290217971827275,"Ajax|Total|5d"
58,"Ajax","7d","Total",-4,-156,-156.91,0.160433047589596,0.92,0.919852645054671,17,0.9624,-0.222061065538894,"Ajax|Total|7d"
59,"Pickering","1d","Elementary",-3,-69.03,-70.19,1.74383430195466,0.54,0.539260961472598,16,0.5783,0.179577012990575,"Pickering|Elementary|1d"
59,"Ajax","5d","Elementary",-6,-97.1,-110.81,0.166799586346981,0.95,0.948368243102978,13,0.8555,0.181066888211937,"Ajax|Elementary|5d"
59,"Ajax","7d","Elementary",-7,-227.16,-220.27,0.697405214355315,0.93,0.927791329223366,37,0.9199,0.285232135981849,"Ajax|Elementary|7d"
59,"Pickering","1d","Secondary",1,-170.28,-166.6,0.918868781479055,0.4,0.398153068467531,28,0.3048,0.206783632821445,"Pickering|Secondary|1d"
59,"Ajax","5d","Secondary",0,-131.06,-135.09,0.119552703025783,0.63,0.625786826113198,14,0.9323,0.0922180813043971,"Ajax|Secondary|5d"
59,"Ajax","7d","Secondary",0,-277.26,-269.88,0.387684543166623,0.95,0.949818374285733,37,0.2813,-0.115021995602263,"Ajax|Secondary|7d"
59,"Pickering","1d","Total",3,-94.59,-93.35,1.74822812920949,0.28,0.284406400080644,19,0.7783,0.282078061841284,"Pickering|Total|1d"
59,"Ajax","5d","Total",-6,-119.35,-129.94,0.0863465191699112,0.98,0.978077311049389,13,0.0919,-0.247729760265389,"Ajax|Total|5d"
59,"Ajax","7d","Total",1,-244.57,-237.56,0.571289850833592,0.94,0.942902175045343,37,0.486,0.148027017080121,"Ajax|Total|7d"
60,"Pickering","1d","Elementary",3,-79.94,-78.8,2.55822269771784,0,5.57525782777954e-05,19,0.4909,0.360454674805999,"Pickering|Elementary|1d"
60,"Ajax","1d","Elementary",-6,-49.9,-53.56,1.34787989329761,0.27,0.267306908558326,11,0.2081,0.326840182240766,"Ajax|Elementary|1d"
60,"Pickering","1d","Secondary",1,-160.02,-156.5,1.11656715308058,0.11,0.108317424730366,28,0.1786,0.392563509637272,"Pickering|Secondary|1d"
60,"Ajax","1d","Secondary",-6,-63.83,-71.4,0.54061569672832,0.61,0.612395448424685,11,0.9561,0.150713924490521,"Ajax|Secondary|1d"
60,"Ajax","3d","Secondary",-4,-299.64,-287.49,0.585733981527574,0.92,0.920040579714975,46,0.4659,0.123953631720577,"Ajax|Secondary|3d"
60,"Ajax","5d","Secondary",2,-362.11,-348.81,0.774529228259856,0.72,0.717757164956715,55,0.7123,0.37568346608838,"Ajax|Secondary|5d"
60,"Pickering","1d","Total",3,-85.16,-84.17,2.04311446043658,0,7.79196416991317e-05,18,0.3957,0.336961713069626,"Pickering|Total|1d"
60,"Ajax","1d","Total",-6,-53.86,-58.08,1.08074692844241,0.36,0.355619797524093,11,0.3697,0.263167128401298,"Ajax|Total|1d"
61,"Pickering","1d","Elementary",-6,-102.03,-105.7,1.23716032166646,0.81,0.814938889552925,22,0.5924,0.368903729632043,"Pickering|Elementary|1d"
61,"Ajax","7d","Elementary",-6,-319.84,-307.66,0.538884333399744,0.95,0.95202194764903,49,0.7068,0.373631312093508,"Ajax|Elementary|7d"
61,"Pickering","1d","Secondary",1,-162.76,-158.79,0.938173275861956,0.36,0.360338575236155,28,0.1189,0.178358408617044,"Pickering|Secondary|1d"
61,"Ajax","3d","Secondary",0,-201.15,-196.54,0.657618923248378,0.71,0.713951857909621,32,0.0741,0.315741587628264,"Ajax|Secondary|3d"
61,"Ajax","7d","Secondary",4,-387.14,-371.42,0.379890753615685,0.92,0.92057946359861,52,0.4224,0.282785086870232,"Ajax|Secondary|7d"
61,"Pickering","1d","Total",-6,-111.47,-114.98,1.03160779813299,0.79,0.791144813176085,22,0.1377,0.341135202680876,"Pickering|Total|1d"
61,"Ajax","7d","Total",-6,-328.16,-314.55,0.519374954255112,0.93,0.927462531769426,49,0.122,0.16922374791989,"Ajax|Total|7d"
62,"Pickering","1d","Elementary",1,-118.43,-114.79,2.04405535435506,0.34,0.343064745487954,27,0.3222,0.374459074876575,"Pickering|Elementary|1d"
62,"Ajax","1d","Elementary",-6,-78.04,-79.83,1.82301066292337,0.53,0.530619485296179,19,0.9684,0.209854440478195,"Ajax|Elementary|1d"
62,"Ajax","3d","Elementary",1,-123.58,-123.72,0.770222080072946,0.83,0.831372126038562,21,0.7796,0.359222966347696,"Ajax|Elementary|3d"
62,"Ajax","7d","Elementary",0,-270.9,-258.77,0.924449931919125,0.81,0.805167164726018,46,0.0766,0.340669262660031,"Ajax|Elementary|7d"
62,"Pickering","1d","Secondary",1,-166.34,-161.96,0.993603398201993,0.28,0.276950847121816,29,0.1536,0.268457973860979,"Pickering|Secondary|1d"
62,"Ajax","1d","Secondary",-6,-110.27,-111.86,0.748307044797744,0.68,0.677939280240949,19,0.6443,0.213494565990677,"Ajax|Secondary|1d"
62,"Ajax","3d","Secondary",6,-128.64,-135.14,0.311479939640659,0.87,0.870834256515143,18,0.7658,-0.316572739214937,"Ajax|Secondary|3d"
62,"Ajax","7d","Secondary",6,-308.04,-295.69,0.543851819434872,0.79,0.786608857515813,46,0.0648,0.395446229234637,"Ajax|Secondary|7d"
62,"Pickering","1d","Total",-6,-106.85,-106.32,1.49783406199941,0.57,0.570378079942835,23,0.4416,0.219939200348804,"Pickering|Total|1d"
62,"Ajax","1d","Total",-6,-88.88,-90.66,1.32793532871069,0.6,0.596413264134248,19,0.3953,0.193269683652508,"Ajax|Total|1d"
62,"Ajax","3d","Total",1,-129.11,-131.38,0.607010712056989,0.86,0.860749112377977,21,0.6288,0.264504844280883,"Ajax|Total|3d"
63,"Pickering","1d","Elementary",-1,-95.82,-94.16,1.91145847206617,0.29,0.285756464763177,21,0.5807,0.378012313113915,"Pickering|Elementary|1d"
63,"Pickering","1d","Secondary",0,-144.8,-142.87,0.827516315192193,0.39,0.385825241484936,24,0.9729,0.259395079584664,"Pickering|Secondary|1d"
63,"Ajax","5d","Secondary",3,-373.61,-359.78,0.685805221592127,0.77,0.767273388199721,55,0.4113,0.353570870184445,"Ajax|Secondary|5d"
63,"Pickering","1d","Total",-1,-100.3,-99.25,1.44937779698124,0.3,0.302342444406603,20,0.6986,0.397773298717711,"Pickering|Total|1d"
64,"Pickering","1d","Elementary",6,-98.4,-100.76,1.08450095363825,0.84,0.835547677348685,20,0.6426,0.300229879725879,"Pickering|Elementary|1d"
64,"Ajax","1d","Elementary",1,-73.64,-73.31,1.96244337692802,0.32,0.323426749824334,16,0.8925,0.290182973246058,"Ajax|Elementary|1d"
64,"Ajax","3d","Elementary",6,-198.08,-189.28,1.44201158444289,0.8,0.799809239147634,39,0.9596,0.306532231678443,"Ajax|Elementary|3d"
64,"Ajax","7d","Elementary",3,-310.35,-293.71,1.2181807681981,0.82,0.816850110910444,57,0.4019,0.356641158942435,"Ajax|Elementary|7d"
64,"Pickering","1d","Secondary",0,-150.19,-147.69,0.797873684746943,0.42,0.41718798737054,24,0.9151,0.0911680375677711,"Pickering|Secondary|1d"
64,"Ajax","1d","Secondary",7,-76.02,-78.67,0.787498680404262,0.66,0.661895556662958,13,0.7594,-0.0564184325728528,"Ajax|Secondary|1d"
64,"Ajax","5d","Secondary",2,-274.14,-264.04,0.697197017221317,0.7,0.702253045047028,42,0.2568,0.379847288682287,"Ajax|Secondary|5d"
64,"Ajax","7d","Secondary",7,-429.46,-411.64,0.32588059353968,0.95,0.946526762010329,55,0.3836,0.344999238651929,"Ajax|Secondary|7d"
64,"Pickering","1d","Total",3,-99.45,-100.88,0.946748139959995,0.7,0.702645088415701,18,0.8525,-0.0288974056956284,"Pickering|Total|1d"
64,"Ajax","1d","Total",1,-80.97,-80.99,1.45011108169845,0.44,0.436639078174986,16,0.2348,0.195886103696945,"Ajax|Total|1d"
64,"Ajax","3d","Total",4,-234.9,-225.79,0.884484684794022,0.89,0.891356911035396,40,0.6336,0.31323696146236,"Ajax|Total|3d"
64,"Ajax","5d","Total",7,-272.7,-266.14,0.488182073491494,0.9,0.901700716422049,42,0.8671,0.256426443396765,"Ajax|Total|5d"
64,"Ajax","7d","Total",1,-348.4,-332.07,0.896016100148243,0.81,0.8108673229339,58,0.0725,0.358191865744732,"Ajax|Total|7d"
65,"Pickering","1d","Elementary",7,-103.5,-102.31,1.5798997138542,0.6,0.599888759248914,22,0.3184,0.37851434173743,"Pickering|Elementary|1d"
65,"Pickering","1d","Secondary",-6,-150.76,-148.13,0.834566337598756,0.55,0.549857020972068,24,0.9949,0.188061022348315,"Pickering|Secondary|1d"
65,"Ajax","7d","Secondary",1,-290.97,-283.23,0.534592288178916,0.68,0.678224955058273,40,0.8676,0.258379694238803,"Ajax|Secondary|7d"
65,"Pickering","1d","Total",0,-113.7,-112.37,1.25209316158076,0.49,0.490013105910075,22,0.7336,0.380818128166788,"Pickering|Total|1d"
66,"Pickering","1d","Elementary",-7,-101.63,-100.05,1.68374965217435,0.48,0.483980525079181,21,0.1449,0.316967252484787,"Pickering|Elementary|1d"
66,"Ajax","1d","Elementary",-6,-43.25,-50.34,1.68118628002523,0.67,0.666047089769451,12,0.1384,0.182271649046404,"Ajax|Elementary|1d"
66,"Ajax","3d","Elementary",-1,-152.71,-149.13,1.02832857319237,0.75,0.74926165011126,27,0.7119,0.272740600060321,"Ajax|Elementary|3d"
66,"Pickering","1d","Secondary",0,-150.84,-148.21,0.852640105920321,0.36,0.36364598483661,24,0.0611,0.128956985224031,"Pickering|Secondary|1d"
66,"Ajax","1d","Secondary",1,-51.46,-58.69,1.24394209459757,0.64,0.6368611200888,12,0.9964,0.156180526915373,"Ajax|Secondary|1d"
66,"Ajax","3d","Secondary",7,-156.13,-155.74,0.576809727568618,0.82,0.820790136122625,24,0.7709,0.164425076269848,"Ajax|Secondary|3d"
66,"Pickering","1d","Total",-1,-102.98,-101.49,1.54392382335851,0.21,0.205175427870293,20,0.5719,0.324579320158183,"Pickering|Total|1d"
66,"Ajax","3d","Total",3,-154.75,-153.57,0.712571303595146,0.86,0.856219302862474,26,0.3734,0.268277561788461,"Ajax|Total|3d"
67,"Pickering","1d","Elementary",7,-99.23,-98.75,1.53119356459089,0.58,0.575405190962586,22,0.4217,0.30243202740139,"Pickering|Elementary|1d"
67,"Ajax","3d","Elementary",0,-153.51,-150.42,1.06911973126761,0.78,0.78094821574294,29,0.4024,0.173965059552345,"Ajax|Elementary|3d"
67,"Ajax","5d","Elementary",-7,-295.53,-279.6,1.01042999286319,0.84,0.842619950253858,52,0.6901,0.187323119729912,"Ajax|Elementary|5d"
67,"Pickering","1d","Secondary",1,-168.37,-165.39,1.13815303770334,0.06,0.0599920901923352,29,0.1899,0.349177491585977,"Pickering|Secondary|1d"
67,"Ajax","3d","Secondary",-6,-177.66,-174.51,0.616449317653805,0.67,0.668969390687132,26,0.1836,0.1944988328628,"Ajax|Secondary|3d"
67,"Pickering","1d","Total",-4,-92.9,-91.94,1.58717536598358,0.23,0.225640751184356,18,0.3873,0.358285002388547,"Pickering|Total|1d"
67,"Ajax","3d","Total",-5,-162.49,-158.86,0.973543842650289,0.68,0.682844233926742,27,0.8258,0.37145528976283,"Ajax|Total|3d"
67,"Ajax","5d","Total",-5,-334.08,-318.47,0.729670623803523,0.89,0.893488910943445,52,0.8373,0.331586961109946,"Ajax|Total|5d"
68,"Pickering","1d","Elementary",0,-87.86,-86.97,2.09296553787943,0.32,0.321602427030537,21,0.8987,0.326554281562464,"Pickering|Elementary|1d"
68,"Ajax","1d","Elementary",-6,-70.58,-69.89,2.44488523836662,0.15,0.154264499091655,17,0.2313,0.338039756017567,"Ajax|Elementary|1d"
68,"Ajax","3d","Elementary",-1,-142.24,-139.25,1.2322600365761,0.81,0.805384143037221,28,0.3739,0.376799618409568,"Ajax|Elementary|3d"
68,"Pickering","1d","Secondary",0,-140.64,-141.37,0.670202929080044,0.57,0.570170096416926,23,0.9424,0.253206560471661,"Pickering|Secondary|1d"
68,"Ajax","1d","Secondary",0,-72.09,-75.32,1.02093382017785,0.53,0.527443603856722,14,0.9565,0.0682678324778817,"Ajax|Secondary|1d"
68,"Ajax","3d","Secondary",5,-174.22,-171.31,0.576819880770027,0.89,0.887938566550024,25,0.5168,0.0771279556763364,"Ajax|Secondary|3d"
68,"Pickering","1d","Total",0,-103.75,-103.67,1.32281396375652,0.48,0.479846921379609,21,0.6692,0.372950542238087,"Pickering|Total|1d"
68,"Ajax","1d","Total",-6,-77.74,-77.29,1.85935391087693,0.22,0.219435667073458,17,0.0642,0.328712045311012,"Ajax|Total|1d"
68,"Ajax","3d","Total",4,-137.59,-134.38,1.35191042655816,0.67,0.674884395639041,26,0.2168,0.31842914148269,"Ajax|Total|3d"
69,"Ajax","1d","Elementary",1,-74.8,-74.14,2.11508335644484,0.48,0.478316032716455,17,0.9207,0.296654379272969,"Ajax|Elementary|1d"
69,"Ajax","5d","Elementary",-1,-142.42,-149.21,0.249260206783638,0.98,0.978222302468405,19,0.8164,0.315366669621315,"Ajax|Elementary|5d"
69,"Pickering","1d","Secondary",1,-163.91,-160.43,1.08634604193115,0.18,0.184654201086458,28,0.9085,0.262157490451323,"Pickering|Secondary|1d"
69,"Ajax","1d","Secondary",0,-72.57,-73.38,1.24175054957682,0.24,0.243537648851655,14,0.9923,0.234717826828065,"Ajax|Secondary|1d"
69,"Ajax","3d","Secondary",-3,-123.35,-122.22,1.02549003977904,0.63,0.629212352461276,22,0.805,0.349251636153844,"Ajax|Secondary|3d"
69,"Ajax","5d","Secondary",-1,-169.37,-172.76,0.146771523647992,0.95,0.947326219858262,19,0.1651,0.118320792505405,"Ajax|Secondary|5d"
69,"Pickering","1d","Total",-4,-85.27,-84.8,1.64781159622375,0.17,0.168861384058622,17,0.4921,0.368835465700328,"Pickering|Total|1d"
69,"Ajax","1d","Total",1,-83.17,-82.52,1.60693828420136,0.52,0.519335123918976,17,0.5618,0.35154830041689,"Ajax|Total|1d"
69,"Ajax","5d","Total",-2,-154.3,-160.81,0.18301267618911,0.98,0.982724067879477,19,0.2414,0.135137119438076,"Ajax|Total|5d"
70,"Pickering","1d","Elementary",-6,-115.21,-122.79,0.857161757430843,0.93,0.925128245010794,23,0.7117,-0.201321331189257,"Pickering|Elementary|1d"
70,"Ajax","5d","Elementary",7,-337.08,-321.6,0.905295726595604,0.89,0.894186466620501,55,0.572,0.293329385925816,"Ajax|Elementary|5d"
70,"Ajax","7d","Elementary",-5,-350.94,-339.73,0.623975674248898,0.93,0.925921094952796,50,0.1619,0.398056479935449,"Ajax|Elementary|7d"
70,"Pickering","1d","Secondary",3,-136.2,-134.43,0.824044385146186,0.38,0.382088809752309,22,0.2808,0.29019449479006,"Pickering|Secondary|1d"
70,"Ajax","7d","Secondary",-4,-412.29,-400.94,0.412602481864969,0.88,0.882147996099037,52,0.9352,0.353394056890354,"Ajax|Secondary|7d"
70,"Pickering","1d","Total",1,-141.7,-138.14,1.3491397752391,0.58,0.575958202908378,27,0.9514,0.362334379564961,"Pickering|Total|1d"
70,"Ajax","5d","Total",2,-359.92,-342.34,0.772471032185149,0.87,0.865070447018725,57,0.1394,0.307279346809222,"Ajax|Total|5d"
70,"Ajax","7d","Total",-5,-388.6,-377.09,0.4188815318179,0.95,0.949425616379717,50,0.1413,0.349669854836038,"Ajax|Total|7d"
71,"Pickering","1d","Elementary",-1,-97.02,-97.11,1.46577202208364,0.56,0.561751054888337,21,0.9772,0.331834969506748,"Pickering|Elementary|1d"
71,"Ajax","3d","Elementary",0,-118.58,-115.31,1.89256440695542,0.34,0.339501801216221,26,0.7367,0.300005959738048,"Ajax|Elementary|3d"
71,"Ajax","5d","Elementary",2,-172.01,-177.39,0.259744476828486,0.97,0.972041916106436,23,0.2281,-0.323028342854587,"Ajax|Elementary|5d"
71,"Ajax","7d","Elementary",3,-206.81,-213.13,0.204146197084691,0.99,0.989872049513811,27,0.8636,0.00224478373563631,"Ajax|Elementary|7d"
71,"Pickering","1d","Secondary",1,-171.19,-167.17,1.01918120082032,0.27,0.274159974884016,29,0.2573,0.332506347908386,"Pickering|Secondary|1d"
71,"Ajax","3d","Secondary",0,-167.38,-164.19,0.80458512355929,0.46,0.459847903087638,26,0.1644,0.373998114514393,"Ajax|Secondary|3d"
71,"Ajax","5d","Secondary",2,-188.92,-189.44,0.228242831032144,0.97,0.967778690883547,23,0.4381,0.146493390086832,"Ajax|Secondary|5d"
71,"Ajax","7d","Secondary",-3,-245.77,-243.58,0.18099539486819,0.98,0.984458605989935,28,0.8197,-0.0559022774523953,"Ajax|Secondary|7d"
71,"Pickering","1d","Total",-1,-100.14,-100.29,1.25589831961187,0.46,0.458310160183688,20,0.8049,0.38859006466733,"Pickering|Total|1d"
71,"Ajax","3d","Total",0,-128.68,-125.4,1.55692319745753,0.36,0.359183985782176,26,0.7927,0.341043210741567,"Ajax|Total|3d"
71,"Ajax","5d","Total",2,-183.59,-186.32,0.234184592077588,0.97,0.973627506296936,23,0.2811,-0.233535414177866,"Ajax|Total|5d"
71,"Ajax","7d","Total",3,-205.97,-220.03,0.178517518805776,0.99,0.992315272807893,27,0.9995,0.115739863498886,"Ajax|Total|7d"
72,"Pickering","1d","Elementary",3,-95.8,-96.58,1.33021062843306,0.73,0.732501820956777,20,0.0948,0.157481834428879,"Pickering|Elementary|1d"
72,"Ajax","5d","Elementary",-5,-206.73,-204.97,0.320415005293382,0.98,0.975850583407967,27,0.9957,0.0355855309861847,"Ajax|Elementary|5d"
72,"Pickering","1d","Secondary",1,-161.91,-159.28,1.17215538770183,0.03,0.0279998743095909,28,0.2308,0.392830363039508,"Pickering|Secondary|1d"
72,"Ajax","3d","Secondary",-5,-218.41,-212.45,0.698842565550605,0.74,0.737383720792017,33,0.9804,0.274949874983511,"Ajax|Secondary|3d"
72,"Ajax","5d","Secondary",-1,-216.57,-216.42,0.277343618058605,0.87,0.872306735448669,28,0.5274,0.152071892451165,"Ajax|Secondary|5d"
72,"Pickering","1d","Total",3,-99.63,-101.11,1.0757768991572,0.72,0.718341722706773,19,0.2609,0.220245718316355,"Pickering|Total|1d"
72,"Ajax","5d","Total",-5,-218.35,-216.52,0.26286791516052,0.98,0.976739505948488,27,0.9138,0.0665253889365838,"Ajax|Total|5d"
72,"Ajax","7d","Total",7,-437.39,-417.56,0.427418465487603,0.95,0.954481164247002,59,0.3021,0.228857723248197,"Ajax|Total|7d"
73,"Pickering","1d","Elementary",-1,-88.65,-87.24,2.02702719836086,0.2,0.201114865806628,20,0.4842,0.39579267769633,"Pickering|Elementary|1d"
73,"Ajax","1d","Elementary",-4,-48.3,-49.23,2.30298723810573,0.08,0.0777356970574088,12,0.7393,0.380214559220674,"Ajax|Elementary|1d"
73,"Ajax","3d","Elementary",0,-261.66,-250.14,0.84012722065739,0.89,0.893196293460302,45,0.6668,0.269866629101935,"Ajax|Elementary|3d"
73,"Ajax","5d","Elementary",2,-277.34,-262.67,1.10963328397311,0.89,0.889046489614594,50,0.886,0.328260709470436,"Ajax|Elementary|5d"
73,"Ajax","7d","Elementary",3,-244.43,-234.22,1.19733696974931,0.85,0.848222344858864,44,0.057,0.388906477206413,"Ajax|Elementary|7d"
73,"Pickering","1d","Secondary",0,-140.43,-138.76,1.05525564975717,0,2.55030863787175e-05,23,0.8034,0.384414515912744,"Pickering|Secondary|1d"
73,"Ajax","1d","Secondary",-6,-71.77,-83.67,0.593330756311424,0.82,0.824739250855792,14,0.528,0.0715826748911071,"Ajax|Secondary|1d"
73,"Ajax","3d","Secondary",7,-275.45,-264.57,0.667561513664133,0.81,0.810210142704413,44,0.9777,0.237964059046174,"Ajax|Secondary|3d"
73,"Ajax","5d","Secondary",-6,-347.32,-333.16,0.467244962045418,0.89,0.885342988828786,49,0.1451,0.205302306637898,"Ajax|Secondary|5d"
73,"Pickering","1d","Total",3,-91.16,-90.02,1.98884874249792,0,6.60303726780167e-05,19,0.2617,0.339080918553333,"Pickering|Total|1d"
73,"Ajax","1d","Total",-6,-66.96,-67.44,1.57526294452,0.55,0.55272206274587,14,0.921,0.336949452440082,"Ajax|Total|1d"
73,"Ajax","3d","Total",-1,-261.81,-250.42,0.814534119490946,0.82,0.824754399226314,44,0.9775,0.346207115929869,"Ajax|Total|3d"
73,"Ajax","5d","Total",2,-296.7,-281.92,0.851081992863083,0.9,0.895648486371977,50,0.6465,0.379889462696573,"Ajax|Total|5d"
74,"Pickering","1d","Elementary",1,-113.98,-110.79,2.21290110754776,0.26,0.26336410103223,26,0.3891,0.355026449616616,"Pickering|Elementary|1d"
74,"Ajax","1d","Elementary",-6,-62.28,-63.37,2.25345238809424,0.32,0.324093531872178,16,0.7822,0.357061736165995,"Ajax|Elementary|1d"
74,"Ajax","3d","Elementary",-2,-61.02,-66.63,1.29808250141641,0.79,0.790524009592167,13,0.2146,0.135415146151257,"Ajax|Elementary|3d"
74,"Ajax","5d","Elementary",5,-131.32,-138.38,0.376619020905777,0.96,0.963224100082559,20,0.1244,0.0691249157927947,"Ajax|Elementary|5d"
74,"Ajax","7d","Elementary",-4,-280.47,-265.39,1.06974475452851,0.79,0.785065928066644,51,0.3877,0.357639133634251,"Ajax|Elementary|7d"
74,"Pickering","1d","Secondary",7,-135.72,-133.59,1.09467383974964,0.15,0.152924587237274,23,0.8643,0.380268958732376,"Pickering|Secondary|1d"
74,"Ajax","1d","Secondary",7,-66.64,-73.45,0.704740670152828,0.84,0.84171804171921,12,0.7076,0.061318371536419,"Ajax|Secondary|1d"
74,"Ajax","3d","Secondary",-2,-81.08,-85.64,0.621191218733987,0.68,0.677826705905526,13,0.06,0.150870386242161,"Ajax|Secondary|3d"
74,"Ajax","5d","Secondary",7,-134.64,-144.41,0.16748774151415,0.94,0.938323106212577,17,0.6466,0.190446256840765,"Ajax|Secondary|5d"
74,"Ajax","7d","Secondary",6,-351.93,-338.6,0.550223809496421,0.81,0.805291988876447,50,0.1083,0.362225437597067,"Ajax|Secondary|7d"
74,"Pickering","1d","Total",2,-100.8,-100.08,1.4056200836711,0.48,0.479585138716415,20,0.6826,0.270854245980236,"Pickering|Total|1d"
74,"Ajax","1d","Total",-6,-70.03,-70.28,1.87642920705608,0.24,0.236985180273456,16,0.3714,0.397990962047839,"Ajax|Total|1d"
74,"Ajax","3d","Total",-2,-65.05,-70.42,1.12770906337109,0.75,0.751014169576384,13,0.2483,0.13861202499447,"Ajax|Total|3d"
74,"Ajax","5d","Total",-3,-166,-166.97,0.355577635762042,0.94,0.944231484578459,23,0.5078,0.281837114930321,"Ajax|Total|5d"
74,"Ajax","7d","Total",-4,-297.11,-281.99,0.907297116301875,0.77,0.774230135323418,51,0.6807,0.361513622623502,"Ajax|Total|7d"
75,"Pickering","1d","Elementary",3,-79.98,-78.89,2.26888865713837,0.25,0.245648098127878,19,0.3299,0.239293513601848,"Pickering|Elementary|1d"
75,"Ajax","1d","Elementary",-1,-53.86,-56.39,1.98221208907035,0.59,0.586758593434989,13,0.8751,-0.0455553045540254,"Ajax|Elementary|1d"
75,"Ajax","5d","Elementary",-3,-82.51,-86.11,0.676137772947571,0.49,0.486182269968888,14,0.1673,-0.0898457628731789,"Ajax|Elementary|5d"
75,"Ajax","7d","Elementary",-3,-182.93,-178.57,0.810090291619347,0.86,0.856266705188088,31,0.2297,0.31301864666588,"Ajax|Elementary|7d"
75,"Pickering","1d","Secondary",7,-133.28,-130.99,1.04597283785584,0.23,0.23202090254509,23,0.4015,0.308246167169383,"Pickering|Secondary|1d"
75,"Ajax","1d","Secondary",-6,-87.26,-89.14,0.938184976228969,0.52,0.517436705778271,16,0.4772,0.272118869584055,"Ajax|Secondary|1d"
75,"Ajax","3d","Secondary",-7,-200.56,-193.33,1.36072798422864,0.49,0.488701347150895,39,0.2803,0.351120996647945,"Ajax|Secondary|3d"
75,"Ajax","5d","Secondary",-4,-152.2,-156.52,0.0542383695852646,0.89,0.89317323390649,14,0.2674,-0.229201320817186,"Ajax|Secondary|5d"
75,"Ajax","7d","Secondary",-5,-210.6,-206.09,0.532675074838909,0.89,0.892615148292537,31,0.4707,0.274204157139158,"Ajax|Secondary|7d"
75,"Pickering","1d","Total",3,-85.21,-84.43,1.80788106294355,0.24,0.235837902707292,18,0.555,0.249469657860475,"Pickering|Total|1d"
75,"Ajax","1d","Total",-7,-61,-65.84,1.23181870654736,0.54,0.540145700145,13,0.4821,0.28269732860923,"Ajax|Total|1d"
75,"Ajax","5d","Total",-4,-98.74,-101.39,0.409451541521271,0.35,0.352945674723904,14,0.1183,0.0894814447006833,"Ajax|Total|5d"
75,"Ajax","7d","Total",-2,-196.68,-192.81,0.627579198073262,0.88,0.879298599019788,31,0.2239,0.384068691268523,"Ajax|Total|7d"
76,"Pickering","1d","Elementary",1,-113.66,-110.37,2.10512110268542,0.33,0.334744041403108,26,0.3805,0.336062812488477,"Pickering|Elementary|1d"
76,"Ajax","1d","Elementary",1,-74.47,-73.93,2.28784113364856,0.47,0.47099198765583,18,0.9563,0.266596449868883,"Ajax|Elementary|1d"
76,"Ajax","7d","Elementary",-1,-165.4,-168.68,0.167764215418174,0.99,0.988127185386006,19,0.3891,-0.28646392490542,"Ajax|Elementary|7d"
76,"Pickering","1d","Secondary",1,-161.5,-157.86,1.08547022062714,0.16,0.163478159891641,28,0.2311,0.325394554286615,"Pickering|Secondary|1d"
76,"Ajax","1d","Secondary",-7,-67.07,-79.32,0.713901999817477,0.77,0.771412427522055,14,0.2552,0.033713561077582,"Ajax|Secondary|1d"
76,"Ajax","7d","Secondary",-4,-171.69,-171.49,0.173747429732429,0.99,0.98820240094359,19,0.4949,-0.114555650635774,"Ajax|Secondary|7d"
76,"Pickering","1d","Total",1,-127.16,-123.87,1.68654381615172,0.34,0.337591186773508,26,0.6414,0.348384688018572,"Pickering|Total|1d"
76,"Ajax","1d","Total",-6,-81.21,-80.88,1.79942403045558,0.25,0.245342379148502,18,0.585,0.394658980785239,"Ajax|Total|1d"
76,"Ajax","7d","Total",-2,-178.07,-177.92,0.141600036000194,0.99,0.989118359096669,19,0.8277,-0.199409972511568,"Ajax|Total|7d"
77,"Pickering","1d","Elementary",3,-85.22,-83.93,2.49422986122009,0,4.50032440519424e-05,20,0.4248,0.354580031349449,"Pickering|Elementary|1d"
77,"Ajax","5d","Elementary",2,-241.28,-235.53,0.496768349424071,0.95,0.951905585757852,35,0.3283,0.0309115121522273,"Ajax|Elementary|5d"
77,"Ajax","7d","Elementary",-6,-332.84,-320.31,0.531493383611775,0.95,0.945956908337164,47,0.8375,0.336694808230699,"Ajax|Elementary|7d"
77,"Pickering","1d","Secondary",1,-163.31,-160.38,1.11565414563853,0.1,0.101448721395292,28,0.1669,0.300629139176776,"Pickering|Secondary|1d"
77,"Ajax","5d","Secondary",-2,-265.97,-260.06,0.353721333091639,0.89,0.892441350565109,35,0.6757,0.169581767991256,"Ajax|Secondary|5d"
77,"Ajax","7d","Secondary",-5,-412.01,-400.19,0.30160786186459,0.93,0.932370282390382,49,0.05,0.333535081015912,"Ajax|Secondary|7d"
77,"Pickering","1d","Total",3,-91.16,-90.02,1.9888478867476,0,6.63477265237445e-05,19,0.2617,0.339081048940344,"Pickering|Total|1d"
77,"Ajax","5d","Total",2,-258.87,-252.51,0.403365122242393,0.95,0.953807206345988,35,0.3562,0.115072804741894,"Ajax|Total|5d"
77,"Ajax","7d","Total",-6,-367.13,-354.56,0.36998740487457,0.96,0.962471801886742,47,0.7219,0.387691326609638,"Ajax|Total|7d"
78,"Pickering","1d","Elementary",-6,-93.36,-91.05,2.52052254622714,0.24,0.235361245204695,23,0.9264,0.387731343216045,"Pickering|Elementary|1d"
78,"Ajax","1d","Elementary",-6,-47.61,-52.89,1.89646417188135,0.55,0.550716171161516,13,0.5708,0.0456440773404489,"Ajax|Elementary|1d"
78,"Ajax","3d","Elementary",-1,-105.53,-110.37,0.784899361212229,0.93,0.926507290127675,19,0.7763,-0.0196670325671165,"Ajax|Elementary|3d"
78,"Ajax","5d","Elementary",2,-169.72,-167.52,0.645020400890288,0.86,0.861068999839115,27,0.3351,0.116353327217303,"Ajax|Elementary|5d"
78,"Pickering","1d","Secondary",1,-192.54,-190.08,0.552815969873248,0.82,0.821227670472008,29,0.7251,0.169061919073479,"Pickering|Secondary|1d"
78,"Ajax","1d","Secondary",-6,-72.47,-77.45,0.741384051756072,0.75,0.747955469849412,13,0.4243,0.0618302797410897,"Ajax|Secondary|1d"
78,"Ajax","3d","Secondary",5,-130.86,-132.43,0.581947441737854,0.85,0.850051735911347,20,0.3486,0.025539372299636,"Ajax|Secondary|3d"
78,"Ajax","5d","Secondary",3,-219.15,-216.84,0.273975024625656,0.96,0.959438852398832,27,0.2198,0.322618609207839,"Ajax|Secondary|5d"
78,"Ajax","7d","Secondary",-4,-305.83,-297.11,0.351643791080478,0.9,0.895833573311308,39,0.0504,0.241798885346694,"Ajax|Secondary|7d"
78,"Pickering","1d","Total",2,-111.32,-109.68,1.33054481553179,0.5,0.501167227327535,21,0.6153,0.354927452697916,"Pickering|Total|1d"
78,"Ajax","1d","Total",-7,-58.86,-63.71,0.890033597938658,0.81,0.811051212249617,11,0.8778,0.388310929568309,"Ajax|Total|1d"
78,"Ajax","3d","Total",-1,-118.06,-123.01,0.556110510967399,0.94,0.93794738544843,19,0.8719,-0.0660583810450805,"Ajax|Total|3d"
78,"Ajax","5d","Total",2,-185.64,-183.39,0.479588542569028,0.9,0.895622886692443,27,0.2083,0.118436573718511,"Ajax|Total|5d"
78,"Ajax","7d","Total",6,-249.08,-241.32,0.816768295346895,0.78,0.775952141379619,39,0.4059,0.327230100878709,"Ajax|Total|7d"
79,"Pickering","1d","Elementary",-7,-100.96,-99.24,1.83340292975408,0.34,0.343001579178334,21,0.5615,0.284456362553387,"Pickering|Elementary|1d"
79,"Ajax","5d","Elementary",-1,-172.93,-168.83,0.845612304964202,0.85,0.848426774029381,29,0.4458,0.36579291467684,"Ajax|Elementary|5d"
79,"Ajax","7d","Elementary",2,-168.71,-166.34,0.876704130698729,0.89,0.889136617411477,30,0.9287,0.3243876154808,"Ajax|Elementary|7d"
79,"Pickering","1d","Secondary",1,-163.98,-161.1,1.10370365531027,0.08,0.0755140465782989,28,0.1641,0.348808345676196,"Pickering|Secondary|1d"
79,"Ajax","5d","Secondary",-3,-228.17,-223.83,0.381050057582279,0.85,0.850935971213283,29,0.1301,0.346821145950097,"Ajax|Secondary|5d"
79,"Ajax","7d","Secondary",6,-180.06,-177.94,0.447479536775166,0.87,0.865367773673912,25,0.1829,0.317585546087611,"Ajax|Secondary|7d"
79,"Pickering","1d","Total",2,-107.29,-105.81,1.44307068971843,0.47,0.46756332654101,20,0.551,0.311375348610138,"Pickering|Total|1d"
79,"Ajax","5d","Total",-1,-186.89,-182.82,0.656851342533924,0.87,0.870508928309341,29,0.5031,0.356639146003946,"Ajax|Total|5d"
79,"Ajax","7d","Total",2,-177.39,-173.78,0.84700161692832,0.85,0.851994316408593,30,0.9795,0.395191164940167,"Ajax|Total|7d"
80,"Pickering","1d","Elementary",1,-130.29,-130.32,1.30787970232249,0.79,0.789264253048204,27,0.8099,0.154251562139282,"Pickering|Elementary|1d"
80,"Ajax","1d","Elementary",1,-73.27,-77.66,1.24601819091772,0.85,0.847644684135924,16,0.5317,0.184315225060491,"Ajax|Elementary|1d"
80,"Ajax","3d","Elementary",-1,-159.98,-162.85,0.59092581574362,0.94,0.935782698595211,27,0.088,-0.0438854478135472,"Ajax|Elementary|3d"
80,"Ajax","5d","Elementary",-2,-139.31,-143.11,0.443008474620931,0.96,0.95588046567174,21,0.504,-0.223183200010985,"Ajax|Elementary|5d"
80,"Ajax","7d","Elementary",4,-451.01,-430.34,0.488462022866121,0.98,0.97586728888072,62,0.6479,0.180338252042638,"Ajax|Elementary|7d"
80,"Pickering","1d","Secondary",0,-145.63,-143.8,0.802621063937999,0.42,0.420935447002745,24,0.8987,0.330811096806406,"Pickering|Secondary|1d"
80,"Ajax","1d","Secondary",-7,-69.78,-75.23,0.801450242346896,0.68,0.675454385286425,13,0.2589,-0.0460948236695801,"Ajax|Secondary|1d"
80,"Ajax","3d","Secondary",-7,-156.11,-157.72,0.680872345683421,0.84,0.836282735665815,27,0.3085,0.239049811215605,"Ajax|Secondary|3d"
80,"Ajax","5d","Secondary",2,-167.8,-167.63,0.328745851900441,0.81,0.811762473516633,21,0.1732,-0.302307472551158,"Ajax|Secondary|5d"
80,"Pickering","1d","Total",1,-140.08,-138.6,1.17816343953694,0.71,0.706183633706616,27,0.3816,0.215677812663494,"Pickering|Total|1d"
80,"Ajax","1d","Total",1,-79.63,-84.14,0.961014956743013,0.85,0.853054975791109,16,0.512,0.308294009604707,"Ajax|Total|1d"
80,"Ajax","3d","Total",-3,-159.64,-157.62,0.76059414346473,0.87,0.868509478152467,27,0.3358,0.173979482145537,"Ajax|Total|3d"
80,"Ajax","5d","Total",1,-153.14,-154.37,0.375165930351768,0.94,0.943656430289578,21,0.5823,-0.0106369230782724,"Ajax|Total|5d"
80,"Ajax","7d","Total",4,-492.13,-471.93,0.350504503295256,0.98,0.979819594267044,62,0.652,0.181028696027587,"Ajax|Total|7d"
81,"Pickering","1d","Elementary",1,-119.6,-116.31,1.97756604467076,0.43,0.431319697580146,26,0.4784,0.20380046628864,"Pickering|Elementary|1d"
81,"Ajax","1d","Elementary",1,-40.26,-48.15,1.63595455055411,0.59,0.592417203109673,11,0.281,-0.151481212361681,"Ajax|Elementary|1d"
81,"Ajax","5d","Elementary",3,-182.5,-176.57,1.04784098445051,0.77,0.769150299411822,33,0.84,0.289564011973957,"Ajax|Elementary|5d"
81,"Ajax","7d","Elementary",-6,-125.24,-126,0.845546713440866,0.9,0.896463551695977,22,0.8139,0.395174628708385,"Ajax|Elementary|7d"
81,"Pickering","1d","Secondary",1,-167.16,-163.32,0.994566176953474,0.33,0.33036108035092,28,0.3371,0.307620213229973,"Pickering|Secondary|1d"
81,"Ajax","1d","Secondary",1,-32.99,-60.19,0.640806337416668,0.93,0.934569913394045,11,0.6078,-0.229820373963782,"Ajax|Secondary|1d"
81,"Ajax","5d","Secondary",-7,-204.78,-204.62,0.342631742381726,0.82,0.815548237801996,28,0.8332,0.0343270532331578,"Ajax|Secondary|5d"
81,"Ajax","7d","Secondary",0,-173.66,-183.22,0.169160014656311,0.99,0.98696949240239,22,0.7978,-0.161067174812055,"Ajax|Secondary|7d"
81,"Pickering","1d","Total",1,-132.95,-129.69,1.5910798021811,0.42,0.417225240114855,26,0.0908,0.270582525037501,"Pickering|Total|1d"
81,"Ajax","1d","Total",1,-49.37,-52.98,1.4840558008404,0.51,0.514560141113336,11,0.5413,-0.104566329146866,"Ajax|Total|1d"
81,"Ajax","5d","Total",2,-191.85,-185.96,1.0080720132578,0.68,0.676963543302019,33,0.8608,0.371767355026446,"Ajax|Total|5d"
81,"Ajax","7d","Total",6,-123.36,-125.26,0.384443277378564,0.91,0.912297560873138,17,0.6941,0.348000833377627,"Ajax|Total|7d"
82,"Pickering","1d","Elementary",0,-102.87,-100.84,1.90817340123189,0.4,0.403474200913576,22,0.9348,0.338590713303729,"Pickering|Elementary|1d"
82,"Ajax","5d","Elementary",-5,-120.99,-122.71,0.86914979971445,0.8,0.800353970308636,22,0.546,0.331783579982313,"Ajax|Elementary|5d"
82,"Ajax","7d","Elementary",-1,-139.16,-140.88,0.512510296517915,0.91,0.913216334973611,21,0.7844,0.0199723713927302,"Ajax|Elementary|7d"
82,"Pickering","1d","Secondary",1,-169.96,-166.39,1.09051788760198,0.18,0.175935889206836,29,0.2399,0.370544544533564,"Pickering|Secondary|1d"
82,"Ajax","3d","Secondary",3,-204.71,-195.91,1.14643002002694,0.67,0.671752939747131,39,0.0505,0.116453185225774,"Ajax|Secondary|3d"
82,"Ajax","5d","Secondary",-2,-200.34,-200.94,0.186327868214028,0.93,0.933740389563969,23,0.7891,0.314917857420798,"Ajax|Secondary|5d"
82,"Ajax","7d","Secondary",-4,-164.84,-167.46,0.267079554730681,0.85,0.853004420866414,21,0.9951,0.0597579574004911,"Ajax|Secondary|7d"
82,"Pickering","1d","Total",-1,-103.03,-101.6,1.43867920204371,0.29,0.285456068031597,20,0.4926,0.389142583713884,"Pickering|Total|1d"
82,"Ajax","5d","Total",-2,-136.03,-137.19,0.70296691567402,0.84,0.839274958272012,23,0.7127,0.38709204960275,"Ajax|Total|5d"
82,"Ajax","7d","Total",-4,-151.11,-150.68,0.446327044302876,0.85,0.85012611169685,21,0.4838,0.124265686675941,"Ajax|Total|7d"
83,"Pickering","1d","Elementary",-1,-92.48,-90.99,1.93129965152306,0.14,0.137435155779496,20,0.2558,0.225531165106714,"Pickering|Elementary|1d"
83,"Ajax","1d","Elementary",1,-58.3,-64.51,0.770443065353915,0.88,0.881043179677187,11,0.5528,0.0655521290801029,"Ajax|Elementary|1d"
83,"Ajax","3d","Elementary",0,-247.57,-234.09,1.33690069122697,0.8,0.803844871353943,48,0.8535,0.369086937934635,"Ajax|Elementary|3d"
83,"Ajax","5d","Elementary",-7,-153.62,-154.83,0.305956433584294,0.93,0.931936059203365,20,0.5017,-0.131642245654306,"Ajax|Elementary|5d"
83,"Pickering","1d","Secondary",0,-138.47,-136.27,1.03519119995021,0.08,0.0839157099839739,23,0.7413,0.365496720875009,"Pickering|Secondary|1d"
83,"Ajax","1d","Secondary",1,-46.31,-59.66,0.962306597269088,0.81,0.809329377883539,11,0.8689,-0.086017372473769,"Ajax|Secondary|1d"
83,"Ajax","3d","Secondary",-5,-305.71,-293.98,0.750621574014286,0.76,0.760864923870339,47,0.5909,0.392935807814863,"Ajax|Secondary|3d"
83,"Ajax","5d","Secondary",3,-171.19,-172.34,0.163812248518993,0.81,0.807840056812918,19,0.7674,0.194753253064548,"Ajax|Secondary|5d"
83,"Pickering","1d","Total",-1,-95.16,-94.38,1.4110616286917,0.24,0.238647411710635,19,0.498,0.336295285083619,"Pickering|Total|1d"
83,"Ajax","1d","Total",1,-41.25,-63.43,0.612180480582247,0.9,0.902502685459677,11,0.7664,0.183861934726924,"Ajax|Total|1d"
83,"Ajax","5d","Total",1,-148.7,-150.77,0.33846557146736,0.9,0.895221541580693,20,0.5242,0.373793452300493,"Ajax|Total|5d"
84,"Pickering","1d","Elementary",1,-131.7,-128.43,1.479867136475,0.67,0.670627443211912,27,0.0711,0.0493097808975205,"Pickering|Elementary|1d"
84,"Ajax","3d","Elementary",-5,-112.51,-112.61,0.895537526214244,0.79,0.789968640402161,20,0.0539,-0.0455899581962204,"Ajax|Elementary|3d"
84,"Ajax","5d","Elementary",2,-197.47,-191.99,0.8214926944003,0.86,0.858850000901629,32,0.2975,0.259499140720223,"Ajax|Elementary|5d"
84,"Ajax","7d","Elementary",3,-201.41,-193.48,1.14997261431861,0.84,0.844670895705378,38,0.2785,0.37721135898836,"Ajax|Elementary|7d"
84,"Pickering","1d","Secondary",1,-180.61,-176.82,0.900778712916196,0.45,0.452999146436798,29,0.9151,0.105753311585207,"Pickering|Secondary|1d"
84,"Ajax","3d","Secondary",-3,-135.05,-134.13,0.546175654051494,0.77,0.770768683969269,19,0.1988,0.229306993919157,"Ajax|Secondary|3d"
84,"Ajax","5d","Secondary",2,-202.46,-197.76,0.66430858096653,0.83,0.831382847654731,32,0.7974,0.391035240445001,"Ajax|Secondary|5d"
84,"Ajax","7d","Secondary",-3,-245.07,-237.15,0.648263866187592,0.84,0.835229202794493,39,0.2044,0.2174813370904,"Ajax|Secondary|7d"
84,"Pickering","1d","Total",1,-143.19,-140.33,1.18494281346068,0.67,0.673837847032537,27,0.1516,0.0885033267032584,"Pickering|Total|1d"
84,"Ajax","3d","Total",-3,-118.48,-119.49,0.688061394029479,0.85,0.853543553502896,19,0.0553,-0.135917098684023,"Ajax|Total|3d"
84,"Ajax","5d","Total",2,-201.12,-196.07,0.737793294090141,0.86,0.858624488074129,32,0.3982,0.309469353270637,"Ajax|Total|5d"
84,"Ajax","7d","Total",3,-215.45,-207.71,0.924001483408184,0.85,0.85059979163384,38,0.4381,0.338974242306565,"Ajax|Total|7d"
85,"Pickering","1d","Elementary",-2,-81.62,-83.34,1.25974922158699,0.71,0.708455223698201,16,0.3148,0.0726927579140114,"Pickering|Elementary|1d"
85,"Ajax","5d","Elementary",2,-261.07,-249.56,1.08604124273412,0.77,0.773460377763287,46,0.6806,0.367642703071014,"Ajax|Elementary|5d"
85,"Pickering","1d","Secondary",0,-145.89,-143.57,1.02495462909823,0.06,0.0593966916498205,24,0.5544,0.36978617715058,"Pickering|Secondary|1d"
85,"Ajax","3d","Secondary",2,-275.53,-261.83,0.971019689887501,0.72,0.717659961887666,49,0.1979,0.254253394849921,"Ajax|Secondary|3d"
85,"Ajax","5d","Secondary",-6,-295.98,-285.12,0.577438934115764,0.82,0.819663124311563,43,0.6588,0.331746705662458,"Ajax|Secondary|5d"
85,"Ajax","7d","Secondary",-6,-354.55,-347.2,0.214662624812654,0.98,0.979630820302901,43,0.3432,0.212843493915584,"Ajax|Secondary|7d"
85,"Pickering","1d","Total",-2,-93.84,-94.71,0.91919001421219,0.76,0.757467367802816,16,0.2698,0.0336202238828047,"Pickering|Total|1d"
85,"Ajax","5d","Total",2,-278.42,-266.52,0.871908133484145,0.78,0.778520215705809,46,0.6729,0.380845291781699,"Ajax|Total|5d"
86,"Pickering","1d","Elementary",-6,-107.32,-106.34,1.6531099127118,0.73,0.730102917430463,23,0.2364,-0.200167405732385,"Pickering|Elementary|1d"
86,"Ajax","3d","Elementary",-2,-108.2,-107.44,1.36676380956819,0.56,0.563445178654969,22,0.4784,0.372918607377951,"Ajax|Elementary|3d"
86,"Pickering","7d","Elementary",6,-491.24,-467.81,0.842518463569066,0.89,0.891546289865549,77,0.1412,0.331444112474495,"Pickering|Elementary|7d"
86,"Pickering","1d","Secondary",0,-143.49,-141.2,0.870862980920062,0.38,0.381092504788486,23,0.3706,0.294811259314876,"Pickering|Secondary|1d"
86,"Ajax","3d","Secondary",-5,-150.12,-148.37,0.590786572731422,0.35,0.347214303798853,21,0.3719,0.201873191490653,"Ajax|Secondary|3d"
86,"Ajax","7d","Secondary",1,-468.6,-447.78,0.455960511917542,0.9,0.896263002135665,63,0.4509,0.321675538652739,"Ajax|Secondary|7d"
86,"Pickering","1d","Total",-6,-117.17,-115.39,1.41188092437481,0.65,0.654065927336653,23,0.293,-0.139210949156859,"Pickering|Total|1d"
86,"Ajax","3d","Total",-2,-117.87,-117.27,1.08738139074357,0.6,0.601426326455871,22,0.8053,0.368721375809295,"Ajax|Total|3d"
86,"Pickering","7d","Total",5,-534.7,-510.71,0.702303388511449,0.88,0.875999306225811,79,0.7397,0.390238898187255,"Pickering|Total|7d"
87,"Pickering","1d","Elementary",-6,-100.05,-97.75,2.22960344327982,0.45,0.449099579339709,23,0.6771,0.191246148351921,"Pickering|Elementary|1d"
87,"Pickering","1d","Secondary",2,-148.12,-150.59,0.442564019267373,0.84,0.839190916172342,22,0.235,-0.234946924557552,"Pickering|Secondary|1d"
87,"Pickering","1d","Total",2,-110.51,-120.6,0.674351835428753,0.88,0.879584069715073,21,0.8092,0.0702760815182375,"Pickering|Total|1d"
88,"Pickering","1d","Elementary",7,-100.63,-100.56,1.49700630922737,0.63,0.625523520702663,22,0.3454,0.233446273284063,"Pickering|Elementary|1d"
88,"Ajax","7d","Elementary",-3,-150.6,-153.06,0.316595307098389,0.95,0.948849948641541,20,0.7002,0.0898396649032376,"Ajax|Elementary|7d"
88,"Pickering","1d","Secondary",-6,-140.36,-137.96,1.08377647219028,0.18,0.177291484788852,24,0.5431,0.392934340014734,"Pickering|Secondary|1d"
88,"Ajax","5d","Secondary",-6,-320.37,-308.93,0.484995389571443,0.89,0.885510781585911,49,0.9413,0.321717873144163,"Ajax|Secondary|5d"
88,"Ajax","7d","Secondary",-3,-211.5,-210.98,0.0851265889921542,0.89,0.88851989417009,20,0.8619,-0.0456659605862481,"Ajax|Secondary|7d"
88,"Pickering","1d","Total",7,-112.17,-112.23,1.1412649870484,0.62,0.616827849886441,22,0.5275,0.302078934368645,"Pickering|Total|1d"
88,"Ajax","7d","Total",-2,-167.54,-167.54,0.244536944403636,0.95,0.949084557700016,20,0.3434,-0.393375502711954,"Ajax|Total|7d"
89,"Pickering","1d","Elementary",3,-81.99,-81.24,2.08708998731639,0.27,0.274827734519011,20,0.1576,0.369493522654144,"Pickering|Elementary|1d"
89,"Ajax","1d","Elementary",1,-52.3,-56.05,1.86926160274305,0.66,0.663664798092536,13,0.2217,0.162651660099527,"Ajax|Elementary|1d"
89,"Ajax","5d","Elementary",1,-85.71,-103.54,0.212755202009553,0.98,0.983750858301631,13,0.835,-0.0467791047431543,"Ajax|Elementary|5d"
89,"Pickering","1d","Secondary",0,-143.56,-141.25,0.883505559415395,0.17,0.16822649429311,23,0.4765,0.342741563491414,"Pickering|Secondary|1d"
89,"Ajax","1d","Secondary",1,-63,-63.94,1.58894037434348,0.42,0.421346072060325,13,0.3511,0.351291295247183,"Ajax|Secondary|1d"
89,"Ajax","5d","Secondary",-1,-127.4,-133.09,0.0854657747809136,0.88,0.878127090627381,13,0.6094,0.107462273874754,"Ajax|Secondary|5d"
89,"Pickering","1d","Total",3,-88.22,-88.11,1.63145925650294,0.32,0.316208691916872,19,0.5394,0.29775589398166,"Pickering|Total|1d"
89,"Ajax","1d","Total",1,-57.84,-61.55,1.4018438575087,0.7,0.698562591326952,13,0.3081,0.354569868177246,"Ajax|Total|1d"
89,"Ajax","5d","Total",-2,-103.79,-108.73,0.220999412527193,0.92,0.921901121299058,13,0.8427,0.207750132849789,"Ajax|Total|5d"
90,"Pickering","1d","Elementary",-6,-97.51,-95.19,2.35113864442797,0.37,0.36613149162,23,0.4882,0.388478084017142,"Pickering|Elementary|1d"
90,"Ajax","5d","Elementary",-1,-96.73,-104.76,0.298154964764287,0.97,0.971573510545174,14,0.7889,0.0560648305276071,"Ajax|Elementary|5d"
90,"Ajax","7d","Elementary",-2,-275.54,-268.8,0.542754875320057,0.96,0.964335632562645,44,0.7432,0.274608982420938,"Ajax|Elementary|7d"
90,"Pickering","1d","Secondary",1,-169.3,-165.6,1.0675066715635,0.17,0.174415410057633,29,0.0893,0.370307562299985,"Pickering|Secondary|1d"
90,"Pickering","5d","Secondary",7,-523.06,-496.81,0.477066451201683,0.77,0.769967222172778,72,0.8413,0.375811853671789,"Pickering|Secondary|5d"
90,"Ajax","5d","Secondary",-1,-134.8,-136.67,0.121653297878574,0.84,0.836450716273776,14,0.3187,0.0684827725029528,"Ajax|Secondary|5d"
90,"Ajax","7d","Secondary",6,-274.94,-273.01,0.360870624394215,0.95,0.954919890543978,39,0.1119,0.216802969353286,"Ajax|Secondary|7d"
90,"Pickering","1d","Total",2,-102.13,-102.95,1.1903254453497,0.64,0.638895223482397,20,0.4231,0.371408504356307,"Pickering|Total|1d"
90,"Ajax","5d","Total",-2,-97.47,-118.33,0.164612133091847,0.98,0.982577928169719,14,0.8708,0.111291781019583,"Ajax|Total|5d"
90,"Ajax","7d","Total",-2,-276.68,-269.75,0.521202485849962,0.95,0.946352027785653,44,0.1751,0.359718113958686,"Ajax|Total|7d"
91,"Pickering","1d","Elementary",1,-134.67,-131.49,1.39565267025303,0.71,0.714454577829205,27,0.7183,0.117181984384966,"Pickering|Elementary|1d"
91,"Ajax","1d","Elementary",6,-54.2,-56.59,1.9627788004673,0.46,0.456468948171924,13,0.8579,0.0097992681684445,"Ajax|Elementary|1d"
91,"Ajax","3d","Elementary",1,-86.39,-92.5,0.652910730612819,0.89,0.894630025188838,15,0.9913,0.124998349270267,"Ajax|Elementary|3d"
91,"Ajax","7d","Elementary",2,-171.68,-168.33,0.71078587826387,0.8,0.800663358003824,27,0.9328,0.396292036654992,"Ajax|Elementary|7d"
91,"Pickering","1d","Secondary",1,-181.53,-177.51,0.838607153144988,0.49,0.494162819719568,29,0.1455,0.218965388835895,"Pickering|Secondary|1d"
91,"Ajax","1d","Secondary",-1,-77.02,-80.77,0.580750234730837,0.81,0.8089843793936,12,0.4008,-0.205848447249509,"Ajax|Secondary|1d"
91,"Ajax","3d","Secondary",-2,-101.23,-111.38,0.334418807314291,0.88,0.884859426634158,15,0.3104,-0.021729552443616,"Ajax|Secondary|3d"
91,"Ajax","5d","Secondary",-4,-288.34,-281.09,0.345589382402144,0.86,0.863768045287833,36,0.3715,0.333957771787074,"Ajax|Secondary|5d"
91,"Ajax","7d","Secondary",-5,-199.25,-197.13,0.400199713182578,0.95,0.94863942207498,27,0.8056,-0.16915906289878,"Ajax|Secondary|7d"
91,"Pickering","1d","Total",1,-145.81,-142.57,1.15139458295866,0.68,0.677105868430137,27,0.587,0.202242965449266,"Pickering|Total|1d"
91,"Ajax","1d","Total",-4,-67.24,-70.28,1.04482954315348,0.53,0.533667806255706,13,0.3194,0.230826208433235,"Ajax|Total|1d"
91,"Ajax","3d","Total",-1,-90.78,-101.36,0.419728491828512,0.93,0.930924995209942,15,0.5565,0.395777282708363,"Ajax|Total|3d"
91,"Ajax","7d","Total",-2,-180.54,-177.63,0.54988565774845,0.87,0.872625969826505,27,0.7178,0.305351680837894,"Ajax|Total|7d"
92,"Pickering","1d","Elementary",-6,-101.17,-99.44,1.77945096695305,0.62,0.624743395498629,22,0.1072,0.201196675477752,"Pickering|Elementary|1d"
92,"Ajax","1d","Elementary",-6,-70.02,-72.5,1.53558287020024,0.63,0.631553345851008,16,0.6671,0.175776673995682,"Ajax|Elementary|1d"
92,"Ajax","3d","Elementary",3,-162.13,-168.73,0.535816739460766,0.95,0.953084314520396,28,0.2777,-0.00546045044625222,"Ajax|Elementary|3d"
92,"Ajax","7d","Elementary",-7,-291.9,-280.83,0.68362232831484,0.91,0.910854618105974,44,0.3247,0.338090116030757,"Ajax|Elementary|7d"
92,"Pickering","1d","Secondary",1,-162.97,-159.87,1.10134449187505,0.07,0.0654704398858141,28,0.0787,0.365943243757109,"Pickering|Secondary|1d"
92,"Ajax","1d","Secondary",0,-80.53,-80.99,0.974782043768388,0.36,0.357192097323679,14,0.128,0.364415195995071,"Ajax|Secondary|1d"
92,"Ajax","3d","Secondary",-7,-142.99,-138.99,1.15690579854024,0.67,0.667597859179847,29,0.0734,0.0839441251487195,"Ajax|Secondary|3d"
92,"Ajax","7d","Secondary",-6,-377.2,-365.03,0.26865258954732,0.95,0.948390049128017,46,0.6787,0.0963631373429299,"Ajax|Secondary|7d"
92,"Pickering","1d","Total",1,-134.61,-131.74,1.31552549537706,0.58,0.575122299350706,26,0.1792,0.303664160465001,"Pickering|Total|1d"
92,"Ajax","1d","Total",-6,-75.99,-78.47,1.27241284119236,0.61,0.613347171904788,16,0.5711,0.0940711290291958,"Ajax|Total|1d"
92,"Ajax","3d","Total",3,-172.94,-179.31,0.436958051602142,0.95,0.954076947619286,28,0.5342,0.0606958750535058,"Ajax|Total|3d"
92,"Ajax","7d","Total",-6,-324.6,-313.38,0.566947570739831,0.91,0.911085790448472,46,0.074,0.390947586546763,"Ajax|Total|7d"
93,"Pickering","1d","Elementary",1,-122.18,-118.79,1.91432150511557,0.51,0.509952481527751,27,0.3884,0.227625048013989,"Pickering|Elementary|1d"
93,"Ajax","1d","Elementary",1,-99.92,-99.23,1.31937378379928,0.8,0.79939985416309,19,0.3116,0.23987491156856,"Ajax|Elementary|1d"
93,"Ajax","3d","Elementary",-4,-176.7,-170.69,1.18539395281981,0.72,0.723796981067303,33,0.1337,0.174808886402442,"Ajax|Elementary|3d"
93,"Ajax","5d","Elementary",5,-142.25,-146.4,0.561149878140033,0.94,0.944822981511897,23,0.6964,0.225267596127516,"Ajax|Elementary|5d"
93,"Ajax","7d","Elementary",-1,-311.73,-297.55,0.68292595219918,0.9,0.899773445462812,49,0.3386,0.379433450890451,"Ajax|Elementary|7d"
93,"Pickering","1d","Secondary",0,-152,-149.39,0.842141365576355,0.36,0.363816650060066,24,0.9626,-0.0313531401915372,"Pickering|Secondary|1d"
93,"Ajax","1d","Secondary",1,-91.96,-102.77,0.823399698232133,0.91,0.912420502733546,19,0.5434,-0.0934759047549698,"Ajax|Secondary|1d"
93,"Ajax","3d","Secondary",0,-219.45,-212.7,0.816809225332765,0.6,0.597590925335748,35,0.6292,0.332308734900808,"Ajax|Secondary|3d"
93,"Ajax","5d","Secondary",-3,-206.19,-211.85,0.124375520845193,0.95,0.948862800760775,23,0.6923,-0.194837813132069,"Ajax|Secondary|5d"
93,"Pickering","1d","Total",1,-134.54,-131.08,1.5517601325306,0.47,0.470056695004743,27,0.3086,0.282834708853221,"Pickering|Total|1d"
93,"Ajax","1d","Total",1,-101.63,-101.47,1.173326706387,0.77,0.766521657047388,19,0.0659,0.223552628396989,"Ajax|Total|1d"
93,"Ajax","3d","Total",-3,-187.85,-182.02,0.957091467928034,0.73,0.732835798586879,33,0.5511,0.247242362405577,"Ajax|Total|3d"
93,"Ajax","5d","Total",5,-152.62,-157.03,0.442476872776953,0.95,0.951329628200988,23,0.8122,0.177552005386328,"Ajax|Total|5d"
93,"Ajax","7d","Total",-1,-336.56,-322.37,0.526483687476554,0.91,0.913391182588015,49,0.5338,0.344482599600739,"Ajax|Total|7d"
94,"Pickering","1d","Elementary",6,-89.46,-90.59,1.43516167739605,0.73,0.729360138967749,19,0.9527,0.292937209409157,"Pickering|Elementary|1d"
94,"Ajax","1d","Elementary",1,-41.73,-58.34,0.983072590637511,0.83,0.834084997618626,12,0.8624,0.0500806894866485,"Ajax|Elementary|1d"
94,"Ajax","3d","Elementary",2,-145.67,-149.56,0.533687510061498,0.92,0.922590854175717,24,0.7561,-0.072968681636213,"Ajax|Elementary|3d"
94,"Ajax","5d","Elementary",-5,-189.45,-184.72,0.761690324523667,0.89,0.886891925869509,31,0.453,0.194786510647764,"Ajax|Elementary|5d"
94,"Pickering","1d","Secondary",0,-140.16,-138.13,1.02099226221368,0.04,0.0407345335655919,23,0.8034,0.362038191390013,"Pickering|Secondary|1d"
94,"Ajax","1d","Secondary",1,-45.37,-47.29,2.21762050310787,0.17,0.172499702191791,12,0.0894,0.272529879791459,"Ajax|Secondary|1d"
94,"Ajax","3d","Secondary",7,-173.61,-173.74,0.252121727016488,0.9,0.898274366808608,21,0.1279,-0.0867733360147974,"Ajax|Secondary|3d"
94,"Ajax","5d","Secondary",-3,-224.54,-224.46,0.331804921884031,0.96,0.96160772969531,31,0.2209,-0.181125736030925,"Ajax|Secondary|5d"
94,"Ajax","7d","Secondary",-6,-397.05,-384.41,0.449415035901693,0.9,0.897844428897356,52,0.2487,0.223370256134476,"Ajax|Secondary|7d"
94,"Pickering","1d","Total",7,-106.94,-106.63,1.18804589484679,0.56,0.560710135185382,21,0.4535,0.256969283883978,"Pickering|Total|1d"
94,"Ajax","1d","Total",1,-49.58,-60.19,1.02561917845293,0.77,0.774666161617504,12,0.999,0.29307861009165,"Ajax|Total|1d"
94,"Ajax","3d","Total",7,-141.46,-141.16,0.542763123761558,0.9,0.900969551105731,21,0.9356,0.226975269556254,"Ajax|Total|3d"
94,"Ajax","5d","Total",-4,-196.66,-192.62,0.631149115596338,0.89,0.885344680638185,31,0.0601,0.172268089630275,"Ajax|Total|5d"
95,"Pickering","1d","Elementary",3,-85.22,-83.93,2.49422709211983,0,4.81714615845914e-05,20,0.4248,0.354580814134111,"Pickering|Elementary|1d"
95,"Ajax","7d","Elementary",-1,-195,-194.57,0.238580512475655,0.97,0.969699061088562,24,0.3946,-0.100044742014598,"Ajax|Elementary|7d"
95,"Pickering","1d","Secondary",0,-141.9,-139.82,0.985451971336579,0.05,0.0521475037369535,23,0.8304,0.284632338010755,"Pickering|Secondary|1d"
95,"Ajax","7d","Secondary",-3,-210.09,-207.78,0.232621905523859,0.98,0.97894697911077,24,0.782,-0.00226954986828004,"Ajax|Secondary|7d"
95,"Pickering","1d","Total",3,-91.16,-90.02,1.98884602819063,0,6.90658588598244e-05,19,0.2617,0.339082590886897,"Pickering|Total|1d"
95,"Ajax","7d","Total",2,-202.22,-200.59,0.234793379158836,0.96,0.962237807962333,24,0.3286,0.160674778774952,"Ajax|Total|7d"
96,"Pickering","1d","Elementary",5,-80.15,-82.17,1.27748993717925,0.7,0.702560173432426,16,0.6992,0.145332949805092,"Pickering|Elementary|1d"
96,"Ajax","1d","Elementary",-6,-73.52,-72.71,2.41587058451216,0,4.16267040500767e-05,17,0.6501,0.342660463970937,"Ajax|Elementary|1d"
96,"Ajax","3d","Elementary",4,-91.8,-91.1,1.72092134336413,0.49,0.489432175017129,19,0.3363,0.382045464235864,"Ajax|Elementary|3d"
96,"Ajax","5d","Elementary",4,-267.7,-261.21,0.470494918616866,0.97,0.973876411316679,41,0.0831,0.0961463999759146,"Ajax|Elementary|5d"
96,"Ajax","7d","Elementary",-1,-223.29,-218.94,0.378223178894086,0.96,0.963643958255331,29,0.9223,0.000112331669269743,"Ajax|Elementary|7d"
96,"Pickering","1d","Secondary",0,-141.7,-139.59,0.969362748949379,0.13,0.126866421041408,23,0.92,0.318645176259595,"Pickering|Secondary|1d"
96,"Ajax","1d","Secondary",2,-65.22,-76.53,0.550989547894007,0.81,0.808999361166194,12,0.4805,-0.171240451592389,"Ajax|Secondary|1d"
96,"Ajax","3d","Secondary",4,-115.66,-116.07,0.746944736099813,0.7,0.698635521715701,19,0.7514,0.193695468880558,"Ajax|Secondary|3d"
96,"Ajax","5d","Secondary",2,-285.4,-277.46,0.46492368724765,0.92,0.922319974447389,43,0.6323,0.239983697519931,"Ajax|Secondary|5d"
96,"Ajax","7d","Secondary",-4,-268.95,-264.84,0.170858178895994,0.93,0.925514695167223,29,0.99,0.355671617901915,"Ajax|Secondary|7d"
96,"Pickering","1d","Total",5,-86.71,-88.76,1.06401910272237,0.71,0.713457179032068,16,0.7623,0.146773085125195,"Pickering|Total|1d"
96,"Ajax","1d","Total",1,-83.75,-86.26,1.2480253857373,0.71,0.71461045002402,17,0.2373,0.00534203201568736,"Ajax|Total|1d"
96,"Ajax","3d","Total",-7,-95.92,-94.73,1.58923594314336,0.52,0.516307485158898,19,0.7194,0.285820013199764,"Ajax|Total|3d"
96,"Ajax","5d","Total",3,-274.38,-265.57,0.532544559811776,0.95,0.95394776985138,42,0.6047,0.269592516325778,"Ajax|Total|5d"
96,"Ajax","7d","Total",-2,-235.06,-230.69,0.299880393297308,0.97,0.965051905638891,29,0.7483,0.27110443303034,"Ajax|Total|7d"
97,"Pickering","1d","Elementary",7,-94.79,-99.4,1.20301990279717,0.78,0.775528660060154,21,0.9631,0.262239895909678,"Pickering|Elementary|1d"
97,"Ajax","1d","Elementary",1,-54.93,-58.76,1.71762461983386,0.56,0.563696566878598,13,0.2318,-0.101002148757338,"Ajax|Elementary|1d"
97,"Ajax","3d","Elementary",-7,-106.75,-107.5,0.787240049116799,0.72,0.720984978303833,18,0.3931,0.091329695025946,"Ajax|Elementary|3d"
97,"Ajax","5d","Elementary",3,-162.43,-157.66,1.2452696064325,0.64,0.638876350279403,30,0.8243,0.379529403811678,"Ajax|Elementary|5d"
97,"Pickering","1d","Secondary",1,-168.79,-164.85,0.850046178083582,0.51,0.513571097035527,28,0.1911,0.153982001186874,"Pickering|Secondary|1d"
97,"Ajax","1d","Secondary",-6,-53.82,-67.51,0.622389252502369,0.69,0.691052410325194,11,0.5084,-0.0975027791978318,"Ajax|Secondary|1d"
97,"Ajax","3d","Secondary",3,-136.68,-138.94,0.295428437566931,0.89,0.891811991662225,18,0.6993,0.367044091597964,"Ajax|Secondary|3d"
97,"Ajax","5d","Secondary",2,-196.81,-192.86,0.70076188367015,0.84,0.844656840906424,31,0.3845,0.0889134981770285,"Ajax|Secondary|5d"
97,"Pickering","1d","Total",0,-100.55,-101.79,1.32531455409438,0.5,0.502362874208166,21,0.2229,0.364782376861508,"Pickering|Total|1d"
97,"Ajax","1d","Total",1,-65.28,-70.9,0.973789104808521,0.76,0.762988921330371,13,0.7109,-0.144915063713669,"Ajax|Total|1d"
97,"Ajax","3d","Total",-7,-100.56,-101.36,0.927064242395413,0.6,0.600794412872079,18,0.5938,0.38170734280523,"Ajax|Total|3d"
97,"Ajax","5d","Total",3,-175.86,-171.17,1.05175536429564,0.69,0.687061457146839,30,0.9304,0.392465559371144,"Ajax|Total|5d"
98,"Pickering","1d","Elementary",7,-100.53,-98.5,2.05080320956085,0.35,0.346800139264187,22,0.6798,0.368414739016925,"Pickering|Elementary|1d"
98,"Ajax","1d","Elementary",1,-44.28,-48.42,1.8276884001399,0.51,0.513254970200041,11,0.5034,-0.186534181982035,"Ajax|Elementary|1d"
98,"Ajax","3d","Elementary",2,-208.99,-199.68,1.69878153541214,0.69,0.692883994840899,42,0.4844,0.348572204524022,"Ajax|Elementary|3d"
98,"Ajax","7d","Elementary",1,-108.52,-109.72,0.65164616546162,0.86,0.864565664063123,17,0.9878,0.223107996645667,"Ajax|Elementary|7d"
98,"Pickering","1d","Secondary",-6,-142.73,-140.97,0.859145419151974,0.54,0.543899071227409,24,0.2156,0.341124318364371,"Pickering|Secondary|1d"
98,"Ajax","1d","Secondary",1,-34.56,-50.67,1.24266663460772,0.81,0.813553585129822,11,0.7044,0.0663901478302902,"Ajax|Secondary|1d"
98,"Ajax","5d","Secondary",4,-271.82,-265.5,0.30918049216602,0.97,0.966336132374259,35,0.2016,0.25578157153645,"Ajax|Secondary|5d"
98,"Ajax","7d","Secondary",-7,-108.75,-108.74,0.71359396922153,0.76,0.758301698520853,17,0.7024,0.216676763592117,"Ajax|Secondary|7d"
98,"Pickering","1d","Total",6,-91,-94.53,1.15068684136368,0.7,0.699049586044065,19,0.5126,0.289612799515849,"Pickering|Total|1d"
98,"Ajax","1d","Total",1,-52.03,-56.84,1.1600245018804,0.69,0.686852349662246,11,0.442,-0.145930278456554,"Ajax|Total|1d"
98,"Ajax","3d","Total",1,-235.81,-226.1,1.15709936203979,0.75,0.752061326711074,42,0.4211,0.349397921869959,"Ajax|Total|3d"
98,"Ajax","7d","Total",1,-107.17,-108.33,0.699217904411559,0.84,0.841436330761113,17,0.6714,0.264636415009973,"Ajax|Total|7d"
99,"Pickering","1d","Elementary",5,-69.83,-70.25,1.993799763724,0.22,0.220534096114894,16,0.9784,0.394267769075937,"Pickering|Elementary|1d"
99,"Pickering","3d","Elementary",4,-356.5,-337.25,1.45061878377087,0.7,0.700113097358731,67,0.3283,0.309457891588348,"Pickering|Elementary|3d"
99,"Ajax","5d","Elementary",-3,-179.93,-176.65,1.080927557746,0.77,0.771699052165036,30,0.2384,0.241857932442051,"Ajax|Elementary|5d"
99,"Pickering","1d","Secondary",0,-139.77,-138.1,1.0725413410919,0,2.60988172031245e-05,23,0.7141,0.398762234113638,"Pickering|Secondary|1d"
99,"Ajax","3d","Secondary",-5,-211.01,-205.49,0.688991686985934,0.64,0.642327413339761,34,0.4808,0.374019372722986,"Ajax|Secondary|3d"
99,"Ajax","5d","Secondary",-2,-228.21,-224.21,0.472626968685382,0.77,0.774242545234735,30,0.5724,0.374287579730244,"Ajax|Secondary|5d"
99,"Ajax","5d","Total",-3,-192.86,-189.58,0.872415896198251,0.79,0.788021322240109,30,0.2443,0.211636988301561,"Ajax|Total|5d"
100,"Pickering","1d","Elementary",-1,-89.34,-88.58,1.83265924932944,0.38,0.381584748213695,20,0.9256,0.0974980637410073,"Pickering|Elementary|1d"
100,"Ajax","1d","Elementary",-6,-79.39,-78.77,2.15784771499607,0.33,0.33200100865181,19,0.3935,0.375409773118472,"Ajax|Elementary|1d"
100,"Ajax","3d","Elementary",-3,-194.2,-186.89,1.15807202249777,0.85,0.85332144585907,37,0.5671,0.316955106538714,"Ajax|Elementary|3d"
100,"Ajax","5d","Elementary",-4,-255.3,-242.84,1.02044125781018,0.87,0.873919307341963,46,0.735,0.38724230998063,"Ajax|Elementary|5d"
100,"Ajax","7d","Elementary",-1,-178.93,-191.29,0.139599063891735,0.99,0.99136191907245,22,0.725,-0.116856474344284,"Ajax|Elementary|7d"
100,"Pickering","1d","Secondary",0,-140.81,-138.69,1.00198513235513,0.15,0.145098896785709,23,0.3505,0.300696620276651,"Pickering|Secondary|1d"
100,"Ajax","1d","Secondary",-7,-82.3,-88.81,0.736642285245589,0.79,0.793482353746246,15,0.9494,0.0154921620874656,"Ajax|Secondary|1d"
100,"Ajax","3d","Secondary",-5,-222.94,-215.38,0.890323142859366,0.66,0.662864002420023,37,0.0621,0.20302056452233,"Ajax|Secondary|3d"
100,"Ajax","5d","Secondary",1,-327.43,-316.54,0.573352622354295,0.89,0.885258313768934,46,0.7545,0.184368118984751,"Ajax|Secondary|5d"
100,"Ajax","7d","Secondary",-2,-234.98,-243.29,0.0453485708949759,0.99,0.98989022102073,22,0.1089,0.000519342498805887,"Ajax|Secondary|7d"
100,"Pickering","1d","Total",-1,-93.57,-94.25,1.33570702796603,0.46,0.456911541296983,19,0.9964,0.128938844468466,"Pickering|Total|1d"
100,"Ajax","1d","Total",-6,-88.96,-88.48,1.61418883118334,0.41,0.407532052498018,19,0.093,0.374403626419337,"Ajax|Total|1d"
100,"Ajax","7d","Total",-1,-193.57,-205.16,0.10229978248163,0.99,0.992820296664923,22,0.577,-0.205007829887738,"Ajax|Total|7d"
101,"Pickering","1d","Elementary",2,-94.12,-92.4,2.21656554452077,0.39,0.389274297871941,21,0.0738,0.132040139202949,"Pickering|Elementary|1d"
101,"Ajax","3d","Elementary",-1,-250.34,-238.69,1.43764860916072,0.79,0.786103263186248,47,0.4356,0.365076494258157,"Ajax|Elementary|3d"
101,"Ajax","5d","Elementary",6,-156.23,-152.94,0.982179609491387,0.8,0.803215782983416,26,0.7519,0.361238316602618,"Ajax|Elementary|5d"
101,"Ajax","7d","Elementary",1,-187.02,-188.18,0.170963190226355,0.99,0.990117663161246,21,0.8264,-0.159407764456402,"Ajax|Elementary|7d"
101,"Pickering","1d","Secondary",-1,-130.17,-128.83,0.841484346224477,0.01,0.0100493332566511,20,0.8264,0.357336208891688,"Pickering|Secondary|1d"
101,"Ajax","5d","Secondary",7,-198.05,-201.42,0.259264129972168,0.95,0.951454502256296,26,0.7885,0.0138816391038054,"Ajax|Secondary|5d"
101,"Ajax","7d","Secondary",-2,-193.14,-191.59,0.17971082235763,0.99,0.987459069199656,21,0.2408,-0.0359732721524143,"Ajax|Secondary|7d"
101,"Pickering","1d","Total",-6,-104.61,-104,1.52695710974161,0.52,0.518985618491353,23,0.6656,0.389895597211617,"Pickering|Total|1d"
101,"Ajax","3d","Total",-1,-282.99,-271.32,0.978533261098474,0.83,0.832261594899685,47,0.1753,0.381613924117667,"Ajax|Total|3d"
101,"Ajax","5d","Total",6,-170.8,-167.51,0.734016944344878,0.85,0.849898563708035,26,0.9854,0.386983252438666,"Ajax|Total|5d"
101,"Ajax","7d","Total",1,-193.32,-200.04,0.101346467450742,1,0.995724896100694,21,0.1357,-0.252055054385286,"Ajax|Total|7d"
102,"Pickering","1d","Elementary",7,-98.23,-96.64,1.89701301207408,0.44,0.435571819930423,22,0.7635,0.3305824092922,"Pickering|Elementary|1d"
102,"Ajax","5d","Elementary",-1,-87.78,-101.06,0.348484050766819,0.97,0.971556004354357,14,0.8919,-0.10905712866497,"Ajax|Elementary|5d"
102,"Pickering","1d","Secondary",1,-167.03,-162.69,0.957527113579854,0.34,0.341951596433547,29,0.5929,0.397048027921812,"Pickering|Secondary|1d"
102,"Ajax","5d","Secondary",-4,-98.25,-117.76,0.176148360255695,0.93,0.934660611263397,14,0.7882,0.0016358103626768,"Ajax|Secondary|5d"
102,"Ajax","7d","Secondary",2,-460.06,-439.01,0.330787111971557,0.94,0.943147198631372,60,0.4232,0.235123260446558,"Ajax|Secondary|7d"
102,"Pickering","1d","Total",7,-112.14,-111.1,1.23840040398895,0.54,0.536793114039943,22,0.3251,0.340022509668054,"Pickering|Total|1d"
102,"Ajax","5d","Total",-1,-92.42,-104.62,0.320642652510315,0.96,0.961068682431858,14,0.5317,-0.0676723531231522,"Ajax|Total|5d"
103,"Pickering","1d","Elementary",7,-94.36,-93.15,1.80473398371703,0.48,0.480798436384113,21,0.7458,0.338844305899347,"Pickering|Elementary|1d"
103,"Ajax","1d","Elementary",-6,-81.58,-81.03,1.91238440617182,0.39,0.392401328601462,18,0.7154,0.25756882552628,"Ajax|Elementary|1d"
103,"Ajax","5d","Elementary",-1,-82.09,-83.24,1.2124385292142,0.7,0.698334674477882,15,0.1641,0.240111823846688,"Ajax|Elementary|5d"
103,"Ajax","7d","Elementary",-3,-180.38,-176.93,0.614266276502678,0.88,0.875499265858349,27,0.3708,0.301012238606097,"Ajax|Elementary|7d"
103,"Pickering","1d","Secondary",1,-176.91,-173.82,0.663254091245077,0.72,0.717709514301227,28,0.1626,-0.0679220097160935,"Pickering|Secondary|1d"
103,"Ajax","1d","Secondary",7,-79.97,-81.06,1.09449660874931,0.51,0.508008204377856,15,0.2168,0.117264976281476,"Ajax|Secondary|1d"
103,"Ajax","3d","Secondary",0,-176.11,-172.84,0.632038595971191,0.64,0.64277336798295,26,0.4517,0.367417604668372,"Ajax|Secondary|3d"
103,"Ajax","5d","Secondary",-3,-97.08,-100.07,0.542668490337597,0.76,0.75536103641397,15,0.5676,0.317107625888548,"Ajax|Secondary|5d"
103,"Ajax","7d","Secondary",4,-231.3,-230.85,0.195216497077311,0.94,0.939865805760033,27,0.4635,-0.184505949885607,"Ajax|Secondary|7d"
103,"Pickering","1d","Total",2,-105.51,-107.01,0.955173423103207,0.64,0.644633056970571,20,0.2116,0.203045157683504,"Pickering|Total|1d"
103,"Ajax","1d","Total",-6,-89.05,-88.43,1.52253551522477,0.37,0.367538879772859,18,0.9946,0.319817006530281,"Ajax|Total|1d"
103,"Ajax","5d","Total",-4,-90.41,-91.57,0.893862168339552,0.76,0.75873701889658,15,0.4108,0.240665168541905,"Ajax|Total|5d"
103,"Ajax","7d","Total",-3,-190.87,-187.41,0.51159578973643,0.88,0.877218173515798,27,0.2174,0.30330679787137,"Ajax|Total|7d"
104,"Ajax","3d","Elementary",-6,-185.87,-178.51,1.31680729376093,0.64,0.642152209569768,36,0.0751,0.279355452460548,"Ajax|Elementary|3d"
104,"Pickering","7d","Elementary",-6,-471.11,-447.64,0.92019630389265,0.87,0.870943901764718,76,0.9431,0.315725954168874,"Pickering|Elementary|7d"
104,"Pickering","1d","Secondary",0,-145.17,-142.65,1.00429183863051,0.1,0.0980536434265937,24,0.6935,0.368423304929121,"Pickering|Secondary|1d"
104,"Ajax","3d","Secondary",-6,-235.46,-228.16,0.696639736258723,0.65,0.650754145898515,36,0.7972,0.215527917380558,"Ajax|Secondary|3d"
104,"Ajax","3d","Total",-6,-205.64,-198.28,0.982063481333341,0.68,0.683523919771828,36,0.2116,0.241724117772969,"Ajax|Total|3d"
104,"Pickering","7d","Total",-6,-505.03,-483.21,0.759025225502909,0.85,0.852327728151915,76,0.7842,0.313116944824595,"Pickering|Total|7d"
105,"Pickering","1d","Elementary",3,-85.9,-84.51,2.21576494285165,0.26,0.263887003598852,20,0.5485,0.172109249459552,"Pickering|Elementary|1d"
105,"Ajax","3d","Elementary",5,-229.03,-218.75,1.13760614842772,0.84,0.839720329311145,42,0.7962,0.208624449100359,"Ajax|Elementary|3d"
105,"Ajax","5d","Elementary",-7,-144.26,-148,0.659433025720399,0.93,0.927528401874384,25,0.1704,0.14464137821984,"Ajax|Elementary|5d"
105,"Pickering","1d","Secondary",1,-167.96,-164.01,0.872821667324059,0.48,0.479719145936339,28,0.608,0.315081012115856,"Pickering|Secondary|1d"
105,"Ajax","3d","Secondary",7,-238.84,-229.8,1.01562944396561,0.54,0.542006043532374,41,0.2659,0.398588833474659,"Ajax|Secondary|3d"
105,"Ajax","5d","Secondary",-4,-234.77,-233.09,0.278552885295796,0.9,0.89926371820854,30,0.2126,0.234206120701042,"Ajax|Secondary|5d"
105,"Ajax","7d","Secondary",-7,-338.41,-325.95,0.401690347759149,0.88,0.879038728604958,46,0.296,0.284215945695175,"Ajax|Secondary|7d"
105,"Pickering","1d","Total",3,-92.83,-91.61,1.77668334295544,0.24,0.235220901585714,19,0.4528,0.165773450554318,"Pickering|Total|1d"
105,"Ajax","3d","Total",5,-252.53,-242.23,0.794956857769864,0.87,0.870493048406172,42,0.614,0.0840366176904804,"Ajax|Total|3d"
105,"Ajax","5d","Total",-7,-151.33,-154.08,0.603258251159281,0.91,0.913421809522237,25,0.1437,0.235612592809155,"Ajax|Total|5d"
106,"Pickering","1d","Elementary",0,-91.81,-90.08,2.16433958868649,0.23,0.232291769860383,21,0.8024,0.341776290008978,"Pickering|Elementary|1d"
106,"Ajax","3d","Elementary",-5,-63.47,-68.76,1.04811657835328,0.62,0.620357555319498,13,0.7283,0.312267119256562,"Ajax|Elementary|3d"
106,"Pickering","1d","Secondary",0,-143,-141.4,0.762045015788067,0.47,0.474838798336595,23,0.7964,0.221193944718906,"Pickering|Secondary|1d"
106,"Ajax","3d","Secondary",-2,-103.01,-110.96,0.263782899561556,0.9,0.903175486427509,14,0.8695,0.06253360378226,"Ajax|Secondary|3d"
106,"Pickering","1d","Total",-6,-98.69,-96.9,1.89531335400931,0.31,0.309653650155673,22,0.753,0.39959932927651,"Pickering|Total|1d"
106,"Ajax","3d","Total",-5,-70.03,-75.82,0.79804899038067,0.68,0.681984638329552,13,0.8195,0.259162836144533,"Ajax|Total|3d"
107,"Pickering","1d","Elementary",3,-79.52,-78.5,2.34095876632714,0.25,0.251881626642113,19,0.198,0.162474424837396,"Pickering|Elementary|1d"
107,"Ajax","5d","Elementary",-4,-133.94,-132.25,0.786740395327981,0.77,0.774854567418278,21,0.6631,0.295652163589842,"Ajax|Elementary|5d"
107,"Ajax","7d","Elementary",6,-120.11,-122.33,0.503815628436882,0.91,0.908301997573198,18,0.5817,0.295165239345515,"Ajax|Elementary|7d"
107,"Pickering","1d","Secondary",-6,-139.33,-137.04,1.09609313443152,0.12,0.116107037062755,24,0.3626,0.383497481515107,"Pickering|Secondary|1d"
107,"Ajax","5d","Secondary",-3,-181.49,-182.51,0.185108431312733,0.91,0.911222071287438,21,0.3364,0.351315545978284,"Ajax|Secondary|5d"
107,"Ajax","7d","Secondary",-4,-142.64,-147.45,0.227217051120986,0.9,0.897175877218392,18,0.5192,0.172207035798045,"Ajax|Secondary|7d"
107,"Pickering","1d","Total",3,-83.91,-82.91,1.99131137102869,0.06,0.0594923129194894,18,0.7402,0.307869148183502,"Pickering|Total|1d"
107,"Ajax","5d","Total",-4,-145.66,-143.97,0.592509311430957,0.79,0.792797362776727,21,0.8012,0.274790219551455,"Ajax|Total|5d"
107,"Ajax","7d","Total",-3,-111,-115.59,0.574209862072139,0.88,0.877588948296313,18,0.7377,0.330970982352723,"Ajax|Total|7d"
108,"Pickering","1d","Elementary",1,-126.93,-123.46,1.86023171056285,0.45,0.449020042700386,27,0.166,0.380548329057495,"Pickering|Elementary|1d"
108,"Ajax","3d","Elementary",-3,-156.73,-154.34,0.789784059028607,0.87,0.866179242356461,26,0.8405,-0.00671729081876665,"Ajax|Elementary|3d"
108,"Ajax","5d","Elementary",-5,-155.96,-154.32,0.577030273703078,0.9,0.89533835478682,23,0.2372,0.157167313167041,"Ajax|Elementary|5d"
108,"Ajax","7d","Elementary",-7,-134.41,-134.65,0.53292082311897,0.89,0.893126144012306,20,0.8499,0.382822154058132,"Ajax|Elementary|7d"
108,"Pickering","1d","Secondary",1,-168.93,-165.31,1.09071604481127,0.15,0.153494097797533,29,0.3286,0.363960388365257,"Pickering|Secondary|1d"
108,"Ajax","1d","Secondary",1,-57.92,-61.12,1.00793624828554,0.55,0.546787360595905,11,0.0791,-0.392869958788649,"Ajax|Secondary|1d"
108,"Ajax","3d","Secondary",0,-184.15,-180.14,0.717437436858347,0.75,0.7512446414151,28,0.2366,0.156311229207987,"Ajax|Secondary|3d"
108,"Ajax","5d","Secondary",-3,-199.37,-196.91,0.287974358937318,0.86,0.863419242698652,24,0.4422,0.179409491807886,"Ajax|Secondary|5d"
108,"Ajax","7d","Secondary",-6,-186.51,-184.74,0.266593920376861,0.81,0.80625704281254,22,0.2567,0.0822295928855071,"Ajax|Secondary|7d"
108,"Pickering","1d","Total",-6,-108.41,-108.15,1.34691831932885,0.62,0.615123805169359,23,0.9943,0.107100994732759,"Pickering|Total|1d"
108,"Ajax","3d","Total",-3,-166.21,-164.04,0.651994217040917,0.87,0.869219340384048,26,0.606,0.0756010552434784,"Ajax|Total|3d"
108,"Ajax","5d","Total",-4,-165.51,-163.51,0.543033331858367,0.86,0.857700614477258,24,0.4185,0.303587712167112,"Ajax|Total|5d"
108,"Ajax","7d","Total",-7,-138.88,-139.9,0.446661857174289,0.89,0.892656341219049,20,0.594,0.354562594784083,"Ajax|Total|7d"
109,"Pickering","1d","Elementary",6,-81.58,-81,1.9708505854207,0.38,0.375002507109149,20,0.715,0.266128649207073,"Pickering|Elementary|1d"
109,"Ajax","1d","Elementary",-6,-71.79,-71.45,1.99618034651208,0.28,0.282768118784354,16,0.6537,0.268357938328785,"Ajax|Elementary|1d"
109,"Ajax","3d","Elementary",0,-103.51,-108.39,0.702050571455342,0.95,0.945146864620808,18,0.2033,0.142345282079916,"Ajax|Elementary|3d"
109,"Ajax","5d","Elementary",-3,-117.69,-117.17,0.605995410421453,0.75,0.751989979225636,17,0.1864,0.146236581981467,"Ajax|Elementary|5d"
109,"Pickering","1d","Secondary",0,-149.66,-147.15,0.896709592185809,0.25,0.248268757536461,24,0.8964,0.388964416576202,"Pickering|Secondary|1d"
109,"Ajax","1d","Secondary",-6,-92.42,-94.03,0.829010692537822,0.57,0.571469644109594,16,0.2269,0.162760838767935,"Ajax|Secondary|1d"
109,"Ajax","3d","Secondary",0,-140.49,-146.44,0.233128738256241,0.94,0.943562419737825,18,0.5663,-0.207637875279869,"Ajax|Secondary|3d"
109,"Ajax","5d","Secondary",-4,-155.13,-155.64,0.172663035281067,0.67,0.672574402865627,17,0.7176,0.249689461892182,"Ajax|Secondary|5d"
109,"Pickering","1d","Total",3,-86.13,-88.39,1.39695532124784,0.47,0.474912594537493,19,0.3134,0.085991058893421,"Pickering|Total|1d"
109,"Ajax","1d","Total",-6,-80.93,-80.6,1.47270605019907,0.36,0.360706748097442,16,0.1205,0.238082137874429,"Ajax|Total|1d"
109,"Ajax","3d","Total",0,-113.59,-118.93,0.520395078034552,0.95,0.953097890984506,18,0.2709,0.144568369945587,"Ajax|Total|3d"
109,"Ajax","5d","Total",-3,-128.61,-128.35,0.418963166818543,0.79,0.787150509020907,17,0.1192,0.0959626871667609,"Ajax|Total|5d"
110,"Pickering","1d","Elementary",1,-128.51,-124.88,1.8540494039894,0.52,0.523759922925496,27,0.1965,0.343631549032693,"Pickering|Elementary|1d"
110,"Ajax","1d","Elementary",1,-84.09,-87.52,1.44262609703502,0.76,0.758642191999474,19,0.3745,0.309213086696578,"Ajax|Elementary|1d"
110,"Ajax","7d","Elementary",-4,-277.73,-267.43,0.588751251648741,0.95,0.953936594600867,42,0.7095,0.37746899570731,"Ajax|Elementary|7d"
110,"Pickering","1d","Secondary",0,-140.79,-138.68,0.997733060482311,0.11,0.114004722620555,23,0.5459,0.272763223886146,"Pickering|Secondary|1d"
110,"Ajax","1d","Secondary",-6,-100.43,-100.44,1.02335792627142,0.39,0.389440380029935,18,0.7239,0.221572253380696,"Ajax|Secondary|1d"
110,"Ajax","7d","Secondary",4,-338.51,-330.32,0.220987865157954,0.98,0.984256729260841,40,0.2882,0.173383165860569,"Ajax|Secondary|7d"
110,"Pickering","1d","Total",7,-123.47,-121.78,1.0234043789117,0.73,0.7269315702757,21,0.8804,0.295750810564226,"Pickering|Total|1d"
110,"Ajax","1d","Total",-6,-86.05,-86.38,1.51063195355131,0.41,0.405143603138155,18,0.5214,0.31093214207412,"Ajax|Total|1d"
110,"Ajax","7d","Total",4,-285.94,-281.25,0.357430206745918,0.98,0.980397808487983,40,0.4127,0.262507705792744,"Ajax|Total|7d"
111,"Pickering","1d","Elementary",1,-123.22,-119.95,1.71623484561752,0.52,0.524830381874656,26,0.3416,0.231923532693301,"Pickering|Elementary|1d"
111,"Ajax","1d","Elementary",-6,-34.34,-51.54,1.15297195467957,0.86,0.862251804420082,11,0.2935,0.0274706660171753,"Ajax|Elementary|1d"
111,"Ajax","7d","Elementary",4,-204.81,-199.77,0.931494073890181,0.88,0.883439662173454,39,0.8235,0.33053585286849,"Ajax|Elementary|7d"
111,"Pickering","1d","Secondary",0,-145.22,-143.1,0.890747316086085,0.14,0.139392294045766,23,0.8396,0.159569170464777,"Pickering|Secondary|1d"
111,"Ajax","1d","Secondary",1,-50.45,-54.31,1.34579713320822,0.54,0.536078047249225,11,0.7342,0.0889307707022302,"Ajax|Secondary|1d"
111,"Ajax","5d","Secondary",-5,-244.27,-237.83,0.466911134743845,0.74,0.74273136526923,34,0.0672,0.332340790255312,"Ajax|Secondary|5d"
111,"Pickering","1d","Total",1,-133.15,-129.89,1.44511445547166,0.47,0.473253598228661,26,0.8843,0.298756114006518,"Pickering|Total|1d"
111,"Ajax","1d","Total",-6,-28.57,-55.49,0.844375814731123,0.88,0.878778556345651,11,0.3132,0.129923014062438,"Ajax|Total|1d"
112,"Pickering","1d","Elementary",1,-127.08,-123.81,1.7804468687767,0.62,0.624283803320803,26,0.3565,0.325388754213397,"Pickering|Elementary|1d"
112,"Ajax","1d","Elementary",1,-77.77,-77.74,1.84913985959939,0.59,0.589834021230777,17,0.6112,0.0801881657325132,"Ajax|Elementary|1d"
112,"Ajax","3d","Elementary",6,-137.92,-136.92,0.815282115957833,0.84,0.838335813875145,24,0.3334,0.31308708036974,"Ajax|Elementary|3d"
112,"Ajax","5d","Elementary",-4,-272.17,-264.27,0.547982439435978,0.94,0.94378825357401,45,0.1066,-0.0322260080405664,"Ajax|Elementary|5d"
112,"Ajax","7d","Elementary",-7,-258.06,-250.93,0.440411367261898,0.95,0.948772456767444,36,0.3051,0.335238424844982,"Ajax|Elementary|7d"
112,"Pickering","1d","Secondary",-6,-137.91,-137.87,0.681920248611774,0.67,0.665136317005981,23,0.2439,0.0687463664930949,"Pickering|Secondary|1d"
112,"Ajax","1d","Secondary",-6,-95.92,-95.24,1.15609064754139,0.18,0.184088401309156,17,0.9137,0.253504630052095,"Ajax|Secondary|1d"
112,"Ajax","3d","Secondary",7,-154.31,-151.91,0.757146486785154,0.72,0.720098596476033,24,0.3519,0.337379823544933,"Ajax|Secondary|3d"
112,"Ajax","5d","Secondary",5,-332.24,-321.06,0.406998572783935,0.91,0.912508431285684,44,0.0867,0.31847571587803,"Ajax|Secondary|5d"
112,"Ajax","7d","Secondary",-2,-373.11,-362.79,0.200913563101972,0.96,0.964538085078657,42,0.8555,0.361199535640173,"Ajax|Secondary|7d"
112,"Pickering","1d","Total",2,-116.58,-114.86,1.25729079084278,0.59,0.58756411852859,21,0.5065,0.125286385480624,"Pickering|Total|1d"
112,"Ajax","1d","Total",1,-92.06,-91.4,1.29268796813011,0.66,0.663135945087431,17,0.8978,-0.112421456115528,"Ajax|Total|1d"
112,"Ajax","3d","Total",6,-146.8,-145.61,0.689267429168401,0.84,0.842790528262468,24,0.2436,0.30155581304744,"Ajax|Total|3d"
112,"Ajax","5d","Total",-4,-288.43,-280.8,0.467284343875326,0.94,0.940854675282817,45,0.498,0.0303802840584059,"Ajax|Total|5d"
112,"Ajax","7d","Total",-2,-294.8,-284.47,0.499935903541717,0.92,0.923646124900174,42,0.075,0.368367410079257,"Ajax|Total|7d"
113,"Pickering","1d","Elementary",1,-124.77,-121.75,1.87447399050963,0.47,0.466363470659295,26,0.3489,0.30104045794368,"Pickering|Elementary|1d"
113,"Ajax","3d","Elementary",-5,-84.19,-88.67,0.948517407632833,0.76,0.755190172318995,16,0.8008,0.227130585731115,"Ajax|Elementary|3d"
113,"Ajax","7d","Elementary",-3,-273.56,-258.22,1.06803530692294,0.79,0.789558488656651,51,0.3339,0.396332027812458,"Ajax|Elementary|7d"
113,"Pickering","1d","Secondary",1,-163.13,-159.36,1.02573718760385,0.22,0.219069156726957,28,0.0517,0.224285248165755,"Pickering|Secondary|1d"
113,"Ajax","3d","Secondary",-3,-135.85,-138.8,0.248434717689705,0.44,0.435660759749598,17,0.5586,-0.119548709101688,"Ajax|Secondary|3d"
113,"Ajax","5d","Secondary",-6,-334.74,-321.39,0.73180055739141,0.71,0.708838979966134,51,0.6343,0.399685766179696,"Ajax|Secondary|5d"
113,"Ajax","7d","Secondary",-5,-350.78,-337.75,0.394092824507176,0.87,0.872821472763071,49,0.905,0.267989100638821,"Ajax|Secondary|7d"
113,"Pickering","1d","Total",1,-138.76,-136.07,1.51513160068323,0.44,0.438169604214318,26,0.3798,0.383868682558685,"Pickering|Total|1d"
113,"Ajax","3d","Total",-6,-97.33,-103.73,0.441376771721524,0.89,0.894443224130271,15,0.3378,-0.358648411803916,"Ajax|Total|3d"
113,"Ajax","5d","Total",-7,-299.82,-285.62,0.780183974487118,0.82,0.816370208515661,49,0.9707,0.371312927820776,"Ajax|Total|5d"
113,"Ajax","7d","Total",-3,-295.58,-280.23,0.859180677942979,0.8,0.801588643988997,51,0.4352,0.360278479520016,"Ajax|Total|7d"
114,"Pickering","1d","Elementary",-1,-99.46,-99.65,1.35860052489074,0.62,0.61665255563324,21,0.5392,0.29628626740893,"Pickering|Elementary|1d"
114,"Ajax","3d","Elementary",0,-84.76,-88.92,0.619022540108841,0.95,0.947434452800661,14,0.1218,-0.253295228153811,"Ajax|Elementary|3d"
114,"Ajax","5d","Elementary",-5,-143.84,-143.09,0.506389741783322,0.93,0.930083837374425,20,0.1407,-0.127655404034349,"Ajax|Elementary|5d"
114,"Pickering","1d","Secondary",1,-167.03,-163.09,1.09474877160196,0.15,0.145286557734142,29,0.3247,0.378513798831788,"Pickering|Secondary|1d"
114,"Ajax","3d","Secondary",0,-102.51,-109.64,0.298622689236144,0.93,0.925804342988255,14,0.8154,0.0749395629906083,"Ajax|Secondary|3d"
114,"Ajax","5d","Secondary",-2,-158.02,-162.53,0.258912198928201,0.98,0.983435108889996,20,0.4452,-0.306586979446822,"Ajax|Secondary|5d"
114,"Pickering","1d","Total",-1,-103.33,-102.14,1.33015084161945,0.37,0.374490797893941,20,0.2991,0.369119752685171,"Pickering|Total|1d"
114,"Ajax","3d","Total",0,-91.77,-94.77,0.536158188389007,0.94,0.940700957300764,14,0.3902,-0.149665464288611,"Ajax|Total|3d"
114,"Ajax","5d","Total",-4,-150.53,-150.85,0.371776295367546,0.96,0.956307151735593,20,0.4403,-0.273137246473802,"Ajax|Total|5d"
115,"Pickering","1d","Elementary",-7,-102.25,-100.53,1.73314451724426,0.38,0.384518018167365,21,0.3676,0.236388531316609,"Pickering|Elementary|1d"
115,"Ajax","3d","Elementary",4,-135.31,-134.94,0.453220328296045,0.88,0.881933485276714,19,0.7359,-0.21752409839054,"Ajax|Elementary|3d"
115,"Pickering","5d","Elementary",-7,-399.75,-374.07,1.05021043487605,0.81,0.806575099476301,71,0.6939,0.279207672433864,"Pickering|Elementary|5d"
115,"Pickering","1d","Secondary",1,-169.6,-166.04,0.92604091449736,0.37,0.365236890727183,28,0.0711,0.225905847418682,"Pickering|Secondary|1d"
115,"Ajax","3d","Secondary",7,-148.41,-150.36,0.22779408147649,0.74,0.74221712715038,18,0.5438,0.268713079574154,"Ajax|Secondary|3d"
115,"Ajax","5d","Secondary",-6,-402.61,-383.37,0.586454965933528,0.82,0.822919649141879,59,0.5822,0.299353849776859,"Ajax|Secondary|5d"
115,"Pickering","1d","Total",-6,-113.67,-111.53,1.64970309594128,0.39,0.393305331132583,23,0.0906,0.1199977165854,"Pickering|Total|1d"
115,"Ajax","3d","Total",4,-139.4,-138.48,0.476442221362385,0.83,0.832018005393147,19,0.6333,-0.0710142246589739,"Ajax|Total|3d"
115,"Pickering","5d","Total",-7,-433.13,-407.45,0.846555049925633,0.8,0.795297572251191,71,0.449,0.345949315304046,"Pickering|Total|5d"
116,"Pickering","1d","Elementary",1,-120.05,-116.82,1.84424607528527,0.41,0.414937462811261,26,0.1809,0.337527277317258,"Pickering|Elementary|1d"
116,"Ajax","5d","Elementary",7,-281.88,-268.94,0.808059853398785,0.88,0.881765089715179,47,0.5969,0.352025923250281,"Ajax|Elementary|5d"
116,"Pickering","1d","Secondary",1,-165.35,-161.56,0.996439453887557,0.31,0.313890447746989,28,0.2304,0.160940066848701,"Pickering|Secondary|1d"
116,"Ajax","5d","Secondary",2,-340.82,-330.67,0.52341267045461,0.84,0.842664355329605,47,0.208,0.347352055651478,"Ajax|Secondary|5d"
116,"Ajax","7d","Secondary",-2,-208.53,-207.1,0.232671275694759,0.97,0.971800935194799,25,0.3928,0.236204009180681,"Ajax|Secondary|7d"
116,"Pickering","1d","Total",1,-133.3,-130.05,1.48686241292255,0.42,0.424763860367765,26,0.582,0.363229630175393,"Pickering|Total|1d"
116,"Ajax","5d","Total",7,-312.48,-299.49,0.584963547133669,0.9,0.897064329009952,47,0.5524,0.297937405444116,"Ajax|Total|5d"
116,"Ajax","7d","Total",2,-173.86,-170.96,0.518927724384441,0.86,0.863950823916745,25,0.8579,0.389947879302161,"Ajax|Total|7d"
117,"Pickering","1d","Elementary",7,-105.3,-107.77,1.26010465610763,0.78,0.782918311924532,22,0.251,-0.00610502068781564,"Pickering|Elementary|1d"
117,"Ajax","1d","Elementary",-6,-53.93,-59.67,1.1751353349739,0.44,0.443467985243533,12,0.2997,0.175303109873684,"Ajax|Elementary|1d"
117,"Ajax","7d","Elementary",-1,-394.43,-372.13,0.701064648322765,0.95,0.945684262208381,62,0.7313,0.312944020227478,"Ajax|Elementary|7d"
117,"Pickering","1d","Secondary",1,-170.65,-166.27,0.948581136824826,0.37,0.373407602255872,29,0.7571,0.246717603199314,"Pickering|Secondary|1d"
117,"Ajax","1d","Secondary",-6,-70.27,-73.65,0.754975743188233,0.48,0.479591080939734,12,0.9467,0.126999205143184,"Ajax|Secondary|1d"
117,"Ajax","7d","Secondary",5,-437.53,-417.62,0.426015244872918,0.92,0.921226632775415,59,0.0588,0.361610209184846,"Ajax|Secondary|7d"
117,"Pickering","1d","Total",7,-118.53,-122.14,0.852299177245872,0.81,0.813980505628264,22,0.8656,0.232280928731808,"Pickering|Total|1d"
117,"Ajax","1d","Total",-6,-60.3,-66.7,0.853618777389318,0.55,0.55211937035014,12,0.4452,0.0875498501367527,"Ajax|Total|1d"
117,"Ajax","7d","Total",1,-427.25,-405.65,0.553920068149735,0.95,0.94908596679136,62,0.5755,0.281559074638266,"Ajax|Total|7d"
118,"Pickering","1d","Elementary",1,-122.86,-119.37,1.91817921524718,0.5,0.50173217780203,27,0.8819,0.372466894501033,"Pickering|Elementary|1d"
118,"Ajax","3d","Elementary",-7,-113.7,-114.35,1.29821318721909,0.75,0.746178590469493,24,0.3335,0.28783582692387,"Ajax|Elementary|3d"
118,"Ajax","5d","Elementary",5,-217.98,-213.73,0.465131338237847,0.95,0.95300151131741,31,0.6624,0.0434715979249084,"Ajax|Elementary|5d"
118,"Ajax","7d","Elementary",-4,-167.86,-170.59,0.484331435137141,0.94,0.942001038163062,26,0.9635,0.12596283182297,"Ajax|Elementary|7d"
118,"Pickering","1d","Secondary",-6,-140.61,-142.91,0.598310346084445,0.77,0.772546131785282,23,0.4692,-0.0626161305830674,"Pickering|Secondary|1d"
118,"Ajax","3d","Secondary",-6,-178.74,-175.18,0.678224218264589,0.69,0.685223692950544,27,0.1969,0.337197793360958,"Ajax|Secondary|3d"
118,"Ajax","5d","Secondary",2,-242.71,-237.77,0.341753234286878,0.88,0.882997869877703,31,0.1788,0.0889717684379749,"Ajax|Secondary|5d"
118,"Ajax","7d","Secondary",-4,-231.81,-233.66,0.144977823750326,0.96,0.958984220404349,26,0.8639,0.127381843726719,"Ajax|Secondary|7d"
118,"Pickering","1d","Total",0,-114.21,-117.33,0.848701158730924,0.8,0.796215861272954,21,0.9832,-0.0207989114717236,"Pickering|Total|1d"
118,"Ajax","3d","Total",-7,-121.96,-122.2,1.13115521039046,0.71,0.713400832403313,24,0.6164,0.350379433461221,"Ajax|Total|3d"
118,"Ajax","5d","Total",5,-226.6,-223.69,0.369263301731561,0.96,0.959313412427169,31,0.7353,-0.00666120901027973,"Ajax|Total|5d"
118,"Ajax","7d","Total",-4,-178.56,-181.61,0.391985331326608,0.95,0.946564810714659,26,0.8015,0.0757723466073506,"Ajax|Total|7d"
119,"Pickering","1d","Elementary",1,-123.65,-120.23,1.75568635408477,0.53,0.531352053975882,27,0.948,0.240633129218506,"Pickering|Elementary|1d"
119,"Ajax","1d","Elementary",1,-52.97,-61.05,1.75682324700203,0.72,0.720188559569571,15,0.6642,0.0988155838410619,"Ajax|Elementary|1d"
119,"Ajax","5d","Elementary",-2,-196.99,-192.52,0.652038768997471,0.92,0.918333182718692,32,0.4079,0.360599240781944,"Ajax|Elementary|5d"
119,"Ajax","7d","Elementary",-4,-243.77,-238.67,0.371950605180759,0.96,0.963658791017404,31,0.968,0.238651311933604,"Ajax|Elementary|7d"
119,"Pickering","1d","Secondary",1,-168.95,-165.31,1.09772404652133,0.16,0.156529002371113,29,0.3762,0.288281660146769,"Pickering|Secondary|1d"
119,"Ajax","1d","Secondary",0,-59.26,-60.45,1.42926394267977,0.13,0.126834319069843,12,0.5527,0.391276701939809,"Ajax|Secondary|1d"
119,"Ajax","5d","Secondary",-7,-227.07,-221.55,0.509970187424365,0.91,0.907866523081179,32,0.9435,0.286503251348792,"Ajax|Secondary|5d"
119,"Ajax","7d","Secondary",-3,-261.75,-257.02,0.255347431839127,0.89,0.887941757218308,31,0.5416,0.290296615388872,"Ajax|Secondary|7d"
119,"Pickering","1d","Total",1,-136.02,-132.44,1.46949975327149,0.47,0.46724147188818,27,0.9053,0.282759306844686,"Pickering|Total|1d"
119,"Ajax","1d","Total",1,-60.77,-70.25,1.20482479671863,0.8,0.79859281290699,15,0.1731,0.170691916849988,"Ajax|Total|1d"
119,"Ajax","5d","Total",7,-178.64,-177.23,0.496600094780846,0.93,0.926969234563997,26,0.9669,0.172294570005271,"Ajax|Total|5d"
119,"Ajax","7d","Total",-4,-252.01,-246.83,0.31416616996641,0.96,0.963915893960606,31,0.9225,0.259180243361028,"Ajax|Total|7d"
120,"Pickering","1d","Elementary",1,-123.61,-119.98,1.91919385078674,0.43,0.429048398515382,27,0.9235,0.306847110366935,"Pickering|Elementary|1d"
120,"Ajax","1d","Elementary",-6,-50.27,-51.52,2.36398114191378,0.34,0.337144887349172,13,0.4605,0.228451944862561,"Ajax|Elementary|1d"
120,"Ajax","3d","Elementary",7,-166.14,-162.17,0.907158825591663,0.77,0.774845702687883,28,0.2586,0.155663361557738,"Ajax|Elementary|3d"
120,"Ajax","5d","Elementary",-1,-117.98,-123.37,0.209939795822328,0.97,0.967909555581762,15,0.3266,0.383334188708323,"Ajax|Elementary|5d"
120,"Pickering","1d","Secondary",1,-171.46,-167.39,0.876617404926235,0.5,0.498511091109081,29,0.4101,0.38403581810607,"Pickering|Secondary|1d"
120,"Ajax","3d","Secondary",7,-186.02,-183.89,0.54361216407411,0.9,0.902381535003906,28,0.5762,-0.0563058142317991,"Ajax|Secondary|3d"
120,"Ajax","5d","Secondary",-3,-151.2,-151.65,0.112214583830088,0.29,0.289694440559644,15,0.5293,0.0719541535874437,"Ajax|Secondary|5d"
120,"Pickering","1d","Total",1,-136.45,-132.81,1.50295632550141,0.44,0.439618097924235,27,0.9573,0.371176895309843,"Pickering|Total|1d"
120,"Ajax","1d","Total",-6,-57.24,-58.17,1.79402904371114,0.36,0.358786109185038,13,0.2066,0.304877578242289,"Ajax|Total|1d"
120,"Ajax","3d","Total",7,-174.63,-171.55,0.6975746875896,0.85,0.848540468422667,28,0.9906,0.0264071336569763,"Ajax|Total|3d"
121,"Pickering","1d","Elementary",2,-108.8,-108.33,1.1145395129157,0.8,0.796581468926941,21,0.2361,-0.217597437985799,"Pickering|Elementary|1d"
121,"Ajax","1d","Elementary",1,-52.64,-61.13,0.834397600463071,0.88,0.878673303279496,11,0.7577,0.0482991976591096,"Ajax|Elementary|1d"
121,"Ajax","5d","Elementary",0,-157.72,-158.24,0.709273475135649,0.9,0.898864057766765,27,0.4057,0.175461314301674,"Ajax|Elementary|5d"
121,"Ajax","7d","Elementary",-5,-253.05,-243.34,0.827937329140246,0.91,0.90905855900279,41,0.5353,0.166913804336649,"Ajax|Elementary|7d"
121,"Pickering","1d","Secondary",3,-141.6,-144.54,0.50857865037428,0.77,0.767666326980756,22,0.9415,0.249924662370703,"Pickering|Secondary|1d"
121,"Ajax","1d","Secondary",-6,-45.97,-56.34,0.982286945532922,0.54,0.540198037337023,11,0.1822,0.200105808596004,"Ajax|Secondary|1d"
121,"Ajax","5d","Secondary",4,-200.47,-197.09,0.436533968386011,0.81,0.814136398306926,27,0.5581,0.0695590281118964,"Ajax|Secondary|5d"
121,"Ajax","7d","Secondary",2,-294.08,-284.48,0.450394044002734,0.93,0.928351213410119,41,0.9816,-0.0853750961107187,"Ajax|Secondary|7d"
121,"Pickering","1d","Total",2,-114.72,-113.85,1.05322396687725,0.67,0.666286370472329,21,0.4256,0.115133419459761,"Pickering|Total|1d"
121,"Ajax","1d","Total",1,-43.63,-58.53,0.876592876138061,0.86,0.864217933753079,11,0.4743,0.276139794785823,"Ajax|Total|1d"
121,"Ajax","5d","Total",0,-165.41,-165.88,0.614354932610541,0.89,0.890767148110057,27,0.237,0.197070750861612,"Ajax|Total|5d"
121,"Ajax","7d","Total",3,-276.55,-267.45,0.581935118377439,0.95,0.946541660129781,40,0.0866,0.263146339896058,"Ajax|Total|7d"
122,"Pickering","1d","Elementary",-1,-93.38,-91.85,1.92317327040552,0.24,0.2449207334779,21,0.5992,0.313871447345877,"Pickering|Elementary|1d"
122,"Ajax","7d","Elementary",6,-168.92,-169.4,0.562275416428898,0.94,0.93847937252747,27,0.1281,0.298587510940231,"Ajax|Elementary|7d"
122,"Pickering","1d","Secondary",-6,-140.69,-138.08,1.02090569626247,0.27,0.273896928675126,24,0.937,0.352198882906023,"Pickering|Secondary|1d"
122,"Ajax","7d","Secondary",-4,-242.17,-239.44,0.29249767365998,0.96,0.963152131302116,32,0.5457,0.132163193176293,"Ajax|Secondary|7d"
122,"Pickering","1d","Total",-6,-108.46,-106.29,1.68385343655438,0.42,0.419520151901284,23,0.2831,0.384042784411669,"Pickering|Total|1d"
122,"Ajax","7d","Total",7,-160.46,-161.69,0.518528663583369,0.92,0.915675870897775,25,0.0925,0.371506632232138,"Ajax|Total|7d"
123,"Pickering","1d","Elementary",1,-131.67,-128.71,1.38925519003631,0.73,0.732055180477475,26,0.7858,-0.0371586530953223,"Pickering|Elementary|1d"
123,"Ajax","5d","Elementary",7,-105.3,-105.65,0.97409758205674,0.69,0.685658491231667,19,0.9348,0.384413618149801,"Ajax|Elementary|5d"
123,"Pickering","1d","Secondary",0,-145.75,-143.48,0.819551844716146,0.41,0.406629691185165,23,0.3191,0.208983335533113,"Pickering|Secondary|1d"
123,"Ajax","3d","Secondary",7,-222.06,-215.61,0.985844753007018,0.47,0.469629641506372,37,0.3733,0.347943148290185,"Ajax|Secondary|3d"
123,"Ajax","5d","Secondary",-1,-129.45,-130.06,0.540416586378873,0.39,0.392904974128116,19,0.1574,0.347898134942318,"Ajax|Secondary|5d"
123,"Pickering","1d","Total",1,-144.36,-142.17,1.03820936233035,0.77,0.768274313140907,26,0.6178,0.0149546753258674,"Pickering|Total|1d"
123,"Ajax","5d","Total",-7,-83.99,-88.09,0.671717021016345,0.71,0.713615194207718,14,0.5429,-0.00773005726411304,"Ajax|Total|5d"
124,"Pickering","1d","Elementary",2,-89.38,-91.27,1.59111036516696,0.7,0.702972226655958,20,0.9139,0.222244102564903,"Pickering|Elementary|1d"
124,"Ajax","1d","Elementary",-6,-48.4,-49.8,2.12269730647733,0.23,0.230774039363512,12,0.482,0.29705257176932,"Ajax|Elementary|1d"
124,"Pickering","3d","Elementary",-3,-330.6,-311.44,1.30996928894571,0.69,0.693703380363322,62,0.0528,0.385144211521372,"Pickering|Elementary|3d"
124,"Ajax","3d","Elementary",7,-104.45,-115.83,0.539856285271136,0.93,0.929023524778242,19,0.6303,0.129589044386277,"Ajax|Elementary|3d"
124,"Pickering","1d","Secondary",1,-173.39,-169.01,0.895311532827951,0.44,0.437308714411432,29,0.7332,0.212383553946688,"Pickering|Secondary|1d"
124,"Ajax","3d","Secondary",-5,-114.38,-117.49,0.603295324405074,0.7,0.69526862097154,18,0.8485,0.0125520948253726,"Ajax|Secondary|3d"
124,"Ajax","5d","Secondary",-2,-329.88,-321.19,0.264846444458689,0.97,0.969660645168071,42,0.5809,0.209878197342897,"Ajax|Secondary|5d"
124,"Pickering","1d","Total",2,-106.62,-106.87,1.12203581989797,0.69,0.685355482211822,20,0.4932,0.241427509856049,"Pickering|Total|1d"
124,"Ajax","1d","Total",-6,-50.12,-52.11,1.8706414884885,0.21,0.210045226458135,12,0.1578,0.320278556660175,"Ajax|Total|1d"
124,"Ajax","3d","Total",7,-113.93,-122.85,0.465563625334648,0.92,0.915757590772096,19,0.9344,0.0517195435056909,"Ajax|Total|3d"
125,"Pickering","1d","Elementary",0,-98.44,-96.51,2.25925379680955,0.18,0.184766171749446,22,0.8926,0.385407311783139,"Pickering|Elementary|1d"
125,"Ajax","3d","Elementary",-2,-103.39,-103.63,0.904126195339733,0.59,0.589687502293517,18,0.2152,0.321887109784481,"Ajax|Elementary|3d"
125,"Ajax","5d","Elementary",-2,-232.55,-224.75,0.705585081116379,0.89,0.88696085466555,37,0.9735,0.367963778963563,"Ajax|Elementary|5d"
125,"Ajax","7d","Elementary",-7,-202.59,-198.24,0.559820579028777,0.92,0.915866857641973,30,0.8157,0.220600665484695,"Ajax|Elementary|7d"
125,"Pickering","1d","Secondary",1,-167.46,-164.48,1.08567684042277,0.23,0.228089732432204,28,0.8047,0.37570779169566,"Pickering|Secondary|1d"
125,"Ajax","3d","Secondary",2,-137.83,-142.8,0.290025056142597,0.94,0.940930373162519,18,0.5743,-0.393703069817637,"Ajax|Secondary|3d"
125,"Ajax","5d","Secondary",-4,-294.48,-286.92,0.304375413498178,0.91,0.905375495241965,37,0.3244,0.225585325275531,"Ajax|Secondary|5d"
125,"Ajax","7d","Secondary",-4,-298.88,-291.55,0.276704820297462,0.9,0.901882194517823,36,0.1409,0.383030327577262,"Ajax|Secondary|7d"
125,"Pickering","1d","Total",-6,-104.16,-102.14,1.8165306654777,0.38,0.383155805165025,22,0.5011,0.217696781472539,"Pickering|Total|1d"
125,"Ajax","3d","Total",-1,-118.6,-123.43,0.424817961283109,0.88,0.88191613624475,18,0.4173,0.248216541712792,"Ajax|Total|3d"
125,"Ajax","5d","Total",-3,-246.99,-239.45,0.548646281978585,0.91,0.910582025798761,37,0.8943,0.39354570646418,"Ajax|Total|5d"
125,"Ajax","7d","Total",-7,-217.61,-213.37,0.431763767464067,0.93,0.929353879966307,30,0.8639,0.198154701467486,"Ajax|Total|7d"
126,"Pickering","1d","Elementary",3,-83.43,-81.98,2.37150673822869,0.12,0.121012451817077,20,0.4723,0.310233094129519,"Pickering|Elementary|1d"
126,"Ajax","3d","Elementary",-4,-71.32,-83.25,0.689035789334966,0.93,0.930983562317353,14,0.1378,0.0258752401103028,"Ajax|Elementary|3d"
126,"Ajax","5d","Elementary",3,-115.14,-116.04,0.952472899967779,0.83,0.830749586846491,21,0.1564,0.395847811766871,"Ajax|Elementary|5d"
126,"Ajax","7d","Elementary",2,-232.03,-226.2,0.478352844466488,0.95,0.950896381466799,33,0.4895,0.307319489307454,"Ajax|Elementary|7d"
126,"Pickering","1d","Secondary",1,-170.78,-166.98,1.04090709805271,0.23,0.23033215415832,29,0.3677,0.291634048565807,"Pickering|Secondary|1d"
126,"Ajax","3d","Secondary",2,-102.81,-105.4,0.509061169662366,0.83,0.828430930023332,15,0.212,0.0400292032758846,"Ajax|Secondary|3d"
126,"Ajax","5d","Secondary",4,-144.89,-146.2,0.479854735067968,0.77,0.773802526280376,21,0.6541,0.264593689613231,"Ajax|Secondary|5d"
126,"Ajax","7d","Secondary",1,-271.13,-265.41,0.276786960379877,0.97,0.972517527377331,33,0.0838,0.161766614686175,"Ajax|Secondary|7d"
126,"Pickering","1d","Total",3,-90.76,-89.52,1.90768218405139,0.1,0.0954623546744187,19,0.5015,0.289694297438218,"Pickering|Total|1d"
126,"Ajax","3d","Total",-5,-82.53,-95.98,0.390998649049528,0.95,0.953269817411536,14,0.5214,0.365832722377728,"Ajax|Total|3d"
126,"Ajax","5d","Total",6,-131.6,-132.15,0.661297515603923,0.85,0.851261699377687,21,0.9954,0.341336911848856,"Ajax|Total|5d"
126,"Ajax","7d","Total",2,-249.26,-243.47,0.361198313439215,0.96,0.962630742823781,33,0.6156,0.34246803281545,"Ajax|Total|7d"
127,"Pickering","1d","Elementary",7,-97.17,-107.17,0.936288940489732,0.84,0.84238698414974,22,0.0982,0.38080698600416,"Pickering|Elementary|1d"
127,"Ajax","5d","Elementary",-2,-93.29,-104.02,0.403900643953537,0.97,0.966116753531006,15,0.5055,-0.275841315389399,"Ajax|Elementary|5d"
127,"Pickering","1d","Secondary",-6,-136.49,-133.87,1.07350543721677,0.17,0.16517435973675,24,0.3964,0.39966343590046,"Pickering|Secondary|1d"
127,"Ajax","5d","Secondary",-3,-143.93,-151.09,0.0858728618223909,0.93,0.928065527256167,15,0.8472,-0.212408218143937,"Ajax|Secondary|5d"
127,"Pickering","1d","Total",-1,-98.27,-97.83,1.39182455834376,0.33,0.33222242193106,20,0.243,0.360328769327632,"Pickering|Total|1d"
127,"Ajax","5d","Total",-2,-102.22,-112.94,0.296424044418139,0.96,0.963426901452045,15,0.7614,-0.259519947982874,"Ajax|Total|5d"
128,"Pickering","1d","Elementary",3,-85.1,-83.62,2.43934366423875,0.11,0.107170414821078,20,0.2205,0.302657435911511,"Pickering|Elementary|1d"
128,"Ajax","1d","Elementary",1,-83.05,-82.1,2.01731251148614,0.4,0.402685045164471,18,0.7093,0.236028870096462,"Ajax|Elementary|1d"
128,"Ajax","7d","Elementary",-3,-294.9,-282.25,0.777123852075115,0.93,0.92863649202888,47,0.0846,0.396108389317368,"Ajax|Elementary|7d"
128,"Pickering","1d","Secondary",1,-172.82,-168.69,0.874723598635539,0.51,0.513062031143774,29,0.7884,0.312200129211332,"Pickering|Secondary|1d"
128,"Ajax","1d","Secondary",0,-81.86,-84.3,0.913022105393621,0.6,0.602122478306623,15,0.9998,0.353312538643311,"Ajax|Secondary|1d"
128,"Ajax","7d","Secondary",6,-314.72,-304.52,0.40517581889393,0.93,0.933546891895975,42,0.0682,0.265207058508805,"Ajax|Secondary|7d"
128,"Pickering","1d","Total",3,-90.49,-89.25,1.95923771775035,0.06,0.0578945538586802,19,0.3188,0.329068476679636,"Pickering|Total|1d"
128,"Ajax","1d","Total",1,-87.07,-86.89,1.53519848582733,0.46,0.457608915936853,18,0.8836,0.238976341631865,"Ajax|Total|1d"
128,"Ajax","7d","Total",5,-286.42,-275.24,0.663707653347243,0.92,0.922659421120831,44,0.0915,0.382732479097089,"Ajax|Total|7d"
129,"Pickering","1d","Elementary",-6,-98.36,-96.11,2.32335523091061,0.31,0.31442493887185,23,0.8603,0.355056304634623,"Pickering|Elementary|1d"
129,"Ajax","5d","Elementary",-1,-111.41,-120.49,0.311993918789812,0.97,0.971593194858366,16,0.1856,-0.197627322529381,"Ajax|Elementary|5d"
129,"Pickering","1d","Secondary",0,-142.37,-140.27,0.88730589429745,0.29,0.290560170837962,24,0.4373,0.363779307463271,"Pickering|Secondary|1d"
129,"Ajax","5d","Secondary",-1,-140.37,-148.66,0.129757713118762,0.98,0.980089263160849,16,0.5037,-0.250254289357405,"Ajax|Secondary|5d"
129,"Ajax","7d","Secondary",-6,-480.56,-458.85,0.321045659636247,0.95,0.94647496720647,61,0.2643,0.24662373187963,"Ajax|Secondary|7d"
129,"Pickering","1d","Total",-6,-109.63,-107.34,1.82492230644039,0.33,0.331066205985839,23,0.7624,0.349309777143794,"Pickering|Total|1d"
129,"Ajax","5d","Total",-1,-121.39,-131.56,0.214230549105379,0.98,0.979806120936657,16,0.0668,-0.249522553941092,"Ajax|Total|5d"
130,"Pickering","1d","Elementary",-1,-94.4,-93.12,2.00355001182625,0,3.41793597960784e-05,20,0.3547,0.391205516999566,"Pickering|Elementary|1d"
130,"Ajax","3d","Elementary",0,-93.07,-92.41,1.23240562009059,0.4,0.3982387058385,17,0.8417,0.341098787597475,"Ajax|Elementary|3d"
130,"Pickering","1d","Secondary",1,-161.74,-157.88,1.03928641887867,0.24,0.238469398591334,28,0.1724,0.362819557413166,"Pickering|Secondary|1d"
130,"Ajax","3d","Secondary",5,-77.57,-80.1,1.358919595967,0.5,0.501001788497574,17,0.3566,0.0714051644067072,"Ajax|Secondary|3d"
130,"Ajax","5d","Secondary",-2,-412.2,-394.88,0.468854641632406,0.9,0.898027849212438,56,0.7489,0.216631940027097,"Ajax|Secondary|5d"
130,"Pickering","1d","Total",3,-85.45,-84.47,1.99872211214502,0,6.92228117669127e-05,18,0.2682,0.341335553169768,"Pickering|Total|1d"
130,"Ajax","3d","Total",-6,-64.44,-68.01,1.45504803917955,0.56,0.561944789205816,14,0.253,0.374032074114656,"Ajax|Total|3d"
131,"Pickering","1d","Elementary",-6,-94.88,-93.31,2.08767288583485,0.47,0.469928242087319,23,0.51,0.310484188668852,"Pickering|Elementary|1d"
131,"Ajax","3d","Elementary",-4,-233.54,-221.43,1.39785694282346,0.69,0.690002424186724,46,0.158,0.306599083757152,"Ajax|Elementary|3d"
131,"Ajax","7d","Elementary",5,-273.53,-262.49,0.69836855368684,0.95,0.951149416450156,45,0.4786,0.290191191568775,"Ajax|Elementary|7d"
131,"Pickering","1d","Secondary",1,-161.73,-158.71,1.12528272056987,0.09,0.0903391359314286,28,0.098,0.289568551733472,"Pickering|Secondary|1d"
131,"Ajax","7d","Secondary",-6,-352.03,-339.65,0.36096645650568,0.94,0.935639233848009,48,0.0533,0.0255219301756501,"Ajax|Secondary|7d"
131,"Pickering","1d","Total",-6,-108.85,-106.71,1.9288688258271,0.25,0.246754310651919,23,0.1855,0.360837154248654,"Pickering|Total|1d"
131,"Ajax","7d","Total",-2,-306.13,-293.1,0.757197763051805,0.89,0.894313894918027,48,0.7557,0.396444914414777,"Ajax|Total|7d"
132,"Pickering","1d","Elementary",6,-81.99,-81.7,1.92896466287721,0.43,0.42532005486931,20,0.0954,0.330731439768015,"Pickering|Elementary|1d"
132,"Ajax","1d","Elementary",-6,-72.91,-72.18,2.28888354078657,0.1,0.0982072661308005,17,0.2139,0.27358332659942,"Ajax|Elementary|1d"
132,"Ajax","3d","Elementary",1,-99.07,-99.07,0.922261585390649,0.83,0.832269881693053,17,0.2006,0.0151330773102537,"Ajax|Elementary|3d"
132,"Ajax","5d","Elementary",3,-189.13,-184.32,0.839094017339584,0.85,0.850499031689643,32,0.9488,0.160356801828128,"Ajax|Elementary|5d"
132,"Ajax","7d","Elementary",-4,-195.05,-192.8,0.377314732709731,0.94,0.940717735131553,26,0.0921,0.208484476724455,"Ajax|Elementary|7d"
132,"Pickering","1d","Secondary",-1,-129.93,-128.52,0.768777680627722,0.2,0.203701178248995,20,0.1992,0.386290703667686,"Pickering|Secondary|1d"
132,"Ajax","1d","Secondary",-6,-94.71,-93.96,1.19629743797218,0.08,0.0786910423077664,17,0.2733,0.386496149028925,"Ajax|Secondary|1d"
132,"Ajax","3d","Secondary",-2,-134.91,-139.47,0.187831401695129,0.9,0.898898410253195,16,0.8471,0.159126887998824,"Ajax|Secondary|3d"
132,"Ajax","5d","Secondary",6,-214.47,-210.74,0.417468339157963,0.94,0.937988845133997,29,0.9566,0.177686142527157,"Ajax|Secondary|5d"
132,"Ajax","7d","Secondary",1,-225.99,-223.41,0.218120044554328,0.88,0.881945210552946,26,0.6664,0.249027049769853,"Ajax|Secondary|7d"
132,"Pickering","1d","Total",6,-85.35,-87.19,1.39031672410077,0.49,0.493967941792362,19,0.0918,0.350064131457698,"Pickering|Total|1d"
132,"Ajax","1d","Total",-6,-80.72,-79.96,1.80396928301847,0.07,0.0693008713654617,17,0.1079,0.299437156684748,"Ajax|Total|1d"
132,"Ajax","3d","Total",0,-108.84,-108.83,0.709225033566034,0.81,0.809217535505632,17,0.1031,-0.0287917467458498,"Ajax|Total|3d"
132,"Ajax","5d","Total",3,-202.59,-198.01,0.661380470151116,0.88,0.884397166130592,32,0.5643,0.143155969372554,"Ajax|Total|5d"
132,"Ajax","7d","Total",-4,-202.89,-200.48,0.332266653247407,0.93,0.933427392465526,26,0.0698,0.280208354076377,"Ajax|Total|7d"
133,"Pickering","1d","Elementary",3,-78.32,-77.18,2.34305562449023,0.14,0.139210974529245,19,0.4752,0.394394500264866,"Pickering|Elementary|1d"
133,"Ajax","1d","Elementary",1,-42.45,-44.96,2.7527452371584,0.31,0.313321936441985,12,0.7642,0.399409554581983,"Ajax|Elementary|1d"
133,"Ajax","3d","Elementary",-4,-86.4,-86.52,1.20702994072434,0.43,0.42830587494746,16,0.9228,0.102346821602659,"Ajax|Elementary|3d"
133,"Ajax","5d","Elementary",3,-245.67,-235.98,0.876843864979193,0.81,0.813862498395582,41,0.8054,0.0590313901445828,"Ajax|Elementary|5d"
133,"Pickering","1d","Secondary",0,-147.14,-144.83,0.802454694456479,0.47,0.465824772522549,23,0.1037,-0.0835331457597335,"Pickering|Secondary|1d"
133,"Ajax","3d","Secondary",-4,-110.86,-118.88,0.329526894886702,0.91,0.908557307399099,16,0.6585,-0.228952018479944,"Ajax|Secondary|3d"
133,"Ajax","5d","Secondary",1,-275.43,-265.73,0.618899431499509,0.75,0.75090061575801,41,0.7023,0.395450296432282,"Ajax|Secondary|5d"
133,"Ajax","7d","Secondary",2,-494.17,-471.78,0.298528002316663,0.95,0.952952553248011,62,0.9786,0.175149172015059,"Ajax|Secondary|7d"
133,"Ajax","3d","Total",-4,-96.62,-96.99,0.838577365694713,0.6,0.604053276760125,16,0.5012,0.0873646355772804,"Ajax|Total|3d"
133,"Ajax","5d","Total",3,-256.67,-246.89,0.743652142809229,0.8,0.7963426822478,41,0.2371,0.141824384850277,"Ajax|Total|5d"
134,"Pickering","1d","Elementary",-6,-107.57,-106.25,1.65451275774489,0.72,0.716254131088205,23,0.1563,0.175906950548816,"Pickering|Elementary|1d"
134,"Ajax","1d","Elementary",-6,-80.33,-83.07,0.944847158399361,0.78,0.783800668586181,15,0.682,-0.221458244303635,"Ajax|Elementary|1d"
134,"Ajax","3d","Elementary",-3,-94.86,-113.17,0.320932555376091,0.94,0.943335708816558,16,0.5658,-0.104298363175886,"Ajax|Elementary|3d"
134,"Ajax","5d","Elementary",4,-205.84,-196.03,1.4223021931583,0.74,0.736257388764437,41,0.0951,0.39588667096375,"Ajax|Elementary|5d"
134,"Pickering","1d","Secondary",1,-167.65,-163.57,1.05853273547319,0.19,0.189724862533109,29,0.122,0.219996693508769,"Pickering|Secondary|1d"
134,"Ajax","1d","Secondary",-1,-56.11,-71.58,0.50830636262852,0.85,0.848812720552893,11,0.2112,-0.0901343359457393,"Ajax|Secondary|1d"
134,"Ajax","3d","Secondary",5,-116.6,-119.81,0.215044273766146,0.45,0.45295155275278,14,0.2442,-0.0309500812365943,"Ajax|Secondary|3d"
134,"Pickering","1d","Total",-5,-114.81,-116.24,0.616444701015508,0.9,0.904281736967587,18,0.8924,-0.0125391588593877,"Pickering|Total|1d"
134,"Ajax","1d","Total",-6,-86.11,-89.12,0.777624300958521,0.78,0.784875220955917,15,0.8694,-0.0247616508602263,"Ajax|Total|1d"
134,"Ajax","3d","Total",-3,-109.03,-117.97,0.321893947281668,0.92,0.921271336668752,16,0.5257,-0.147810158800937,"Ajax|Total|3d"
135,"Pickering","1d","Elementary",-6,-94.24,-92.3,2.12614072297374,0.46,0.459509836601601,22,0.9818,0.174198586600104,"Pickering|Elementary|1d"
135,"Ajax","3d","Elementary",-6,-230.09,-219.41,1.2667506964271,0.79,0.788018367976985,43,0.2532,0.398273455698074,"Ajax|Elementary|3d"
135,"Ajax","5d","Elementary",2,-280.51,-264.67,1.20846527292524,0.87,0.868122252445953,52,0.8737,0.382338223561287,"Ajax|Elementary|5d"
135,"Ajax","7d","Elementary",-7,-127.81,-129.27,0.417705997541463,0.81,0.812074305548141,18,0.8373,0.0634582783417307,"Ajax|Elementary|7d"
135,"Pickering","1d","Secondary",1,-162.69,-158.75,1.02881804003567,0.28,0.28062820115978,28,0.3367,0.229632899585993,"Pickering|Secondary|1d"
135,"Ajax","3d","Secondary",7,-233.1,-224.31,0.875181462411764,0.77,0.771016247638147,40,0.8239,0.26514912002946,"Ajax|Secondary|3d"
135,"Ajax","7d","Secondary",-1,-164.91,-166.07,0.153287722423847,0.61,0.607866156944963,18,0.3333,-0.0971298693240027,"Ajax|Secondary|7d"
135,"Pickering","1d","Total",-6,-102.76,-100.94,1.74486230828513,0.42,0.421382886602176,22,0.8928,0.24282538848202,"Pickering|Total|1d"
135,"Ajax","3d","Total",2,-231.33,-227.3,0.754144658444758,0.92,0.919509686630842,43,0.3276,0.151687345082953,"Ajax|Total|3d"
135,"Ajax","7d","Total",-2,-131.01,-131.49,0.421008161974391,0.8,0.798648093753352,18,0.3368,0.25524560415103,"Ajax|Total|7d"
136,"Pickering","1d","Elementary",7,-94.42,-92.7,2.0230959506189,0.27,0.26894182826721,21,0.1511,0.387437508334484,"Pickering|Elementary|1d"
136,"Ajax","1d","Elementary",1,-73.12,-74.01,1.94643049379452,0.38,0.383313953543207,17,0.0867,0.25426437760765,"Ajax|Elementary|1d"
136,"Ajax","3d","Elementary",-4,-79.59,-84.65,0.599689942664082,0.62,0.617679612257192,13,0.1013,-0.132495122037684,"Ajax|Elementary|3d"
136,"Ajax","5d","Elementary",-3,-137.38,-136.69,0.538817228592724,0.9,0.895054094099802,20,0.0905,-0.0994247453501265,"Ajax|Elementary|5d"
136,"Pickering","1d","Secondary",1,-167.27,-164.28,1.06230425842221,0.25,0.245175489854483,28,0.1377,0.365104333700768,"Pickering|Secondary|1d"
136,"Ajax","1d","Secondary",2,-69.94,-71.09,1.10217347108739,0.24,0.238277523753123,13,0.2162,0.213895901292615,"Ajax|Secondary|1d"
136,"Ajax","3d","Secondary",4,-101.14,-101.2,0.702346682221641,0.49,0.492179947179883,15,0.3006,0.100381491298907,"Ajax|Secondary|3d"
136,"Ajax","5d","Secondary",-4,-173.08,-172.37,0.241848647785727,0.89,0.892062889889911,20,0.1759,-0.239191479611129,"Ajax|Secondary|5d"
136,"Pickering","1d","Total",3,-89.4,-91.36,1.14813548094394,0.66,0.655760247938281,18,0.1502,0.185566991951878,"Pickering|Total|1d"
136,"Ajax","1d","Total",1,-79.11,-80.7,1.48181114198741,0.44,0.435272688414431,17,0.1873,0.273902071943185,"Ajax|Total|1d"
136,"Ajax","3d","Total",3,-86.78,-89.61,0.801991643391728,0.63,0.625055699763817,15,0.7832,0.310467694892451,"Ajax|Total|3d"
136,"Ajax","5d","Total",-3,-147.1,-146.4,0.426476613473957,0.9,0.902527822772106,20,0.2565,-0.136620334287492,"Ajax|Total|5d"
137,"Pickering","1d","Elementary",3,-81.18,-80.29,2.18783648998677,0.34,0.335983217482606,19,0.8797,0.12029054140362,"Pickering|Elementary|1d"
137,"Ajax","1d","Elementary",1,-32.8,-47.8,1.51224845895423,0.79,0.794154340068442,11,0.9939,0.027380592922462,"Ajax|Elementary|1d"
137,"Ajax","3d","Elementary",0,-277.22,-265.33,1.36391487434368,0.77,0.772412754717735,51,0.3223,0.383524019012938,"Ajax|Elementary|3d"
137,"Ajax","5d","Elementary",-7,-131.67,-134.92,0.398243747102378,0.93,0.926998440767701,19,0.4249,0.129024685353069,"Ajax|Elementary|5d"
137,"Ajax","7d","Elementary",-7,-129.1,-129.65,0.294168888746833,0.9,0.902208544049901,16,0.7523,-0.0932680418934569,"Ajax|Elementary|7d"
137,"Pickering","1d","Secondary",0,-140.65,-138.43,0.986351408439489,0.11,0.112373495113005,23,0.7084,0.370788110800931,"Pickering|Secondary|1d"
137,"Ajax","1d","Secondary",-6,-64.85,-69.9,0.647899824722986,0.83,0.834642946459078,11,0.355,-0.142772823390748,"Ajax|Secondary|1d"
137,"Ajax","3d","Secondary",-1,-270.93,-258.89,1.22698069162065,0.56,0.564376477375251,50,0.3416,0.35213497884868,"Ajax|Secondary|3d"
137,"Ajax","5d","Secondary",1,-145.67,-146.8,0.417005887320446,0.8,0.802195456741497,20,0.3987,0.290740246472096,"Ajax|Secondary|5d"
137,"Ajax","7d","Secondary",-1,-159.12,-160.49,0.107048027992385,0.69,0.688000842573375,16,0.4477,-0.380452978363682,"Ajax|Secondary|7d"
137,"Pickering","1d","Total",3,-84.01,-83.75,1.77003917159051,0.3,0.298294571516788,18,0.9244,0.216979349882862,"Pickering|Total|1d"
137,"Ajax","5d","Total",-3,-138.75,-142.27,0.411564385053267,0.95,0.951679266296751,20,0.5516,-0.00291410942000347,"Ajax|Total|5d"
137,"Ajax","7d","Total",1,-138.4,-138.94,0.21493176788903,0.88,0.875239906853936,16,0.104,0.121013682259009,"Ajax|Total|7d"
138,"Pickering","1d","Elementary",-1,-94.35,-92.6,2.03355727628676,0.13,0.128398183678688,21,0.1347,0.315504784024824,"Pickering|Elementary|1d"
138,"Ajax","1d","Elementary",-6,-59.99,-66.33,1.50026897640441,0.66,0.658415975685766,15,0.6913,0.131248937864545,"Ajax|Elementary|1d"
138,"Ajax","3d","Elementary",-3,-220.48,-214.37,0.829372997524812,0.87,0.871869793251422,39,0.4163,0.376462500622781,"Ajax|Elementary|3d"
138,"Ajax","5d","Elementary",0,-132.66,-131.42,0.759901860720587,0.83,0.827000157279434,21,0.4285,0.220967260495547,"Ajax|Elementary|5d"
138,"Pickering","1d","Secondary",1,-165.68,-162.72,1.08328224636444,0.14,0.136333909269341,28,0.3372,0.38188152652258,"Pickering|Secondary|1d"
138,"Ajax","1d","Secondary",-5,-76.57,-78.8,0.485158084857143,0.85,0.851943542929819,11,0.5437,-0.188682267639585,"Ajax|Secondary|1d"
138,"Ajax","3d","Secondary",-5,-284.31,-275.96,0.518238516077289,0.89,0.887629272158559,39,0.2239,0.0396812810282258,"Ajax|Secondary|3d"
138,"Ajax","5d","Secondary",-3,-174.7,-173.13,0.294487419624226,0.75,0.752671380084135,21,0.298,0.141375509163919,"Ajax|Secondary|5d"
138,"Ajax","7d","Secondary",-3,-456.58,-438.01,0.415656312413397,0.9,0.901862207771435,60,0.6336,0.387797003321441,"Ajax|Secondary|7d"
138,"Pickering","1d","Total",-1,-99.89,-98.44,1.56643619838358,0.15,0.146274341684251,20,0.0945,0.394501629507451,"Pickering|Total|1d"
138,"Ajax","1d","Total",-6,-64.82,-70.61,1.28747524398737,0.6,0.599488918657519,15,0.1718,0.0927366281506165,"Ajax|Total|1d"
138,"Ajax","5d","Total",-3,-140.72,-141.87,0.503594032227068,0.84,0.835573027823436,21,0.2707,0.106983541095962,"Ajax|Total|5d"
138,"Ajax","7d","Total",-7,-434.88,-416.86,0.365201128161669,0.96,0.955391870940035,56,0.554,0.356545765244959,"Ajax|Total|7d"
139,"Pickering","1d","Elementary",-6,-101.58,-99.67,1.94509989402024,0.57,0.572999352193282,23,0.3784,0.300581171767246,"Pickering|Elementary|1d"
139,"Ajax","1d","Elementary",1,-60.28,-64.48,1.50666732391758,0.76,0.761231638134638,14,0.1182,0.120538534979813,"Ajax|Elementary|1d"
139,"Ajax","3d","Elementary",-1,-152.34,-149.15,0.966755484907332,0.78,0.784088723780853,27,0.2474,0.168107354628958,"Ajax|Elementary|3d"
139,"Ajax","5d","Elementary",0,-215.41,-208.04,0.880630575773464,0.84,0.835676943070389,37,0.0675,0.203125257881531,"Ajax|Elementary|5d"
139,"Pickering","1d","Secondary",7,-140.46,-138.18,0.894738803004661,0.45,0.448225836157198,23,0.0822,0.256358251857887,"Pickering|Secondary|1d"
139,"Ajax","1d","Secondary",1,-73.5,-80.39,0.770837996840077,0.84,0.84304297963946,14,0.0994,0.199491894279927,"Ajax|Secondary|1d"
139,"Ajax","3d","Secondary",-6,-169.21,-165.6,0.793369096197191,0.78,0.783695180505427,27,0.3479,0.314179280127756,"Ajax|Secondary|3d"
139,"Ajax","5d","Secondary",-3,-268.64,-260.88,0.459922891894965,0.79,0.789485173835171,37,0.5815,0.279484775489466,"Ajax|Secondary|5d"
139,"Pickering","1d","Total",7,-136.31,-136.54,0.695759901496351,0.88,0.878303117617843,22,0.6088,0.267717180304927,"Pickering|Total|1d"
139,"Ajax","1d","Total",1,-60.57,-70.68,1.01619032610462,0.84,0.842709272142686,14,0.8791,0.00383467446274654,"Ajax|Total|1d"
139,"Ajax","3d","Total",-1,-159.19,-155.92,0.863900811786777,0.79,0.785226418907601,27,0.5447,0.299790857994847,"Ajax|Total|3d"
139,"Ajax","5d","Total",-2,-227.27,-219.45,0.826126733049858,0.78,0.783716145914081,37,0.8234,0.31509170443529,"Ajax|Total|5d"
140,"Pickering","1d","Elementary",3,-83.28,-82.65,1.83215863156094,0.46,0.462358497257088,19,0.3334,0.260722951830915,"Pickering|Elementary|1d"
140,"Ajax","1d","Elementary",1,-82.78,-82.38,1.92800252304051,0.61,0.606998791439144,19,0.1949,0.21307790845156,"Ajax|Elementary|1d"
140,"Ajax","3d","Elementary",-1,-131.5,-128.38,1.65941115595456,0.58,0.581485042105929,26,0.193,0.363383505438246,"Ajax|Elementary|3d"
140,"Ajax","7d","Elementary",1,-180.98,-184.24,0.359831312078228,0.98,0.98141224930136,26,0.5925,0.0871636823235858,"Ajax|Elementary|7d"
140,"Pickering","1d","Secondary",1,-163.67,-161.29,1.14873131050944,0.01,0.00934897374942734,28,0.3267,0.391851618099476,"Pickering|Secondary|1d"
140,"Ajax","1d","Secondary",0,-86.87,-86.89,1.18445774658269,0.34,0.340926536164881,16,0.6197,0.0752483973133012,"Ajax|Secondary|1d"
140,"Ajax","7d","Secondary",1,-242.65,-241.04,0.139895427900463,0.98,0.984436198231879,26,0.7655,-0.139192396202779,"Ajax|Secondary|7d"
140,"Pickering","1d","Total",3,-85.01,-87.05,1.24224814300837,0.56,0.562147899602684,18,0.1709,0.24333389889829,"Pickering|Total|1d"
140,"Ajax","1d","Total",1,-93.14,-92.03,1.58141958162811,0.58,0.581772608560414,19,0.478,0.367669483542035,"Ajax|Total|1d"
140,"Ajax","7d","Total",1,-195.49,-198.64,0.271643254961108,0.98,0.982751551974285,26,0.3616,0.0537657600713945,"Ajax|Total|7d"
141,"Pickering","1d","Elementary",3,-88.38,-87.05,2.00096751412015,0.37,0.374501440769751,20,0.5537,0.311723227069653,"Pickering|Elementary|1d"
141,"Ajax","1d","Elementary",7,-54.89,-57.75,2.24302370445196,0.55,0.550984916963754,15,0.6719,0.0816786203295553,"Ajax|Elementary|1d"
141,"Ajax","3d","Elementary",0,-122.6,-122.32,0.758073444190087,0.87,0.866841112087375,20,0.1128,0.233484234768246,"Ajax|Elementary|3d"
141,"Ajax","7d","Elementary",-7,-226.78,-219.13,0.901946598940855,0.87,0.865732568271198,37,0.5131,0.260932051065452,"Ajax|Elementary|7d"
141,"Pickering","1d","Secondary",1,-175.72,-171.68,0.951458781875817,0.38,0.38397859593638,29,0.9555,0.238069162372205,"Pickering|Secondary|1d"
141,"Ajax","1d","Secondary",-7,-75.95,-79.9,0.883429308879278,0.67,0.671303514062428,14,1,0.0814739735726829,"Ajax|Secondary|1d"
141,"Ajax","3d","Secondary",-3,-126.75,-139.91,0.235140692615005,0.92,0.922424227043461,18,0.3536,-0.109944493664267,"Ajax|Secondary|3d"
141,"Ajax","7d","Secondary",0,-252.6,-244.88,0.626950169604028,0.85,0.847417570895255,37,0.2521,0.344470227913535,"Ajax|Secondary|7d"
141,"Pickering","1d","Total",3,-93.13,-92.47,1.55578365490481,0.4,0.404542085015355,19,0.6283,0.28231033750567,"Pickering|Total|1d"
141,"Ajax","1d","Total",7,-63.21,-65.68,1.68993805143557,0.56,0.560386594995441,15,0.8674,0.130507153506205,"Ajax|Total|1d"
141,"Ajax","3d","Total",-1,-123.82,-123.71,0.6377325225856,0.87,0.869289475934902,19,0.4581,0.00730896052770729,"Ajax|Total|3d"
141,"Ajax","7d","Total",-7,-240.95,-233.63,0.763143068312807,0.85,0.852445270562593,37,0.6372,0.284553283085565,"Ajax|Total|7d"
142,"Pickering","1d","Elementary",-7,-100.35,-100.59,1.40557772593466,0.63,0.634936007508198,21,0.7804,0.232230530762154,"Pickering|Elementary|1d"
142,"Ajax","1d","Elementary",-6,-72.33,-74,1.60449987882347,0.45,0.452303209801066,16,0.4365,0.167661029590437,"Ajax|Elementary|1d"
142,"Ajax","3d","Elementary",7,-116.22,-113.71,1.63176515120145,0.53,0.531131645649229,24,0.9213,0.386223725221682,"Ajax|Elementary|3d"
142,"Pickering","1d","Secondary",1,-169.8,-165.45,0.92388430649478,0.4,0.398962460152688,29,0.4083,0.290038334081801,"Pickering|Secondary|1d"
142,"Ajax","1d","Secondary",-1,-45.53,-76.72,0.31349155945576,0.93,0.931579330666306,11,0.6366,0.0198565248985251,"Ajax|Secondary|1d"
142,"Ajax","3d","Secondary",7,-145.11,-142.58,0.886817070335326,0.45,0.452298955683203,24,0.4,0.346219022461704,"Ajax|Secondary|3d"
142,"Pickering","1d","Total",7,-114.65,-112.67,1.34650848553855,0.45,0.447802052146686,22,0.8334,0.36031198389706,"Pickering|Total|1d"
142,"Ajax","1d","Total",-6,-79.26,-82.36,1.1595515173949,0.56,0.55961768410972,16,0.9179,0.319032915543967,"Ajax|Total|1d"
142,"Ajax","3d","Total",-4,-123.52,-121.21,1.34393236727381,0.43,0.4290873308675,23,0.6434,0.398341092135596,"Ajax|Total|3d"
143,"Pickering","1d","Elementary",1,-125.74,-122.18,2.05056193821215,0.45,0.445318508891138,27,0.0864,0.386414973192626,"Pickering|Elementary|1d"
143,"Ajax","1d","Elementary",-7,-62.55,-78.93,0.73587130052641,0.92,0.924359736416244,14,0.5839,-0.0355165642219458,"Ajax|Elementary|1d"
143,"Ajax","3d","Elementary",-1,-234.07,-223.83,1.08658098332749,0.82,0.819334211004967,42,0.591,0.154303180770067,"Ajax|Elementary|3d"
143,"Ajax","5d","Elementary",-2,-99.62,-101.66,0.649195616101239,0.85,0.845770991093891,16,0.8283,0.22150247494403,"Ajax|Elementary|5d"
143,"Ajax","7d","Elementary",-1,-224.48,-219.07,0.619228157885323,0.95,0.949768114955845,35,0.5277,0.352869566105079,"Ajax|Elementary|7d"
143,"Pickering","1d","Secondary",-6,-151.86,-150.46,0.701093144896433,0.71,0.711094969837663,24,0.1554,0.0819911337400177,"Pickering|Secondary|1d"
143,"Ajax","1d","Secondary",0,-86.38,-91.62,0.786728856908618,0.72,0.715681234401415,16,0.0708,-0.065875125452913,"Ajax|Secondary|1d"
143,"Ajax","3d","Secondary",-6,-261.75,-255.96,0.516408577458694,0.85,0.849760194500427,41,0.2023,-0.055058961692491,"Ajax|Secondary|3d"
143,"Ajax","5d","Secondary",-5,-124.17,-129.76,0.175960437054261,0.93,0.92981398425424,15,0.3205,0.261580904374632,"Ajax|Secondary|5d"
143,"Ajax","7d","Secondary",7,-231.06,-227.53,0.266206862583466,0.97,0.966413313554693,28,0.1492,0.0394874792217017,"Ajax|Secondary|7d"
143,"Pickering","1d","Total",-7,-111.25,-112.09,0.98446304283862,0.75,0.747165074725162,20,0.9671,0.0726242274276609,"Pickering|Total|1d"
143,"Ajax","1d","Total",1,-89.98,-92.35,1.20760272111494,0.76,0.755900652515787,18,0.0639,0.213234056846626,"Ajax|Total|1d"
143,"Ajax","3d","Total",0,-241.27,-231.16,1.11439450689839,0.7,0.69635171508462,43,0.7068,0.324003699313757,"Ajax|Total|3d"
143,"Ajax","5d","Total",-2,-106.05,-108.1,0.530613783980326,0.86,0.862475185984141,16,0.6581,0.243814429254202,"Ajax|Total|5d"
143,"Ajax","7d","Total",2,-225.69,-220.27,0.618716369442384,0.92,0.916033158936893,35,0.0699,0.332963124013059,"Ajax|Total|7d"
144,"Pickering","1d","Elementary",2,-89.27,-87.54,2.45957094769366,0.21,0.210311842965356,21,0.2533,0.320681965130583,"Pickering|Elementary|1d"
144,"Ajax","5d","Elementary",0,-180.06,-183.58,0.238356681341092,0.99,0.985121638367979,23,0.3826,-0.210881861300884,"Ajax|Elementary|5d"
144,"Pickering","1d","Secondary",-3,-97.81,-98.29,0.800163763876814,0.36,0.364377632428883,16,0.8833,0.197694457430871,"Pickering|Secondary|1d"
144,"Ajax","5d","Secondary",-1,-192.69,-196.12,0.184074402099084,0.92,0.924485582850484,23,0.6975,0.0324667908683758,"Ajax|Secondary|5d"
144,"Pickering","1d","Total",2,-104.53,-102.82,1.64575877904882,0.27,0.269261044108886,21,0.4419,0.380336923727561,"Pickering|Total|1d"
144,"Ajax","5d","Total",0,-191.36,-194.47,0.192477319901487,0.99,0.986542391998286,23,0.2835,-0.313369335160329,"Ajax|Total|5d"
145,"Pickering","1d","Elementary",3,-89.02,-87.7,2.14208817465282,0.39,0.394900037898774,20,0.8296,0.0564224156836382,"Pickering|Elementary|1d"
145,"Ajax","3d","Elementary",-3,-162.47,-158.46,0.99656010575668,0.77,0.768573507117353,28,0.288,0.277555993684101,"Ajax|Elementary|3d"
145,"Pickering","1d","Secondary",-6,-140.94,-138.74,0.902627596074493,0.45,0.4543794519205,24,0.104,0.307773369194565,"Pickering|Secondary|1d"
145,"Ajax","3d","Secondary",-6,-202.29,-198.95,0.489315422403958,0.79,0.787988630963009,27,0.1648,0.338663699651632,"Ajax|Secondary|3d"
145,"Ajax","7d","Secondary",-7,-225.76,-223.56,0.236835883900065,0.89,0.889400813617058,27,0.1037,0.364427639623372,"Ajax|Secondary|7d"
145,"Pickering","1d","Total",3,-92.8,-91.7,1.77638535289648,0.29,0.293170846470518,19,0.3168,0.152424313921288,"Pickering|Total|1d"
145,"Ajax","3d","Total",-3,-175.41,-171.44,0.777845473365854,0.8,0.796967966451115,28,0.8315,0.258809797803834,"Ajax|Total|3d"
146,"Pickering","1d","Elementary",3,-87.87,-89.2,1.48033555059968,0.69,0.688313531850866,19,0.9764,0.22335139981964,"Pickering|Elementary|1d"
146,"Ajax","7d","Elementary",6,-236.85,-229.12,0.807481466118233,0.92,0.923619278071256,37,0.4566,0.290223251358579,"Ajax|Elementary|7d"
146,"Pickering","1d","Secondary",1,-164.88,-161.94,1.09760126710512,0.11,0.108531475381949,28,0.538,0.333077915845618,"Pickering|Secondary|1d"
146,"Ajax","5d","Secondary",1,-198.32,-194.5,0.560180744713366,0.88,0.881650657923417,30,0.7695,0.376620840999768,"Ajax|Secondary|5d"
146,"Ajax","7d","Secondary",5,-285.23,-276.53,0.434340140659241,0.93,0.933886572141265,39,0.8997,0.317397166803084,"Ajax|Secondary|7d"
146,"Pickering","1d","Total",-4,-96.22,-96.39,1.17556646465529,0.55,0.552517814521933,18,0.5583,0.0861586351531542,"Pickering|Total|1d"
146,"Ajax","5d","Total",7,-165.6,-164.29,0.481655754211079,0.93,0.93209019269286,24,0.3968,0.347574212461369,"Ajax|Total|5d"
146,"Ajax","7d","Total",5,-258.43,-249.63,0.650381601107422,0.92,0.923605086792806,39,0.6076,0.268856865807049,"Ajax|Total|7d"
147,"Pickering","1d","Elementary",3,-84.22,-82.76,2.44815398914131,0.04,0.0368970597435754,20,0.3596,0.359530476931405,"Pickering|Elementary|1d"
147,"Pickering","1d","Secondary",0,-148.24,-145.68,0.941700724994477,0.22,0.222599382089246,24,0.5175,0.27832921420573,"Pickering|Secondary|1d"
147,"Pickering","1d","Total",3,-91.16,-90.02,1.98884769521713,0,6.69045996164971e-05,19,0.2617,0.339081536391802,"Pickering|Total|1d"
148,"Pickering","1d","Elementary",-1,-90.37,-89.91,1.66358528506555,0.42,0.423240939735184,20,0.7791,0.354158345773136,"Pickering|Elementary|1d"
148,"Ajax","1d","Elementary",1,-65.88,-65.92,2.42687993168028,0.36,0.364112785220943,17,0.2975,0.359323983363959,"Ajax|Elementary|1d"
148,"Ajax","7d","Elementary",5,-303.99,-289.92,1.00171717565696,0.91,0.905037363181894,51,0.1488,0.378571586457496,"Ajax|Elementary|7d"
148,"Pickering","1d","Secondary",0,-142.65,-140.44,0.837926326910817,0.36,0.364142691159115,23,0.9146,0.242706917229842,"Pickering|Secondary|1d"
148,"Ajax","1d","Secondary",-7,-76.19,-76.66,1.19027070332902,0.37,0.374426502483927,14,0.6839,0.214643642032608,"Ajax|Secondary|1d"
148,"Ajax","5d","Secondary",1,-170.17,-168.34,0.619230047598104,0.82,0.82179537758639,26,0.9691,0.316087550727752,"Ajax|Secondary|5d"
148,"Ajax","7d","Secondary",-6,-431.3,-415.42,0.278985786975696,0.96,0.961709624792596,52,0.2439,0.142610308860704,"Ajax|Secondary|7d"
148,"Pickering","1d","Total",-1,-98.59,-98.32,1.24028422741051,0.47,0.470014305751919,19,0.3458,0.375789031297711,"Pickering|Total|1d"
148,"Ajax","1d","Total",-4,-56.85,-61.01,1.51415642668448,0.48,0.476588697580752,13,0.3238,-0.0302409005196471,"Ajax|Total|1d"
148,"Ajax","7d","Total",-5,-392.82,-378.35,0.452000321857488,0.95,0.954493846810094,53,0.2116,0.369813992861833,"Ajax|Total|7d"
149,"Pickering","1d","Elementary",-1,-101.37,-104.08,1.00425192053819,0.81,0.805835394699878,20,0.1831,0.145651608402379,"Pickering|Elementary|1d"
149,"Ajax","1d","Elementary",1,-87.97,-87.53,1.66562460546164,0.73,0.73432077036177,18,0.2968,0.218580979444047,"Ajax|Elementary|1d"
149,"Pickering","1d","Secondary",1,-160.84,-157.04,1.04925153707525,0.19,0.193551698000913,28,0.0671,0.30087163063671,"Pickering|Secondary|1d"
149,"Ajax","1d","Secondary",0,-90.68,-93.53,0.815269260738132,0.7,0.696858607033724,16,0.5302,-0.228207496029841,"Ajax|Secondary|1d"
149,"Ajax","3d","Secondary",3,-301.89,-288.61,0.894288948456542,0.76,0.761747537059541,51,0.2164,0.292885299647267,"Ajax|Secondary|3d"
149,"Ajax","7d","Secondary",-3,-401.12,-384.97,0.336006238754687,0.94,0.943858126512013,53,0.5011,0.306829298068556,"Ajax|Secondary|7d"
149,"Pickering","1d","Total",-1,-114.96,-115.79,0.710810302054811,0.83,0.830871486946858,19,0.1884,-0.1023590147119,"Pickering|Total|1d"
149,"Ajax","1d","Total",1,-101.06,-100.57,1.14715864072463,0.8,0.800186090360869,18,0.0867,0.0643574517855065,"Ajax|Total|1d"
150,"Pickering","1d","Elementary",2,-95.09,-93.82,1.88323434908753,0.52,0.522067722639711,21,0.3481,0.334254007431775,"Pickering|Elementary|1d"
150,"Ajax","5d","Elementary",-5,-80.98,-81.95,0.835193068441311,0.56,0.556125466508878,13,0.7729,0.357404592141373,"Ajax|Elementary|5d"
150,"Pickering","1d","Secondary",-1,-130.23,-128.89,0.745422804168111,0.25,0.251015503889137,20,0.1578,0.184857088427006,"Pickering|Secondary|1d"
150,"Ajax","5d","Secondary",-6,-55.61,-69.63,0.793283274760108,0.62,0.61793963916668,12,0.098,0.179756298545713,"Ajax|Secondary|5d"
150,"Pickering","1d","Total",-6,-104.99,-102.67,2.00641678968757,0.2,0.204671230651015,23,0.9736,0.3270800208332,"Pickering|Total|1d"
150,"Ajax","5d","Total",-6,-71.18,-73.04,0.933927283466908,0.55,0.548253669740562,12,0.0845,0.352464517890259,"Ajax|Total|5d"
151,"Pickering","1d","Elementary",-7,-100.76,-99.82,1.53206012999804,0.62,0.620864832453958,20,0.5016,0.223457666914643,"Pickering|Elementary|1d"
151,"Ajax","3d","Elementary",6,-156.62,-151.11,1.53620661214949,0.61,0.609882824655485,32,0.2755,0.390353772824459,"Ajax|Elementary|3d"
151,"Ajax","7d","Elementary",1,-182.21,-186.89,0.242973836675187,0.98,0.984805287514807,24,0.3885,0.122068929738942,"Ajax|Elementary|7d"
151,"Pickering","1d","Secondary",1,-162.17,-158.23,0.943138013323344,0.39,0.387038584892356,28,0.8587,0.305840691621257,"Pickering|Secondary|1d"
151,"Ajax","3d","Secondary",-4,-175.03,-169.45,1.01554759776944,0.61,0.606152106794892,33,0.5288,0.286457297245723,"Ajax|Secondary|3d"
151,"Ajax","7d","Secondary",-5,-189.45,-190.59,0.26357648551171,0.97,0.972821886649239,24,0.4188,0.315760937465505,"Ajax|Secondary|7d"
151,"Pickering","1d","Total",-6,-108.43,-106.56,1.67262567813808,0.53,0.532560507362974,22,0.4024,0.380134001889673,"Pickering|Total|1d"
151,"Ajax","7d","Total",-5,-179.98,-183.98,0.26252785786818,0.97,0.973782573142513,24,0.2527,0.267516735372759,"Ajax|Total|7d"
152,"Pickering","1d","Elementary",7,-95.78,-94.09,1.95171753812564,0.38,0.375798114242434,21,0.7406,0.350673138300553,"Pickering|Elementary|1d"
152,"Ajax","1d","Elementary",7,-44.58,-50.61,1.81501160160204,0.57,0.566833471458997,12,0.9285,-0.0923203008014431,"Ajax|Elementary|1d"
152,"Ajax","3d","Elementary",-3,-89.39,-89.38,1.25239552414918,0.56,0.564514665591004,17,0.5362,0.257737081936569,"Ajax|Elementary|3d"
152,"Ajax","5d","Elementary",-3,-155.38,-151.98,1.14144475462432,0.83,0.831614324283481,29,0.8514,0.34942602298301,"Ajax|Elementary|5d"
152,"Ajax","7d","Elementary",2,-378.48,-358.06,0.755168419213885,0.89,0.89347204194833,60,0.1393,0.391620459544431,"Ajax|Elementary|7d"
152,"Pickering","1d","Secondary",0,-143.61,-141.31,0.835868266712301,0.23,0.233806808259326,23,0.2602,0.0966874773063655,"Pickering|Secondary|1d"
152,"Ajax","1d","Secondary",7,-63.76,-70.87,0.691182877652917,0.7,0.701536726663846,12,0.3458,-0.217359327459148,"Ajax|Secondary|1d"
152,"Ajax","3d","Secondary",-5,-113.94,-120.15,0.421762404000931,0.84,0.838677159438682,17,0.6819,-0.3379877405948,"Ajax|Secondary|3d"
152,"Pickering","1d","Total",-1,-96.62,-95.41,1.49981467594446,0.18,0.178869484378579,19,0.4395,0.358521605284779,"Pickering|Total|1d"
152,"Ajax","1d","Total",7,-54.8,-62.17,1.0575921287396,0.74,0.73773351808641,12,0.9966,-0.180981119118995,"Ajax|Total|1d"
152,"Ajax","3d","Total",-4,-97.34,-96.92,1.20985944195065,0.52,0.51629129937754,18,0.984,0.198299606601444,"Ajax|Total|3d"
152,"Ajax","5d","Total",-3,-167.95,-164.68,0.885782733584258,0.85,0.850686385589998,29,0.8556,0.326661021930202,"Ajax|Total|5d"
153,"Pickering","1d","Elementary",-6,-113.1,-115.09,1.09684998036235,0.86,0.86010758657499,23,0.1808,0.0162606316656221,"Pickering|Elementary|1d"
153,"Pickering","5d","Elementary",7,-423.76,-396.68,1.18167888600708,0.79,0.791361036162204,76,0.7082,0.351184299052838,"Pickering|Elementary|5d"
153,"Pickering","1d","Secondary",-6,-144.08,-141.45,0.917202196860708,0.4,0.399243338809549,24,0.4157,0.286802144804548,"Pickering|Secondary|1d"
153,"Ajax","3d","Secondary",-2,-140.46,-141.4,0.152701991546088,0.41,0.414426182407893,15,0.3065,0.00904616794530484,"Ajax|Secondary|3d"
153,"Pickering","1d","Total",-6,-119.69,-122.9,0.913622982253814,0.84,0.844864258572143,23,0.2406,0.0701423094116251,"Pickering|Total|1d"
153,"Pickering","5d","Total",7,-461.98,-435.51,0.930039963004525,0.78,0.778526315570135,76,0.5065,0.349766982681361,"Pickering|Total|5d"
154,"Pickering","1d","Elementary",-6,-100.05,-99.77,1.53777857027952,0.62,0.624826383429479,22,0.7682,0.397936381886267,"Pickering|Elementary|1d"
154,"Ajax","1d","Elementary",1,-45.36,-53.56,1.22677678942412,0.73,0.729302064562001,11,0.7777,-0.0419630442672236,"Ajax|Elementary|1d"
154,"Ajax","3d","Elementary",-6,-66.16,-73.41,0.824015432697982,0.58,0.584798482623347,13,0.4269,0.164248416434717,"Ajax|Elementary|3d"
154,"Ajax","7d","Elementary",1,-129.42,-129.83,0.549910463409267,0.85,0.847086882935144,19,0.2129,0.178145699750937,"Ajax|Elementary|7d"
154,"Pickering","1d","Secondary",1,-168.47,-164.09,0.973912432505206,0.32,0.317910117664622,29,0.3634,0.30147061659383,"Pickering|Secondary|1d"
154,"Ajax","1d","Secondary",1,-61.07,-66.09,0.738344760792078,0.75,0.747461187760976,11,0.9836,-0.0505863039691299,"Ajax|Secondary|1d"
154,"Ajax","3d","Secondary",2,-125.45,-126.76,0.310134623812949,0.65,0.650901095872657,16,0.9384,0.259276950230421,"Ajax|Secondary|3d"
154,"Ajax","7d","Secondary",-4,-137.89,-148.08,0.253963121854664,0.94,0.94464015114794,19,0.5973,-0.255311247288329,"Ajax|Secondary|7d"
154,"Pickering","1d","Total",-6,-108.69,-108.24,1.30980519381422,0.59,0.590497333294125,22,0.2289,0.369641240146442,"Pickering|Total|1d"
154,"Ajax","1d","Total",1,-49.38,-57.1,1.03074349847817,0.71,0.710927832400155,11,0.685,-0.00257218370213389,"Ajax|Total|1d"
154,"Ajax","3d","Total",-6,-73.72,-78.41,0.737580287871348,0.58,0.58343806789665,13,0.2361,0.169449053059021,"Ajax|Total|3d"
154,"Ajax","7d","Total",1,-134.92,-134.52,0.543760851832293,0.83,0.828743655062536,19,0.6885,0.0328930572204851,"Ajax|Total|7d"
155,"Pickering","1d","Elementary",5,-84.68,-85.22,1.19216886598814,0.71,0.70649751911189,16,0.4623,0.157225367012566,"Pickering|Elementary|1d"
155,"Ajax","5d","Elementary",1,-218.92,-212.38,0.823001696824707,0.85,0.851597784761094,35,0.9026,0.359620572833688,"Ajax|Elementary|5d"
155,"Pickering","1d","Secondary",0,-140.63,-138.31,0.927882738976192,0.24,0.239720374545754,23,0.7816,0.293875387577713,"Pickering|Secondary|1d"
155,"Ajax","3d","Secondary",-4,-264.2,-259.21,1.2096877085936,0.55,0.552802296305918,47,0.0542,0.274453179632608,"Ajax|Secondary|3d"
155,"Ajax","5d","Secondary",0,-259.24,-252.33,0.435479608618035,0.83,0.833366792503109,35,0.0656,0.362616009388448,"Ajax|Secondary|5d"
155,"Ajax","7d","Secondary",4,-204.67,-204.65,0.207100193140459,0.93,0.931095143915988,24,0.6705,0.0673565143771444,"Ajax|Secondary|7d"
155,"Pickering","1d","Total",5,-93.97,-94.51,0.926033877166363,0.76,0.761170665047954,16,0.4882,0.170354267006687,"Pickering|Total|1d"
155,"Ajax","5d","Total",1,-237.28,-230.71,0.632925482762441,0.87,0.874422168616607,35,0.4401,0.262984856586201,"Ajax|Total|5d"
156,"Pickering","1d","Elementary",1,-122.76,-119.48,1.78763169308055,0.49,0.493725459429377,26,0.3931,0.278820348803416,"Pickering|Elementary|1d"
156,"Ajax","1d","Elementary",-6,-46.77,-65.86,0.570574882577338,0.87,0.869658271706441,11,0.3411,-0.188534493675669,"Ajax|Elementary|1d"
156,"Ajax","7d","Elementary",1,-316.37,-300.1,0.872033651165955,0.92,0.922314309235616,53,0.7382,0.272378201416849,"Ajax|Elementary|7d"
156,"Pickering","1d","Secondary",1,-167.8,-164.29,0.99870254921474,0.3,0.297163667395231,28,0.6368,0.266872849179644,"Pickering|Secondary|1d"
156,"Ajax","1d","Secondary",-6,-76.11,-93.63,0.162469010833838,0.96,0.960922775280084,11,0.2839,-0.223115142091065,"Ajax|Secondary|1d"
156,"Ajax","7d","Secondary",7,-326.82,-315.55,0.398667827745556,0.93,0.931159242331036,46,0.5612,0.37455776675875,"Ajax|Secondary|7d"
156,"Pickering","1d","Total",1,-136.44,-133.18,1.43785622358423,0.49,0.489606268056634,26,0.462,0.339381663912448,"Pickering|Total|1d"
156,"Ajax","1d","Total",-6,-53.53,-69.96,0.495114568615027,0.87,0.866041668563224,11,0.8553,-0.211159829647174,"Ajax|Total|1d"
156,"Ajax","7d","Total",0,-345.44,-329.11,0.646633543454771,0.93,0.928943699422773,53,0.3544,0.247666645818522,"Ajax|Total|7d"
157,"Pickering","1d","Elementary",3,-84.95,-83.62,2.4858288849415,0.01,0.00762199284609067,20,0.4241,0.356308709776031,"Pickering|Elementary|1d"
157,"Ajax","3d","Elementary",-5,-94.86,-96.52,0.906067770228297,0.59,0.58787190234885,17,0.5452,0.386963274725127,"Ajax|Elementary|3d"
157,"Ajax","7d","Elementary",2,-387.11,-369.95,0.658309707212587,0.94,0.937048949309098,59,0.0565,0.377615697521036,"Ajax|Elementary|7d"
157,"Pickering","1d","Secondary",3,-133.25,-131.51,0.883326073215245,0.3,0.299789932733936,22,0.5994,0.307932136444409,"Pickering|Secondary|1d"
157,"Ajax","3d","Secondary",-1,-135.83,-135.82,0.314158276898191,0.85,0.853643297878473,17,0.8476,-0.253977073584664,"Ajax|Secondary|3d"
157,"Ajax","7d","Secondary",3,-458.03,-438.36,0.369672763110125,0.93,0.932184015412005,59,0.2115,0.222450324860569,"Ajax|Secondary|7d"
157,"Pickering","1d","Total",3,-89.14,-87.98,1.88972820795882,0.11,0.109678667269835,19,0.4945,0.35554102636647,"Pickering|Total|1d"
157,"Ajax","3d","Total",-2,-98.16,-97.53,1.10914809907557,0.33,0.326271870346508,17,0.1186,0.00117798016817772,"Ajax|Total|3d"
157,"Ajax","7d","Total",5,-429.59,-410.27,0.435562064609541,0.97,0.96515945060542,59,0.9565,0.297649215663502,"Ajax|Total|7d"
158,"Pickering","1d","Elementary",1,-125.7,-122.42,1.7139235638949,0.59,0.585171986058182,26,0.2477,0.329463688897577,"Pickering|Elementary|1d"
158,"Ajax","1d","Elementary",1,-80.29,-80.19,1.91960123635735,0.54,0.536698925326213,18,0.2423,0.109509161741137,"Ajax|Elementary|1d"
158,"Ajax","3d","Elementary",0,-151.62,-148.02,1.12701691975896,0.75,0.747838412325452,27,0.2282,0.227988864270342,"Ajax|Elementary|3d"
158,"Pickering","1d","Secondary",1,-162.69,-158.72,0.998641061333481,0.3,0.299677923081073,28,0.5839,0.281890938578335,"Pickering|Secondary|1d"
158,"Ajax","1d","Secondary",-6,-92.52,-93.02,0.917098568501368,0.49,0.487606220463939,16,0.7784,-0.349109006138837,"Ajax|Secondary|1d"
158,"Ajax","3d","Secondary",-1,-178.29,-175.02,0.641144798857356,0.71,0.713109772544908,26,0.2526,0.292218910360057,"Ajax|Secondary|3d"
158,"Pickering","1d","Total",1,-135.11,-131.87,1.42525082122413,0.55,0.54541529337036,26,0.3015,0.392556919414112,"Pickering|Total|1d"
158,"Ajax","1d","Total",1,-86.78,-87.64,1.42651440805281,0.58,0.57892394045841,18,0.3263,0.128959656763402,"Ajax|Total|1d"
158,"Ajax","3d","Total",0,-163.95,-160.33,0.890623296529575,0.75,0.749148291909698,27,0.1158,0.25098218603844,"Ajax|Total|3d"
159,"Pickering","1d","Elementary",1,-117.44,-114.18,1.82002365722986,0.45,0.445555992190956,26,0.088,0.38787208406988,"Pickering|Elementary|1d"
159,"Ajax","1d","Elementary",-6,-77.71,-86.01,0.913087582260829,0.87,0.872903379899059,16,0.6082,-0.267597640041569,"Ajax|Elementary|1d"
159,"Ajax","5d","Elementary",-4,-126.09,-127.32,0.358480982835561,0.78,0.779656970216631,17,0.6813,0.133805012379799,"Ajax|Elementary|5d"
159,"Ajax","7d","Elementary",-1,-320.55,-308.45,0.71922668028678,0.95,0.948618439839532,48,0.2195,0.366408001040417,"Ajax|Elementary|7d"
159,"Pickering","1d","Secondary",0,-145.86,-143.24,0.923992686424267,0.24,0.241061715652459,24,0.561,0.133800830515735,"Pickering|Secondary|1d"
159,"Ajax","1d","Secondary",-6,-101.11,-103.17,0.601424769560558,0.79,0.794006591854852,16,0.7651,0.121729971754373,"Ajax|Secondary|1d"
159,"Ajax","3d","Secondary",5,-127.74,-129.07,0.449006752667401,0.57,0.569634330058876,18,0.9133,0.0817800749494217,"Ajax|Secondary|3d"
159,"Ajax","5d","Secondary",-2,-161.59,-161.9,0.14274237528738,0.34,0.342688074376561,17,0.6319,0.0208800355682817,"Ajax|Secondary|5d"
159,"Ajax","7d","Secondary",-1,-388.14,-375.26,0.329909895125355,0.95,0.954659523011809,48,0.1616,0.0860744478452503,"Ajax|Secondary|7d"
159,"Pickering","1d","Total",1,-129.84,-126.64,1.45179856463445,0.45,0.445211718622145,26,0.5742,0.390565758413009,"Pickering|Total|1d"
159,"Ajax","1d","Total",-6,-87.96,-95.33,0.686190697258578,0.89,0.885967693417498,16,0.8707,-0.288005237202144,"Ajax|Total|1d"
159,"Ajax","3d","Total",4,-104.41,-104.88,0.882550627770718,0.55,0.545873169887655,18,0.9401,0.339089039556903,"Ajax|Total|3d"
159,"Ajax","5d","Total",-4,-141.59,-142.79,0.232943978783391,0.82,0.817871060632072,17,0.9219,-0.0643709283744087,"Ajax|Total|5d"
159,"Ajax","7d","Total",-1,-355.89,-343.88,0.477661925123485,0.96,0.961825341721513,48,0.1784,0.375983342585558,"Ajax|Total|7d"
160,"Pickering","1d","Elementary",1,-119.22,-116.91,1.6245450330656,0.62,0.623192244652503,26,0.5445,0.301988214569665,"Pickering|Elementary|1d"
160,"Ajax","1d","Elementary",-6,-70.33,-71.43,1.67012159430373,0.5,0.498471378215205,15,0.1118,0.198591029927112,"Ajax|Elementary|1d"
160,"Ajax","3d","Elementary",-5,-236.8,-228.47,1.38355247678972,0.63,0.629864125301137,44,0.1273,0.344998515307897,"Ajax|Elementary|3d"
160,"Ajax","5d","Elementary",7,-328.85,-312.4,0.994601652496125,0.88,0.876215604656629,56,0.9381,0.365037887558539,"Ajax|Elementary|5d"
160,"Pickering","1d","Secondary",1,-179.22,-178.84,0.511968532582711,0.82,0.819275566975317,28,0.4399,-0.0326277627267824,"Pickering|Secondary|1d"
160,"Ajax","1d","Secondary",7,-71.44,-71.62,1.37177506153618,0.08,0.0809490509698816,14,0.0722,0.290887476565711,"Ajax|Secondary|1d"
160,"Ajax","3d","Secondary",-6,-298.53,-288.35,0.576138650695838,0.82,0.82361887014472,43,0.4156,0.272026608655916,"Ajax|Secondary|3d"
160,"Ajax","5d","Secondary",5,-392.52,-373.46,0.50447867430085,0.87,0.874082671808509,57,0.7175,0.243520686394832,"Ajax|Secondary|5d"
160,"Pickering","1d","Total",1,-132.99,-130.85,1.26582343260761,0.64,0.641915343635564,26,0.6069,0.24512962036948,"Pickering|Total|1d"
160,"Ajax","1d","Total",-6,-73.47,-74.46,1.46839748912815,0.36,0.35709750073027,15,0.4209,0.360878617021021,"Ajax|Total|1d"
160,"Ajax","3d","Total",-5,-265.17,-254.79,0.911644036560382,0.73,0.73307526220483,44,0.1257,0.184751456608738,"Ajax|Total|3d"
160,"Ajax","5d","Total",6,-358.12,-342.14,0.829613981805328,0.87,0.866702465551002,57,0.7533,0.37163706435789,"Ajax|Total|5d"
161,"Pickering","1d","Elementary",1,-118.1,-114.85,1.88390586309126,0.47,0.474862849890105,26,0.735,0.300686026071549,"Pickering|Elementary|1d"
161,"Ajax","3d","Elementary",0,-243.92,-232.55,1.35517205166092,0.77,0.773044946389837,46,0.5379,0.389386554783743,"Ajax|Elementary|3d"
161,"Pickering","1d","Secondary",1,-184.14,-180.66,0.624584968237343,0.76,0.763622694879733,28,0.7794,0.10045966938651,"Pickering|Secondary|1d"
161,"Pickering","1d","Total",1,-132.68,-129.46,1.43974120360538,0.51,0.513658972439092,26,0.5674,0.364807706028448,"Pickering|Total|1d"
162,"Pickering","1d","Elementary",1,-131.77,-129.09,1.67869745851387,0.49,0.488637248923873,26,0.908,0.0941153122999894,"Pickering|Elementary|1d"
162,"Ajax","3d","Elementary",-7,-150.07,-145.36,1.54265521746493,0.51,0.513667290111753,30,0.9118,0.283553401621865,"Ajax|Elementary|3d"
162,"Pickering","1d","Secondary",1,-167.04,-163.49,1.03267278634397,0.3,0.29718394355924,28,0.9488,0.269202156072861,"Pickering|Secondary|1d"
162,"Ajax","7d","Secondary",0,-394.48,-381.44,0.385261414481248,0.91,0.912991914888693,50,0.7726,0.357042579534378,"Ajax|Secondary|7d"
162,"Pickering","1d","Total",1,-143.33,-140.35,1.34242124980208,0.47,0.474276315441483,26,0.3905,0.235795342141467,"Pickering|Total|1d"
162,"Ajax","3d","Total",-7,-157.8,-153.09,1.37383968399071,0.49,0.494667260291809,30,0.6467,0.286958998966345,"Ajax|Total|3d"
163,"Pickering","1d","Elementary",-1,-93.98,-92.49,1.89357231876617,0.32,0.316544475902615,20,0.4865,0.296326231436731,"Pickering|Elementary|1d"
163,"Ajax","1d","Elementary",-1,-39.43,-43.36,2.46836197862898,0.44,0.437005691392998,11,0.0786,0.361533342621919,"Ajax|Elementary|1d"
163,"Ajax","3d","Elementary",4,-72.43,-84.37,0.381545887168927,0.97,0.974514136204751,12,0.9878,-0.24079725907493,"Ajax|Elementary|3d"
163,"Ajax","7d","Elementary",-4,-107.92,-113.37,0.468788094764379,0.92,0.924855965602136,17,0.4728,-0.0180987579851578,"Ajax|Elementary|7d"
163,"Pickering","1d","Secondary",1,-160.69,-157.75,1.15904226633449,0.04,0.0443539352599123,28,0.2424,0.391208312405087,"Pickering|Secondary|1d"
163,"Ajax","1d","Secondary",-7,-55.59,-56.85,1.37750080046382,0.06,0.0570824522664626,11,0.841,0.288249430974266,"Ajax|Secondary|1d"
163,"Ajax","3d","Secondary",-5,-115.09,-122.23,0.124801598170228,0.93,0.9330064673027,13,0.5764,0.0406887942308588,"Ajax|Secondary|3d"
163,"Ajax","7d","Secondary",4,-114.04,-124.57,0.21507999195119,0.97,0.967870524286657,15,0.2423,-0.0719182068115789,"Ajax|Secondary|7d"
163,"Pickering","1d","Total",-1,-99.02,-97.79,1.47922879147246,0.31,0.31240903340283,19,0.7069,0.332503840268689,"Pickering|Total|1d"
163,"Ajax","1d","Total",0,-46.19,-48.41,1.95819601982419,0.51,0.506361095935667,11,0.7772,0.113497482702941,"Ajax|Total|1d"
163,"Ajax","3d","Total",4,-73.94,-87.42,0.33824513193809,0.97,0.969940966611197,12,0.3339,-0.19550515331858,"Ajax|Total|3d"
163,"Ajax","7d","Total",-4,-113.92,-119.18,0.40290651245168,0.91,0.914074587536365,17,0.195,-0.0306090118771313,"Ajax|Total|7d"
164,"Pickering","1d","Elementary",7,-108.36,-106.81,1.42986423913578,0.67,0.668829229649091,21,0.415,0.171444534768475,"Pickering|Elementary|1d"
164,"Ajax","1d","Elementary",-4,-47.02,-65.06,0.623219895993056,0.86,0.863432564403278,11,0.1966,-0.32483266420145,"Ajax|Elementary|1d"
164,"Ajax","3d","Elementary",5,-192.84,-189.3,0.810242731757876,0.9,0.896773886895142,34,0.3781,0.13558969428066,"Ajax|Elementary|3d"
164,"Ajax","5d","Elementary",2,-76.13,-89.43,0.320251788391417,0.93,0.928555782091258,12,0.9125,0.15935172111417,"Ajax|Elementary|5d"
164,"Pickering","1d","Secondary",1,-167.17,-164.21,1.04478612601934,0.15,0.152376406131216,28,0.2217,0.371767823817406,"Pickering|Secondary|1d"
164,"Ajax","1d","Secondary",0,-54.42,-87.02,0.199584040845753,0.98,0.979573488659602,11,0.8208,-0.272021527906537,"Ajax|Secondary|1d"
164,"Ajax","3d","Secondary",7,-197.15,-191.13,0.873294778080258,0.59,0.59045339435739,33,0.1056,0.389654553052498,"Ajax|Secondary|3d"
164,"Ajax","5d","Secondary",1,-94.33,-116.21,0.0909293644480487,0.92,0.921827504505772,12,0.9216,0.253995393999706,"Ajax|Secondary|5d"
164,"Ajax","7d","Secondary",-2,-481.01,-459.36,0.346607761199894,0.93,0.930505504690162,62,0.8373,0.36512545057952,"Ajax|Secondary|7d"
164,"Pickering","1d","Total",7,-120.14,-118.45,1.11981452224383,0.63,0.628197434230357,21,0.0662,0.16158697604253,"Pickering|Total|1d"
164,"Ajax","1d","Total",-4,-50.99,-68.11,0.549238455183347,0.84,0.83753083457416,11,0.4456,-0.23948963505498,"Ajax|Total|1d"
164,"Ajax","3d","Total",7,-210.97,-207.93,0.571288795251941,0.9,0.902539786714894,33,0.2733,0.298830077510592,"Ajax|Total|3d"
164,"Ajax","5d","Total",2,-80.22,-93.27,0.273383676918593,0.92,0.918679017616689,12,0.9668,0.217927719894931,"Ajax|Total|5d"
165,"Pickering","1d","Elementary",1,-122.03,-118.44,2.02528231928473,0.37,0.373913856217936,27,0.1576,0.381721889142162,"Pickering|Elementary|1d"
165,"Ajax","3d","Elementary",0,-94.88,-103.92,0.691031100022546,0.88,0.883470939660556,18,0.3188,0.108659196897405,"Ajax|Elementary|3d"
165,"Ajax","5d","Elementary",-4,-113.04,-123.43,0.269296215344231,0.95,0.948960405199033,16,0.2279,-0.325775015814187,"Ajax|Elementary|5d"
165,"Ajax","7d","Elementary",-2,-428.09,-407.54,0.399342742382072,0.98,0.9795196280384,60,0.4686,0.334117764437932,"Ajax|Elementary|7d"
165,"Pickering","1d","Secondary",-6,-145.33,-143.29,0.816172396251219,0.56,0.564965538594584,24,0.8577,0.230963274756279,"Pickering|Secondary|1d"
165,"Ajax","3d","Secondary",2,-129.26,-130.03,0.478981518937953,0.64,0.635565989064253,18,0.2998,0.202095985749351,"Ajax|Secondary|3d"
165,"Ajax","5d","Secondary",2,-133.82,-138.08,0.184194733989989,0.79,0.786333711175956,16,0.0685,0.123730272471834,"Ajax|Secondary|5d"
165,"Ajax","7d","Secondary",6,-479.01,-461.49,0.223634484977365,0.98,0.977926219069884,55,0.8872,0.0625484991896239,"Ajax|Secondary|7d"
165,"Pickering","1d","Total",7,-111.73,-112.94,1.11467044670003,0.66,0.664589957297345,22,0.8666,0.332560620282409,"Pickering|Total|1d"
165,"Ajax","3d","Total",0,-102.84,-110.3,0.609277902705061,0.85,0.853486413678268,18,0.4296,0.139293702430736,"Ajax|Total|3d"
165,"Ajax","5d","Total",2,-123.26,-129.16,0.248490765494845,0.94,0.942931813673028,16,0.1063,-0.0643776406181049,"Ajax|Total|5d"
165,"Ajax","7d","Total",-2,-455.12,-434.51,0.313406124150756,0.98,0.97911508053927,60,0.1406,0.279313729747695,"Ajax|Total|7d"
166,"Pickering","1d","Elementary",-6,-104.25,-104.09,1.58672098835738,0.73,0.728661697872121,23,0.0948,0.153111263006638,"Pickering|Elementary|1d"
166,"Ajax","1d","Elementary",1,-39.22,-55.54,1.02544454172204,0.9,0.904959433613869,11,0.2994,-0.0669291675247916,"Ajax|Elementary|1d"
166,"Ajax","3d","Elementary",-1,-102.75,-103.91,0.498436301342566,0.79,0.791920026731461,15,0.7747,0.0409074135471459,"Ajax|Elementary|3d"
166,"Pickering","1d","Secondary",1,-168.17,-163.8,0.976810746368271,0.31,0.306706087179077,29,0.232,0.306735266414967,"Pickering|Secondary|1d"
166,"Ajax","1d","Secondary",1,-50.94,-53.39,1.55605887679202,0.6,0.59940176774351,11,0.5833,-0.250274722472504,"Ajax|Secondary|1d"
166,"Ajax","3d","Secondary",0,-133.42,-134.22,0.195543519305989,0.34,0.341410906289714,15,0.5155,-0.0992720321175665,"Ajax|Secondary|3d"
166,"Pickering","1d","Total",-6,-113.93,-113.35,1.32592563345444,0.68,0.684010984470244,23,0.0737,0.136699713224275,"Pickering|Total|1d"
166,"Ajax","3d","Total",-1,-111.62,-112.78,0.376415091487233,0.76,0.758707511878317,15,0.8374,0.0925147216878778,"Ajax|Total|3d"
167,"Pickering","1d","Elementary",3,-78.54,-77.48,2.22271824305337,0.2,0.195799415949914,19,0.1057,0.352967258463917,"Pickering|Elementary|1d"
167,"Ajax","1d","Elementary",1,-55.83,-61.97,0.849512970669014,0.8,0.797666358017471,11,0.5703,-0.2933757273609,"Ajax|Elementary|1d"
167,"Ajax","5d","Elementary",1,-121.25,-129.57,0.219428265544445,0.97,0.966330736227023,16,0.822,-0.0376441877158785,"Ajax|Elementary|5d"
167,"Ajax","7d","Elementary",6,-366.46,-349.59,0.619571460414852,0.96,0.95968844890622,55,0.4495,0.389596849327371,"Ajax|Elementary|7d"
167,"Pickering","1d","Secondary",1,-161.09,-157.59,1.10405143174493,0.1,0.100845552640495,28,0.1236,0.367007267732813,"Pickering|Secondary|1d"
167,"Ajax","1d","Secondary",0,-63.26,-68.45,0.651182127919597,0.69,0.692191889511252,11,0.4029,-0.242551251687114,"Ajax|Secondary|1d"
167,"Ajax","5d","Secondary",-1,-161.89,-161.53,0.119804377368186,0.2,0.197771721146302,16,0.5727,-0.0587118095119736,"Ajax|Secondary|5d"
167,"Ajax","7d","Secondary",-5,-452.59,-431.61,0.359899913266019,0.92,0.920315618033832,60,0.3955,0.222150003105334,"Ajax|Secondary|7d"
167,"Pickering","1d","Total",-4,-82.9,-86.24,1.27710375870625,0.53,0.531442271494242,17,0.2396,0.338937608954556,"Pickering|Total|1d"
167,"Ajax","1d","Total",1,-57.62,-66.63,0.66316840519798,0.86,0.864841958570311,11,0.9465,-0.357013035301817,"Ajax|Total|1d"
167,"Ajax","5d","Total",-1,-134.23,-144.17,0.131584970176025,0.96,0.962099406708136,16,0.2747,0.070031232862134,"Ajax|Total|5d"
167,"Ajax","7d","Total",-3,-390.42,-369.4,0.611188483141184,0.93,0.926754457804777,60,0.073,0.386541644100682,"Ajax|Total|7d"
168,"Pickering","1d","Elementary",1,-122.73,-119.19,2.04946962893984,0.37,0.371390025217939,27,0.1852,0.321475162888489,"Pickering|Elementary|1d"
168,"Ajax","1d","Elementary",1,-63.34,-65.8,1.81767686702053,0.41,0.411469382307621,15,0.096,0.0899044246135609,"Ajax|Elementary|1d"
168,"Ajax","3d","Elementary",-7,-97.12,-99.72,0.806193996465664,0.67,0.66550394782247,17,0.7208,0.197760798630579,"Ajax|Elementary|3d"
168,"Ajax","5d","Elementary",-5,-235.51,-225.3,1.31067232480339,0.77,0.767052991526609,44,0.2492,0.396015603958232,"Ajax|Elementary|5d"
168,"Ajax","7d","Elementary",-1,-209.71,-209.69,0.323934909715136,0.98,0.975069961409147,28,0.4127,0.0879256396251168,"Ajax|Elementary|7d"
168,"Pickering","1d","Secondary",1,-168.17,-163.92,1.02797908176854,0.25,0.247873702297086,29,0.4862,0.242838793579813,"Pickering|Secondary|1d"
168,"Ajax","1d","Secondary",-6,-77.75,-81.82,0.641391525265779,0.59,0.594161973059975,13,0.6999,0.0501848593437934,"Ajax|Secondary|1d"
168,"Ajax","3d","Secondary",0,-148.99,-146.94,0.685889479907339,0.63,0.625922380314178,23,0.0709,0.171193556810698,"Ajax|Secondary|3d"
168,"Ajax","5d","Secondary",4,-272.3,-262.75,0.80836694627991,0.8,0.796818085580287,42,0.2286,0.391010306354468,"Ajax|Secondary|5d"
168,"Ajax","7d","Secondary",4,-232.42,-228.55,0.293875848597192,0.91,0.912958872674862,28,0.4808,-0.185005742414008,"Ajax|Secondary|7d"
168,"Pickering","1d","Total",1,-135.03,-131.49,1.67710010380763,0.34,0.337228936082114,27,0.1196,0.392908416569218,"Pickering|Total|1d"
168,"Ajax","1d","Total",1,-72.79,-75.62,1.23063667897,0.54,0.538308515899322,15,0.3945,0.0133909363727579,"Ajax|Total|1d"
168,"Ajax","3d","Total",-6,-124.61,-124.27,0.717117189087524,0.7,0.697981364520904,20,0.8559,0.167606191832935,"Ajax|Total|3d"
168,"Ajax","5d","Total",-4,-259.04,-247.65,0.861400952887013,0.86,0.855411801023137,44,0.6498,0.252435163688728,"Ajax|Total|5d"
168,"Ajax","7d","Total",-1,-217.57,-215.97,0.311650522148024,0.97,0.968752719817931,28,0.6459,0.168999657699193,"Ajax|Total|7d"
169,"Pickering","1d","Elementary",7,-103.57,-102,1.65794618618181,0.56,0.562954803615412,22,0.4713,0.379514578781128,"Pickering|Elementary|1d"
169,"Ajax","1d","Elementary",1,-40.78,-43.46,2.30213896921105,0.2,0.203386409744926,11,0.7861,0.284397646666148,"Ajax|Elementary|1d"
169,"Ajax","3d","Elementary",2,-124.84,-125.47,0.841753229234042,0.9,0.902388136600597,22,0.4179,0.150677946287092,"Ajax|Elementary|3d"
169,"Pickering","1d","Secondary",3,-142.06,-140.58,0.674296033618826,0.57,0.568428135501798,22,0.4687,0.118233673395436,"Pickering|Secondary|1d"
169,"Ajax","1d","Secondary",1,-42.03,-44.59,2.01620614791723,0.24,0.243866812847559,11,0.2036,-0.390486437005736,"Ajax|Secondary|1d"
169,"Ajax","3d","Secondary",-5,-145.9,-147.89,0.370495924610036,0.88,0.88194567726165,20,0.6498,-0.22990438100534,"Ajax|Secondary|3d"
169,"Ajax","5d","Secondary",-5,-305.01,-292.25,0.680886553512985,0.78,0.783685765178104,47,0.7824,0.191308003876541,"Ajax|Secondary|5d"
169,"Pickering","1d","Total",7,-118.64,-117.14,1.12736451597673,0.62,0.620497304431631,22,0.1957,0.328108939072086,"Pickering|Total|1d"
169,"Ajax","1d","Total",1,-41.3,-45.72,1.94141068405865,0.28,0.280851027141784,11,0.4046,0.272706285608266,"Ajax|Total|1d"
169,"Ajax","3d","Total",2,-132.8,-133.95,0.656973781101604,0.91,0.905988640474308,22,0.2344,0.161408755233567,"Ajax|Total|3d"
170,"Pickering","1d","Elementary",1,-118.67,-115.6,1.89183861192042,0.53,0.530032446912753,26,0.3575,0.326668349147034,"Pickering|Elementary|1d"
170,"Ajax","5d","Elementary",1,-177.37,-176.55,0.514475956364812,0.92,0.917354585630339,27,0.3972,0.00902554529473812,"Ajax|Elementary|5d"
170,"Pickering","1d","Secondary",1,-171.3,-167.42,0.850465165972586,0.54,0.537400359699313,28,0.0568,0.24525059313797,"Pickering|Secondary|1d"
170,"Ajax","3d","Secondary",-4,-160.35,-154.24,1.56022656200637,0.38,0.380189323580149,34,0.2094,0.244730754776973,"Ajax|Secondary|3d"
170,"Ajax","5d","Secondary",-5,-182.97,-179.98,0.552818754648649,0.9,0.898183984972869,27,0.9186,-0.00841512558970696,"Ajax|Secondary|5d"
170,"Pickering","1d","Total",1,-132.73,-129.51,1.52140838937264,0.51,0.510335578986889,26,0.167,0.346466741792781,"Pickering|Total|1d"
170,"Ajax","5d","Total",-2,-180.12,-177.76,0.563352061507755,0.9,0.895172517479616,27,0.2743,0.127372797699045,"Ajax|Total|5d"
171,"Pickering","1d","Elementary",7,-98.87,-97.76,1.56211921802967,0.56,0.561497324106267,21,0.6924,0.229140509478123,"Pickering|Elementary|1d"
171,"Ajax","3d","Elementary",6,-216.71,-206.77,1.27773762870078,0.87,0.868679491993088,42,0.2035,0.254927711595416,"Ajax|Elementary|3d"
171,"Ajax","7d","Elementary",1,-175.07,-173.79,0.326356448259666,0.94,0.942669372299005,22,0.1586,-0.0745271797467824,"Ajax|Elementary|7d"
171,"Pickering","1d","Secondary",1,-178.28,-174.35,0.800845806247722,0.42,0.424938969693011,28,0.1861,0.230626120638972,"Pickering|Secondary|1d"
171,"Ajax","3d","Secondary",1,-228.1,-217.14,1.36392557922288,0.49,0.493723421215593,45,0.2109,0.31058344898063,"Ajax|Secondary|3d"
171,"Ajax","5d","Secondary",1,-318.73,-306.96,0.639569805753651,0.73,0.725016067142035,47,0.1115,0.370597206844148,"Ajax|Secondary|5d"
171,"Ajax","7d","Secondary",-7,-179.6,-184.69,0.154859305525107,0.99,0.990500015935092,21,0.942,-0.085116895971104,"Ajax|Secondary|7d"
171,"Pickering","1d","Total",-6,-107.18,-105.76,1.51678023601799,0.59,0.585442077942677,22,0.2257,-0.102422877592061,"Pickering|Total|1d"
171,"Ajax","3d","Total",6,-237.22,-227.02,0.974531462100634,0.87,0.865536460199659,42,0.9905,0.38576977508801,"Ajax|Total|3d"
171,"Ajax","7d","Total",-7,-164.95,-173.62,0.189052049881417,0.98,0.98465165470574,21,0.8284,-0.00461758743127663,"Ajax|Total|7d"
172,"Pickering","1d","Elementary",3,-87.12,-85.99,2.26109528929665,0,7.16245016199301e-05,19,0.7323,0.304864756998815,"Pickering|Elementary|1d"
172,"Ajax","1d","Elementary",1,-48.28,-54.09,1.65459656323128,0.58,0.582835392979042,12,0.331,-0.104959663978656,"Ajax|Elementary|1d"
172,"Ajax","3d","Elementary",5,-53.87,-73.94,0.53123613660255,0.83,0.831786866113004,12,0.0531,0.264528859365978,"Ajax|Elementary|3d"
172,"Ajax","5d","Elementary",6,-174.37,-173.06,0.639281466591828,0.9,0.903760383752785,28,0.9933,0.354804260911939,"Ajax|Elementary|5d"
172,"Pickering","1d","Secondary",1,-162.78,-160.55,1.16288311540701,0,0.00214199494679239,28,0.1547,0.393127807951327,"Pickering|Secondary|1d"
172,"Ajax","3d","Secondary",-5,-101.12,-111.54,0.238863911931866,0.97,0.965797652346417,14,0.5404,0.103397030902247,"Ajax|Secondary|3d"
172,"Ajax","5d","Secondary",4,-219.79,-215.01,0.509887884598509,0.91,0.90970741962744,30,0.0863,0.240511606476043,"Ajax|Secondary|5d"
172,"Ajax","7d","Secondary",-2,-415.78,-394.07,0.521920360153444,0.85,0.848363020770902,61,0.0928,0.377786684353633,"Ajax|Secondary|7d"
172,"Pickering","1d","Total",3,-91.1,-90.12,1.82399456575375,0,7.67908491340634e-05,18,0.2954,0.32768644829843,"Pickering|Total|1d"
172,"Ajax","1d","Total",1,-55.63,-61.77,1.17997488861342,0.68,0.684400166746726,12,0.3169,-0.00339159599559931,"Ajax|Total|1d"
172,"Ajax","3d","Total",-4,-73.84,-78,0.753221222017958,0.73,0.730370727612278,13,0.7476,0.323865966935348,"Ajax|Total|3d"
172,"Ajax","5d","Total",6,-195.23,-192.8,0.460669385313682,0.94,0.937087645276694,28,0.4648,0.272706508295631,"Ajax|Total|5d"
173,"Pickering","1d","Elementary",1,-127.17,-124.33,2.01712677194465,0.37,0.369329989414884,27,0.2356,0.394895185108823,"Pickering|Elementary|1d"
173,"Ajax","1d","Elementary",1,-66.4,-66.33,2.14768654159373,0.13,0.129355576192685,15,0.5193,0.335456948057136,"Ajax|Elementary|1d"
173,"Pickering","1d","Secondary",1,-170.11,-166.33,0.918500654741247,0.4,0.398519252671058,28,0.2197,0.193825361716414,"Pickering|Secondary|1d"
173,"Ajax","1d","Secondary",-6,-75.24,-78.8,0.788482159537113,0.58,0.576432629132608,13,0.1518,0.0849104566451487,"Ajax|Secondary|1d"
173,"Pickering","7d","Secondary",-6,-575.66,-546.75,0.429211333554737,0.81,0.805562834096321,77,0.3159,0.387631204617107,"Pickering|Secondary|7d"
173,"Pickering","1d","Total",7,-121.74,-120.67,0.916234822480548,0.75,0.746347729448641,21,0.8339,0.224948694160176,"Pickering|Total|1d"
173,"Ajax","1d","Total",1,-73.73,-73.73,1.62559524756704,0.22,0.222048058908153,15,0.4825,0.335220485322747,"Ajax|Total|1d"
174,"Pickering","1d","Elementary",1,-117.88,-114.68,1.92037807344985,0.47,0.465498532002516,26,0.3215,0.350590463074465,"Pickering|Elementary|1d"
174,"Ajax","5d","Elementary",0,-214.34,-207.04,0.89769231719858,0.8,0.799543311121335,36,0.9538,0.364311094557043,"Ajax|Elementary|5d"
174,"Ajax","7d","Elementary",-5,-194.06,-189.04,0.984925716563917,0.78,0.784555360147657,32,0.8611,0.391612246395811,"Ajax|Elementary|7d"
174,"Pickering","1d","Secondary",1,-171.79,-167.89,0.908185240343783,0.45,0.446652861887,28,0.882,0.345956593496031,"Pickering|Secondary|1d"
174,"Ajax","3d","Secondary",-2,-263.38,-253.38,1.11850137743976,0.64,0.636353656280997,47,0.0864,0.28506430675322,"Ajax|Secondary|3d"
174,"Ajax","5d","Secondary",-5,-275.06,-268.64,0.312455875812622,0.88,0.875342357612427,35,0.6045,0.00032247312624646,"Ajax|Secondary|5d"
174,"Ajax","7d","Secondary",-3,-278.22,-272.65,0.25254024606735,0.91,0.908632480814266,34,0.7754,0.391188061606534,"Ajax|Secondary|7d"
174,"Pickering","1d","Total",-6,-117.44,-115.5,1.55860305616135,0.6,0.597188142256072,22,0.1304,0.318709820248386,"Pickering|Total|1d"
174,"Ajax","5d","Total",5,-202.77,-195.79,0.945318043675034,0.73,0.72751506214902,36,0.6446,0.349987117229041,"Ajax|Total|5d"
174,"Ajax","7d","Total",-5,-210.63,-205.62,0.761772011863558,0.81,0.81242524743339,32,0.6688,0.370749224413114,"Ajax|Total|7d"
175,"Pickering","1d","Elementary",7,-90.45,-89.44,2.01495221526136,0.4,0.395596543993243,21,0.5463,0.374011361007984,"Pickering|Elementary|1d"
175,"Ajax","3d","Elementary",7,-143.69,-143.23,0.893019424472847,0.87,0.867719477727889,26,0.9964,0.325049610419604,"Ajax|Elementary|3d"
175,"Ajax","5d","Elementary",-4,-98.86,-100.9,0.570816908864755,0.76,0.75613936682836,15,0.6495,0.289042224117762,"Ajax|Elementary|5d"
175,"Ajax","7d","Elementary",-6,-281.48,-271.26,0.559666699212361,0.95,0.951977556287765,42,0.6674,0.325518020954677,"Ajax|Elementary|7d"
175,"Pickering","1d","Secondary",1,-167.05,-163.2,0.976096947732269,0.37,0.365842711417018,28,0.9089,0.166688022972204,"Pickering|Secondary|1d"
175,"Ajax","5d","Secondary",-4,-140.81,-140.87,0.171676789254714,0.66,0.65644244763144,15,0.2851,0.377949502518286,"Ajax|Secondary|5d"
175,"Ajax","7d","Secondary",-2,-338.46,-329.23,0.344697145779726,0.95,0.948242928723412,42,0.2561,0.379982029083852,"Ajax|Secondary|7d"
175,"Pickering","1d","Total",2,-101.52,-101.49,1.19370402247842,0.57,0.572681895834241,20,0.5867,0.372254716540389,"Pickering|Total|1d"
175,"Ajax","3d","Total",7,-150.77,-150.43,0.774792347782108,0.86,0.86099844641743,26,0.3978,0.345035316578736,"Ajax|Total|3d"
175,"Ajax","5d","Total",-4,-108.83,-109.68,0.455534377899116,0.72,0.723951477662994,15,0.4304,0.303309553374155,"Ajax|Total|5d"
175,"Ajax","7d","Total",-6,-291.87,-281.95,0.460312524084718,0.95,0.947235690722371,42,0.4847,0.339601839253114,"Ajax|Total|7d"
176,"Pickering","1d","Elementary",0,-101.17,-99.19,1.97627431915267,0.4,0.402897603991666,22,0.5756,0.392925511206771,"Pickering|Elementary|1d"
176,"Ajax","3d","Elementary",2,-131.33,-128.39,1.40188177082076,0.69,0.69155856367556,25,0.3917,0.38708726079134,"Ajax|Elementary|3d"
176,"Pickering","1d","Secondary",-6,-147.19,-145.16,0.806488406600529,0.6,0.599057467763731,24,0.6727,0.327016032459939,"Pickering|Secondary|1d"
176,"Pickering","3d","Secondary",-3,-436.25,-416,0.581154000112577,0.68,0.677632268100274,63,0.2754,0.390446286965929,"Pickering|Secondary|3d"
176,"Ajax","3d","Secondary",-4,-172.46,-177.81,0.341131442321052,0.96,0.962851430455922,25,0.9444,-0.186733665807404,"Ajax|Secondary|3d"
176,"Pickering","1d","Total",-6,-107.75,-105.74,1.67362078417082,0.44,0.437176628438813,23,0.6327,0.285493428933312,"Pickering|Total|1d"
176,"Ajax","3d","Total",2,-142.64,-140.22,0.996844041789179,0.78,0.783808587208033,25,0.4285,0.364842597565184,"Ajax|Total|3d"
176,"Ajax","7d","Total",-1,-372.48,-357.45,0.717689206170709,0.83,0.825020056105913,56,0.2769,0.358192554729595,"Ajax|Total|7d"
177,"Pickering","1d","Elementary",6,-78.66,-77.67,2.11858771745431,0.23,0.234335695895852,19,0.1718,0.285167036159793,"Pickering|Elementary|1d"
177,"Pickering","1d","Secondary",3,-131.68,-129.96,0.848780114732597,0.32,0.322565969164169,21,0.4315,0.309733573930324,"Pickering|Secondary|1d"
177,"Ajax","5d","Secondary",2,-396.16,-378.88,0.640826557567806,0.81,0.809315143905438,58,0.9732,0.371235359863791,"Ajax|Secondary|5d"
177,"Pickering","1d","Total",3,-82.6,-82.16,1.79055805128722,0.18,0.17948688528329,18,0.3153,0.128500849341019,"Pickering|Total|1d"
178,"Pickering","1d","Elementary",-1,-112.55,-112.18,1.06934084557872,0.78,0.777239719963466,21,0.3253,0.089124284221797,"Pickering|Elementary|1d"
178,"Ajax","1d","Elementary",-4,-49.36,-49.72,2.39107741875308,0,7.61362512543888e-05,12,0.7624,0.362981079200785,"Ajax|Elementary|1d"
178,"Ajax","7d","Elementary",2,-157.32,-161.18,0.384280474528601,0.96,0.95871247374112,23,0.3574,0.0353057101979374,"Ajax|Elementary|7d"
178,"Pickering","1d","Secondary",1,-168.13,-165.22,1.15012933751391,0.04,0.0442804773053302,29,0.1705,0.390831192750976,"Pickering|Secondary|1d"
178,"Ajax","1d","Secondary",-6,-80.34,-80.35,1.2048014900515,0.23,0.226679995759038,15,0.2309,0.386544664161317,"Ajax|Secondary|1d"
178,"Ajax","7d","Secondary",3,-164.8,-162.95,0.504831559271684,0.75,0.752816985534528,22,0.0525,-0.330957540802504,"Ajax|Secondary|7d"
178,"Pickering","1d","Total",-4,-93.19,-92.8,1.46094584424021,0.39,0.392364561738907,18,0.2335,0.233518121666425,"Pickering|Total|1d"
178,"Ajax","1d","Total",6,-52.6,-54.07,1.93247770941864,0.32,0.316117318048398,12,0.6863,0.342512677186582,"Ajax|Total|1d"
178,"Ajax","3d","Total",-1,-253.08,-242.26,0.84836595324956,0.8,0.796398658631676,44,0.8845,0.304566831378852,"Ajax|Total|3d"
178,"Ajax","7d","Total",1,-165.91,-164.45,0.478640048835498,0.91,0.907282512213077,23,0.6381,0.132167413854058,"Ajax|Total|7d"
179,"Pickering","1d","Elementary",-1,-95.85,-94.14,2.05596924243742,0.15,0.149888194375128,21,0.1659,0.366560283375921,"Pickering|Elementary|1d"
179,"Ajax","1d","Elementary",1,-48,-55.54,1.72855563005514,0.72,0.721128687084331,13,0.214,0.208070964392393,"Ajax|Elementary|1d"
179,"Ajax","5d","Elementary",-4,-265.42,-257.15,0.701543078813672,0.95,0.94882440792235,39,0.0742,0.213698827243007,"Ajax|Elementary|5d"
179,"Ajax","7d","Elementary",-4,-132.05,-132.74,0.394948849629652,0.9,0.901834649861931,18,0.1016,0.255938468682273,"Ajax|Elementary|7d"
179,"Pickering","1d","Secondary",7,-136.31,-134.18,1.08386347374139,0.18,0.176293482036143,23,0.3509,0.387167098198806,"Pickering|Secondary|1d"
179,"Ajax","1d","Secondary",-6,-71.36,-76.03,0.752664024913513,0.69,0.689755783270018,13,0.0709,0.170354883625646,"Ajax|Secondary|1d"
179,"Pickering","3d","Secondary",4,-457.86,-435.21,0.571318674123814,0.72,0.723463092643876,66,0.2354,0.326312760913749,"Pickering|Secondary|3d"
179,"Ajax","5d","Secondary",6,-274.91,-268.96,0.312160091207129,0.97,0.969005681217512,35,0.6311,0.297193109283144,"Ajax|Secondary|5d"
179,"Ajax","7d","Secondary",2,-145.03,-146.63,0.26401843001536,0.92,0.915880875747767,18,0.8167,0.0491918691963527,"Ajax|Secondary|7d"
179,"Pickering","1d","Total",-4,-95.71,-95.18,1.37337528588923,0.45,0.452032949399809,18,0.2657,0.319284865087456,"Pickering|Total|1d"
179,"Ajax","1d","Total",-6,-61.44,-63.85,1.36622563655994,0.66,0.658316295399628,13,0.3885,-0.0446287124550882,"Ajax|Total|1d"
179,"Ajax","5d","Total",-4,-292.91,-289.18,0.296468491965891,0.98,0.98439761005881,39,0.937,0.19312009692177,"Ajax|Total|5d"
179,"Ajax","7d","Total",-4,-137.77,-139.13,0.335159092525128,0.92,0.916871326852959,18,0.9007,0.0134056498036386,"Ajax|Total|7d"
180,"Pickering","1d","Elementary",1,-121.45,-118.23,1.89568172176002,0.45,0.454176209650759,26,0.7452,0.336453052696432,"Pickering|Elementary|1d"
180,"Ajax","1d","Elementary",1,-67.16,-70.08,1.83416532092996,0.73,0.725192775394793,16,0.2208,0.00670493172190831,"Ajax|Elementary|1d"
180,"Ajax","3d","Elementary",2,-142.53,-139.81,0.941572920667203,0.74,0.743654907262865,25,0.1544,0.335562117086052,"Ajax|Elementary|3d"
180,"Ajax","7d","Elementary",-7,-225.11,-222.43,0.433258073653399,0.96,0.955824177639769,33,0.8593,-0.134041780321358,"Ajax|Elementary|7d"
180,"Pickering","1d","Secondary",7,-133.28,-131.35,1.01609276427061,0.2,0.204735336711319,22,0.7019,0.32275491067292,"Pickering|Secondary|1d"
180,"Ajax","1d","Secondary",-6,-86.94,-88.73,0.962685238293038,0.5,0.499394021533596,16,0.5943,0.15875818889844,"Ajax|Secondary|1d"
180,"Ajax","3d","Secondary",7,-153.1,-153.07,0.525116778120119,0.74,0.744414962362271,22,0.1005,0.345638594719169,"Ajax|Secondary|3d"
180,"Ajax","7d","Secondary",0,-307.09,-298.34,0.353960939259063,0.88,0.881587640740956,39,0.707,0.305873885246432,"Ajax|Secondary|7d"
180,"Pickering","1d","Total",2,-104.82,-104.98,1.29501933376515,0.55,0.550497515092768,21,0.9268,0.291775173132654,"Pickering|Total|1d"
180,"Ajax","1d","Total",1,-73.99,-78.08,1.29332348507498,0.78,0.776975231699388,16,0.9007,-0.00273766152098009,"Ajax|Total|1d"
180,"Ajax","3d","Total",-1,-142.88,-146.25,0.643640005017414,0.84,0.835504131832521,25,0.5627,0.360410743667554,"Ajax|Total|3d"
180,"Ajax","7d","Total",0,-254.48,-246.49,0.561128032693142,0.89,0.885966399879455,39,0.9579,0.343312502538352,"Ajax|Total|7d"
181,"Pickering","1d","Elementary",0,-93.24,-91.55,2.12379712969977,0.28,0.27866988614667,21,0.7202,0.312801899512444,"Pickering|Elementary|1d"
181,"Ajax","1d","Elementary",1,-50.14,-59.16,1.36788877064167,0.81,0.810997520118007,13,0.9007,0.329023977589104,"Ajax|Elementary|1d"
181,"Ajax","3d","Elementary",1,-148.91,-144.63,1.55183816915125,0.52,0.515580396089454,30,0.1102,0.325391992999582,"Ajax|Elementary|3d"
181,"Pickering","1d","Secondary",0,-139.62,-137.6,1.04688367722256,0.05,0.0531463681226742,23,0.6063,0.307957376946262,"Pickering|Secondary|1d"
181,"Ajax","3d","Secondary",-6,-188.7,-184.72,0.650228783847099,0.59,0.590193387991786,28,0.123,0.0684069024256026,"Ajax|Secondary|3d"
181,"Pickering","1d","Total",3,-94.63,-93.4,1.66333811523333,0.29,0.286858503390055,19,0.874,0.0925336497592467,"Pickering|Total|1d"
181,"Ajax","3d","Total",1,-159.9,-155.22,1.21668076752425,0.56,0.560010925969083,30,0.1194,0.260485912185972,"Ajax|Total|3d"
182,"Pickering","1d","Elementary",-1,-99.31,-97.71,1.75385064175654,0.42,0.416351977111552,21,0.9492,0.161590638778513,"Pickering|Elementary|1d"
182,"Ajax","3d","Elementary",3,-134.42,-132.27,0.974899333858723,0.78,0.776065788944915,23,0.7188,0.26440933228012,"Ajax|Elementary|3d"
182,"Pickering","1d","Secondary",-6,-137.59,-135.29,0.948035025167518,0.39,0.393864446365291,23,0.9761,0.220275056627777,"Pickering|Secondary|1d"
182,"Ajax","3d","Secondary",-2,-135.29,-134.46,0.952726991334907,0.71,0.708526630765264,24,0.5663,0.284825824053339,"Ajax|Secondary|3d"
182,"Pickering","1d","Total",-6,-106.26,-104.54,1.63201271398361,0.39,0.392861338500679,22,0.8411,0.387333495295541,"Pickering|Total|1d"
182,"Ajax","3d","Total",4,-122.09,-120.9,1.07246436851289,0.71,0.705193513779194,22,0.6147,0.368936738999224,"Ajax|Total|3d"
183,"Pickering","1d","Elementary",3,-85.01,-83.87,2.09188404398881,0,3.55714883637232e-05,19,0.0918,0.332387663445984,"Pickering|Elementary|1d"
183,"Ajax","1d","Elementary",1,-50.27,-63.4,0.861731310622068,0.91,0.912920579128082,12,0.5762,0.304959069142696,"Ajax|Elementary|1d"
183,"Ajax","3d","Elementary",-2,-229.49,-217.14,1.37583069649674,0.73,0.734047164941599,46,0.3974,0.344860262637485,"Ajax|Elementary|3d"
183,"Ajax","5d","Elementary",-4,-85.11,-106.19,0.301510393719714,0.93,0.929125258801744,15,0.1983,-0.199697685411541,"Ajax|Elementary|5d"
183,"Pickering","1d","Secondary",0,-141.29,-139.03,0.89269347526459,0.31,0.313601920421087,23,0.8474,0.232643645426253,"Pickering|Secondary|1d"
183,"Ajax","3d","Secondary",0,-293.58,-280.56,0.744527593080687,0.76,0.761144198336284,47,0.0866,0.26155292864773,"Ajax|Secondary|3d"
183,"Ajax","5d","Secondary",5,-138.9,-140.07,0.150588712875448,0.89,0.885830384280828,15,0.4574,-0.00820015975592255,"Ajax|Secondary|5d"
183,"Pickering","1d","Total",3,-91.69,-90.71,1.59313170643897,0,5.01057084121108e-05,18,0.1455,0.370502641201293,"Pickering|Total|1d"
183,"Ajax","3d","Total",-2,-253.56,-241.28,1.02187387657189,0.76,0.764916138244886,46,0.7775,0.354311929539667,"Ajax|Total|3d"
183,"Ajax","5d","Total",-4,-93.08,-112.7,0.248443491738766,0.91,0.913434161557652,15,0.1285,-0.145984833581073,"Ajax|Total|5d"
184,"Pickering","1d","Elementary",1,-117.53,-114.48,1.86058656407074,0.52,0.515601884322029,26,0.997,0.322313641837754,"Pickering|Elementary|1d"
184,"Ajax","3d","Elementary",5,-77.17,-79.93,0.94416733697555,0.81,0.808014806415394,14,0.3088,0.320862740075734,"Ajax|Elementary|3d"
184,"Ajax","5d","Elementary",0,-263.91,-252.01,1.02904527448146,0.76,0.759457277794394,46,0.5234,0.398489409080005,"Ajax|Elementary|5d"
184,"Ajax","7d","Elementary",-5,-282.46,-274.15,0.418574388442328,0.96,0.962236156520089,39,0.7008,0.385604358250835,"Ajax|Elementary|7d"
184,"Pickering","1d","Secondary",1,-182.36,-179.8,0.581642815013169,0.7,0.698928362741436,28,0.7338,0.137418989926312,"Pickering|Secondary|1d"
184,"Ajax","3d","Secondary",-4,-110.2,-112.84,0.211723184593964,0.59,0.589820717249194,13,0.3722,-0.270562728675319,"Ajax|Secondary|3d"
184,"Ajax","5d","Secondary",-1,-325.4,-314.56,0.589992412958452,0.78,0.778418281546222,46,0.1439,0.364522085784055,"Ajax|Secondary|5d"
184,"Ajax","7d","Secondary",-4,-363.93,-355.42,0.244306708042167,0.95,0.95013100127446,41,0.066,0.357647502359777,"Ajax|Secondary|7d"
184,"Pickering","1d","Total",1,-130.63,-127.62,1.46309598033568,0.51,0.50971487291218,26,0.6351,0.391996434258563,"Pickering|Total|1d"
184,"Ajax","3d","Total",5,-82.89,-86.33,0.721966170533409,0.84,0.839865158725695,14,0.0654,0.319333268216538,"Ajax|Total|3d"
184,"Ajax","5d","Total",0,-281.75,-269.7,0.83205443109071,0.76,0.763884862594338,46,0.2352,0.396948783596442,"Ajax|Total|5d"
184,"Ajax","7d","Total",-3,-327.28,-328.13,0.183176488089478,0.99,0.989109340033538,41,0.9616,0.393112909828946,"Ajax|Total|7d"
185,"Pickering","1d","Elementary",1,-122.77,-119.17,2.06340044804189,0.4,0.396159052745082,27,0.5321,0.369627247598701,"Pickering|Elementary|1d"
185,"Ajax","1d","Elementary",1,-64.89,-70.16,1.43849224384893,0.62,0.619312409236607,15,0.1621,0.04552718441387,"Ajax|Elementary|1d"
185,"Ajax","5d","Elementary",2,-326.77,-312.49,0.685182824332198,0.9,0.899451780638557,50,0.6226,0.270229944213764,"Ajax|Elementary|5d"
185,"Pickering","1d","Secondary",0,-146.34,-143.81,0.972437660336078,0.14,0.141474498691229,24,0.8283,0.358405008897808,"Pickering|Secondary|1d"
185,"Ajax","1d","Secondary",-6,-73.73,-75.88,0.90719767682427,0.4,0.396080163833827,13,0.8505,0.317461470368659,"Ajax|Secondary|1d"
185,"Pickering","1d","Total",7,-118.02,-116.19,1.24855432984698,0.56,0.563868963439833,22,0.198,0.307208216257269,"Pickering|Total|1d"
185,"Ajax","1d","Total",1,-74.6,-80.44,0.956912231742892,0.72,0.723441539979901,15,0.9428,0.0895956022789497,"Ajax|Total|1d"
186,"Pickering","1d","Elementary",1,-118.32,-115.52,1.71348606396358,0.51,0.509184955634321,27,0.642,0.363084472053299,"Pickering|Elementary|1d"
186,"Ajax","1d","Elementary",1,-77.25,-77.81,1.86167324793867,0.7,0.702884284160453,17,0.0684,0.316103232082235,"Ajax|Elementary|1d"
186,"Ajax","3d","Elementary",-2,-110.55,-114.66,0.423627416259038,0.92,0.9192652385484,16,0.93,-0.206059365484345,"Ajax|Elementary|3d"
186,"Ajax","5d","Elementary",7,-197.97,-193.2,0.778204000561946,0.85,0.853132567038522,31,0.9355,0.394034930872953,"Ajax|Elementary|5d"
186,"Pickering","1d","Secondary",0,-146.8,-145.38,0.683558913205001,0.6,0.598306048726594,23,0.9303,-0.0807297312092968,"Pickering|Secondary|1d"
186,"Ajax","1d","Secondary",-6,-93.52,-94.62,0.971375350298324,0.52,0.51910050953024,17,0.8846,0.296808902848173,"Ajax|Secondary|1d"
186,"Ajax","3d","Secondary",2,-124.1,-125.12,0.325906328754508,0.38,0.384470637200651,16,0.5614,0.26524843732635,"Ajax|Secondary|3d"
186,"Ajax","5d","Secondary",-4,-246.08,-241.51,0.318286016196024,0.85,0.845178256726423,31,0.4292,0.381989941933606,"Ajax|Secondary|5d"
186,"Pickering","1d","Total",1,-135.56,-132.36,1.33898099619639,0.53,0.530007434935793,27,0.8622,0.348186291982115,"Pickering|Total|1d"
186,"Ajax","1d","Total",1,-84.57,-86.04,1.36153373532536,0.76,0.758520231880581,17,0.1024,0.162212024732866,"Ajax|Total|1d"
186,"Ajax","3d","Total",-2,-124.67,-126.8,0.316269563155736,0.93,0.925874941265866,16,0.9345,-0.307703425477187,"Ajax|Total|3d"
186,"Ajax","5d","Total",4,-208.46,-203.79,0.699235332882258,0.85,0.845242266140068,31,0.9258,0.393481971392414,"Ajax|Total|5d"
187,"Pickering","1d","Elementary",0,-102.73,-103.39,1.50476342119586,0.68,0.684875869092815,22,0.0987,0.387184084996902,"Pickering|Elementary|1d"
187,"Ajax","1d","Elementary",-6,-53.74,-63.2,0.768693442459298,0.78,0.78322266076557,11,0.5577,-0.0619209637775508,"Ajax|Elementary|1d"
187,"Ajax","5d","Elementary",-5,-183.17,-178.88,0.770406437062156,0.88,0.875358127220267,29,0.2712,0.295397773692318,"Ajax|Elementary|5d"
187,"Ajax","7d","Elementary",1,-397.1,-377.08,0.574081692358718,0.93,0.931035196301897,59,0.1202,0.250428094928031,"Ajax|Elementary|7d"
187,"Pickering","1d","Secondary",-6,-145.57,-143.03,0.858147645616133,0.49,0.48825761803169,24,0.7651,0.239999739298419,"Pickering|Secondary|1d"
187,"Ajax","1d","Secondary",-6,-77.16,-86.42,0.264657154795396,0.91,0.909755938045952,11,0.2279,0.031170462147926,"Ajax|Secondary|1d"
187,"Ajax","3d","Secondary",1,-191.68,-184.36,1.27788327576981,0.53,0.531406780892467,37,0.1077,0.34338268395659,"Ajax|Secondary|3d"
187,"Ajax","5d","Secondary",1,-222.99,-221.5,0.335193234458324,0.91,0.908221787606704,30,0.5136,-0.0454256463700868,"Ajax|Secondary|5d"
187,"Ajax","7d","Secondary",1,-437.54,-417.85,0.416319380270915,0.9,0.89651592062847,59,0.3536,0.382457855281649,"Ajax|Secondary|7d"
187,"Pickering","1d","Total",-1,-104.99,-105.16,1.14254217283639,0.58,0.576805806608697,20,0.1754,0.0289459282143981,"Pickering|Total|1d"
187,"Ajax","1d","Total",-6,-59.31,-69.02,0.590092299506548,0.83,0.825209035745979,11,0.3549,-0.14461940717846,"Ajax|Total|1d"
187,"Ajax","5d","Total",0,-197.06,-201.09,0.41489137766789,0.96,0.956376315185287,30,0.5836,0.247456803490802,"Ajax|Total|5d"
187,"Ajax","7d","Total",-1,-401.74,-381.41,0.510658118167932,0.92,0.915679003055015,59,0.0975,0.239366648995668,"Ajax|Total|7d"
188,"Pickering","1d","Elementary",-7,-107.42,-108.32,0.995979304197867,0.76,0.763609282644235,20,0.5319,0.287151582960976,"Pickering|Elementary|1d"
188,"Ajax","3d","Elementary",6,-168.05,-166.1,1.02496912480653,0.82,0.824273116638074,33,0.9246,0.136500377838857,"Ajax|Elementary|3d"
188,"Pickering","5d","Elementary",6,-426.85,-397.9,1.10553842705578,0.81,0.814789287071634,76,0.1605,0.396306490712796,"Pickering|Elementary|5d"
188,"Ajax","5d","Elementary",-4,-190.25,-186.86,0.553166467750458,0.93,0.934151318228346,28,0.786,0.249940612982167,"Ajax|Elementary|5d"
188,"Ajax","7d","Elementary",-3,-131.2,-137.52,0.336808585573552,0.95,0.945475994922071,19,0.1721,-0.297987751117176,"Ajax|Elementary|7d"
188,"Pickering","1d","Secondary",1,-160.04,-156.05,0.979360131951479,0.29,0.288002939615642,28,0.0774,0.229299085525406,"Pickering|Secondary|1d"
188,"Ajax","3d","Secondary",1,-206.07,-199.61,0.832079690295766,0.65,0.648562970325388,34,0.2363,0.358588308801359,"Ajax|Secondary|3d"
188,"Ajax","5d","Secondary",-4,-231.12,-233.83,0.190200690261998,0.92,0.917832545848419,28,0.6348,0.0829171337353977,"Ajax|Secondary|5d"
188,"Ajax","7d","Secondary",-1,-175.17,-176.46,0.147683388747216,0.94,0.940594215277215,19,0.5927,-0.237244149668715,"Ajax|Secondary|7d"
188,"Pickering","1d","Total",1,-132.38,-130.36,1.30207732721152,0.63,0.634268702742942,26,0.0507,0.391773213834672,"Pickering|Total|1d"
188,"Ajax","3d","Total",5,-186.41,-182.46,0.900342985264903,0.78,0.782530469384614,34,0.4786,0.360747257989264,"Ajax|Total|3d"
188,"Ajax","5d","Total",-4,-203.34,-200,0.438947685091602,0.94,0.939874421888475,28,0.4279,0.255388455267597,"Ajax|Total|5d"
188,"Ajax","7d","Total",-2,-143.69,-148.37,0.267745552918516,0.95,0.952158592056988,19,0.6075,-0.18717946996841,"Ajax|Total|7d"
189,"Pickering","1d","Elementary",1,-118.61,-115.35,1.89752373773659,0.43,0.434469340987295,26,0.9636,0.29174253847777,"Pickering|Elementary|1d"
189,"Ajax","5d","Elementary",1,-189.12,-190.66,0.251330647143194,0.97,0.972626202334804,24,0.5311,0.162572584345356,"Ajax|Elementary|5d"
189,"Ajax","7d","Elementary",6,-130.6,-130.97,0.628565454859152,0.94,0.939556898401685,20,0.4073,0.242160872421964,"Ajax|Elementary|7d"
189,"Pickering","1d","Secondary",0,-146.62,-144.48,0.870992798676649,0.19,0.194316883651128,23,0.8773,0.292761256569109,"Pickering|Secondary|1d"
189,"Ajax","3d","Secondary",-7,-207.32,-199.77,1.40577421824263,0.4,0.398137317074003,41,0.0547,0.232862372713169,"Ajax|Secondary|3d"
189,"Ajax","5d","Secondary",1,-200.18,-198.33,0.243589910810124,0.96,0.960589974883,24,0.4341,0.0224556934530056,"Ajax|Secondary|5d"
189,"Ajax","7d","Secondary",6,-169.01,-169.9,0.227817869099443,0.9,0.898597133245084,20,0.8701,0.361696235769471,"Ajax|Secondary|7d"
189,"Pickering","1d","Total",1,-131.19,-127.91,1.55338213098279,0.41,0.414670627030002,26,0.9583,0.338055340748497,"Pickering|Total|1d"
189,"Ajax","5d","Total",1,-198.28,-199.12,0.207707010630148,0.98,0.975858489882291,24,0.9901,0.236845363826235,"Ajax|Total|5d"
189,"Ajax","7d","Total",6,-135.93,-135.85,0.579222256887764,0.92,0.919489858139785,20,0.1496,0.304314369253071,"Ajax|Total|7d"
190,"Pickering","1d","Elementary",-7,-99.36,-98.17,1.74771201178577,0.5,0.495486625006842,21,0.4438,0.390479235234351,"Pickering|Elementary|1d"
190,"Pickering","1d","Secondary",0,-145.97,-143.35,0.941050193396981,0.21,0.205887329861663,24,0.7438,0.365157607263322,"Pickering|Secondary|1d"
190,"Ajax","3d","Secondary",-5,-263.47,-257.53,0.741384848288746,0.74,0.742432283866931,39,0.4791,0.243494479830518,"Ajax|Secondary|3d"
190,"Pickering","1d","Total",-6,-108.8,-106.55,1.82091774404034,0.4,0.404308414284245,23,0.7247,0.214998219480177,"Pickering|Total|1d"
191,"Pickering","1d","Elementary",-7,-99.33,-97.67,1.77685753107663,0.4,0.395323254639272,21,0.1963,0.336837014503336,"Pickering|Elementary|1d"
191,"Ajax","1d","Elementary",0,-55.21,-57.9,1.65459412328059,0.63,0.634191338328016,13,0.6267,-0.107965886375729,"Ajax|Elementary|1d"
191,"Pickering","1d","Secondary",1,-168.06,-165.33,1.16853665201106,0.02,0.0235569320257731,29,0.2797,0.399336045918504,"Pickering|Secondary|1d"
191,"Ajax","1d","Secondary",6,-68.89,-72.5,0.718832516467703,0.77,0.766923425599731,12,0.7481,0.0883531015553974,"Ajax|Secondary|1d"
191,"Pickering","1d","Total",-6,-107.1,-104.79,1.89761966323419,0.28,0.280571319666718,23,0.9883,0.360439651384152,"Pickering|Total|1d"
191,"Ajax","1d","Total",0,-61.42,-64.08,1.28872191774239,0.57,0.572169347638836,13,0.831,-0.161564181074014,"Ajax|Total|1d"
192,"Pickering","1d","Elementary",1,-116.52,-113.23,1.96760473936348,0.42,0.416544492226151,26,0.8052,0.34170523058472,"Pickering|Elementary|1d"
192,"Ajax","1d","Elementary",1,-78.44,-78.87,1.95877457207823,0.5,0.496680044516338,18,0.0737,0.365639994142319,"Ajax|Elementary|1d"
192,"Pickering","3d","Elementary",-3,-324.15,-306.51,1.57719138800353,0.56,0.562304394308969,64,0.8882,0.354128473748276,"Pickering|Elementary|3d"
192,"Ajax","3d","Elementary",-4,-112.81,-117.22,0.539250863001923,0.88,0.87527368045709,18,0.9811,-0.295777635316597,"Ajax|Elementary|3d"
192,"Ajax","5d","Elementary",-4,-102.71,-113.08,0.168878690764236,0.96,0.964592984260179,13,0.7044,-0.110708449169416,"Ajax|Elementary|5d"
192,"Ajax","7d","Elementary",-7,-299.21,-285.59,0.684357153448828,0.92,0.922786616721298,48,0.8591,0.307188322873067,"Ajax|Elementary|7d"
192,"Pickering","1d","Secondary",1,-160.02,-156.15,1.07956585489103,0.19,0.18945605277481,28,0.424,0.342955263082448,"Pickering|Secondary|1d"
192,"Ajax","1d","Secondary",-6,-94.17,-103.28,0.617561380789596,0.76,0.759775430123678,17,0.2512,0.305194163362126,"Ajax|Secondary|1d"
192,"Ajax","3d","Secondary",-5,-130,-138.46,0.264742639245777,0.91,0.914620704331563,18,0.421,-0.180126035616038,"Ajax|Secondary|3d"
192,"Ajax","5d","Secondary",-3,-116.61,-134.03,0.0645773578414384,0.98,0.978283580627818,13,0.632,-0.13142395194967,"Ajax|Secondary|5d"
192,"Pickering","1d","Total",-6,-114,-117.3,0.939965420097969,0.85,0.84625336286952,22,0.7709,0.292682848450659,"Pickering|Total|1d"
192,"Ajax","1d","Total",1,-86.5,-89.75,1.25944814736508,0.69,0.694895332889775,18,0.1807,0.242816082757546,"Ajax|Total|1d"
192,"Ajax","3d","Total",-3,-123.42,-125.04,0.475318548801058,0.86,0.857783823640589,18,0.6725,0.0261753760232239,"Ajax|Total|3d"
192,"Ajax","5d","Total",-4,-109.36,-119.74,0.131351950211293,0.96,0.964533241071884,13,0.4974,-0.148987083429356,"Ajax|Total|5d"
192,"Ajax","7d","Total",3,-278.37,-265.32,0.868325140842126,0.88,0.879971076435316,47,0.325,0.364104879063758,"Ajax|Total|7d"
193,"Pickering","1d","Elementary",-1,-95.94,-94.8,1.63515861759257,0.48,0.484482727923139,20,0.856,0.343466105965173,"Pickering|Elementary|1d"
193,"Ajax","1d","Elementary",1,-84.63,-85.08,1.5414016493723,0.64,0.636653190360947,18,0.1067,0.25066474894544,"Ajax|Elementary|1d"
193,"Ajax","3d","Elementary",1,-104.62,-104.73,1.28762287223278,0.75,0.750161833750243,21,0.9701,0.20859607207189,"Ajax|Elementary|3d"
193,"Ajax","5d","Elementary",7,-138.24,-139.07,0.448826129953776,0.94,0.941623714732893,20,0.8248,0.0598210510733553,"Ajax|Elementary|5d"
193,"Pickering","1d","Secondary",0,-140.14,-138.16,1.03737122718621,0.04,0.0425571130465072,23,0.8594,0.368633962029622,"Pickering|Secondary|1d"
193,"Ajax","1d","Secondary",0,-85.41,-89.68,0.726979596876406,0.76,0.761126280856243,15,0.9274,0.166927116838792,"Ajax|Secondary|1d"
193,"Ajax","3d","Secondary",0,-135.37,-135.24,0.620269677293663,0.74,0.735245505660492,21,0.7709,0.295138973899158,"Ajax|Secondary|3d"
193,"Ajax","5d","Secondary",-5,-173.86,-176.05,0.219908994196342,0.85,0.854537087978387,21,0.5756,-0.0285209831304563,"Ajax|Secondary|5d"
193,"Pickering","1d","Total",-2,-86.59,-86.62,1.4831366836153,0.37,0.373248933300811,17,0.204,0.217535142836995,"Pickering|Total|1d"
193,"Ajax","1d","Total",1,-90.32,-90.7,1.31488558396591,0.6,0.599262750303869,18,0.5287,0.207701720416011,"Ajax|Total|1d"
193,"Ajax","3d","Total",0,-117.9,-118.42,0.891363591919392,0.8,0.803389982416571,21,0.9795,0.385320085086687,"Ajax|Total|3d"
193,"Ajax","5d","Total",7,-143.94,-144.29,0.404963176110512,0.93,0.934401570142634,20,0.9545,0.038128589154557,"Ajax|Total|5d"
194,"Pickering","1d","Elementary",6,-88.79,-87.65,1.82539025333546,0.5,0.502009355923365,20,0.6601,0.275676637965885,"Pickering|Elementary|1d"
194,"Ajax","1d","Elementary",1,-65.17,-70.95,1.67468405617093,0.72,0.721356439510657,17,0.9181,0.0903874000266026,"Ajax|Elementary|1d"
194,"Ajax","3d","Elementary",2,-81.84,-85.07,0.886743885624571,0.83,0.827696165354241,15,0.7218,0.0268973153483797,"Ajax|Elementary|3d"
194,"Ajax","5d","Elementary",-1,-265.9,-264.5,0.279188096046396,0.99,0.990621698761791,35,0.2973,-0.175041024256189,"Ajax|Elementary|5d"
194,"Pickering","1d","Secondary",0,-148.05,-145.53,0.828597471280628,0.36,0.359032374189569,24,0.5398,0.187510335495471,"Pickering|Secondary|1d"
194,"Ajax","1d","Secondary",0,-77.56,-78.03,1.12180724541472,0.44,0.438946220434392,14,0.9954,-0.122594234676751,"Ajax|Secondary|1d"
194,"Ajax","3d","Secondary",-2,-143.55,-146.51,0.117499908095625,0.79,0.792667632087706,15,0.445,0.0876098286447771,"Ajax|Secondary|3d"
194,"Ajax","5d","Secondary",-6,-254.85,-252.67,0.33340208670466,0.96,0.961187398187839,35,0.6305,0.114469165155894,"Ajax|Secondary|5d"
194,"Pickering","1d","Total",6,-95.18,-94.24,1.41047492321283,0.49,0.493178160132401,19,0.545,0.279397657013734,"Pickering|Total|1d"
194,"Ajax","1d","Total",1,-79.87,-83.81,1.17882895679471,0.79,0.787075494664539,17,0.3873,0.193429519640301,"Ajax|Total|1d"
194,"Ajax","3d","Total",0,-91.08,-93.57,0.706961250255509,0.7,0.703487051506372,15,0.2279,0.317649400283682,"Ajax|Total|3d"
194,"Ajax","5d","Total",-1,-270.12,-264.18,0.334315936064603,0.98,0.980210695273593,35,0.2847,-0.0256528561065852,"Ajax|Total|5d"
195,"Pickering","1d","Elementary",1,-118.56,-114.92,2.069548362099,0.35,0.349199442399245,27,0.8314,0.343046570133688,"Pickering|Elementary|1d"
195,"Ajax","1d","Elementary",-6,-48.02,-86.07,0.5608459913145,0.94,0.942930750614571,15,0.8033,-0.294399020892849,"Ajax|Elementary|1d"
195,"Ajax","3d","Elementary",7,-143.93,-139.58,1.54662637034517,0.61,0.606793143762933,29,0.5573,0.273304036193973,"Ajax|Elementary|3d"
195,"Ajax","5d","Elementary",-6,-103.91,-108.1,0.48756574082341,0.75,0.75474786919908,16,0.2112,0.34846564050232,"Ajax|Elementary|5d"
195,"Ajax","7d","Elementary",-2,-368.5,-350.21,0.743744960195834,0.9,0.898360500637087,58,0.1954,0.318497875498564,"Ajax|Elementary|7d"
195,"Pickering","1d","Secondary",1,-166.12,-162.02,0.939723646335013,0.39,0.390435692580391,29,0.5711,0.239420433791042,"Pickering|Secondary|1d"
195,"Ajax","1d","Secondary",-6,-83.08,-94.7,0.50986362410424,0.82,0.817021093799809,15,0.0801,-0.03012860869877,"Ajax|Secondary|1d"
195,"Ajax","3d","Secondary",0,-183.55,-179.31,0.863794126717053,0.77,0.774766177473857,32,0.9511,0.347015122632208,"Ajax|Secondary|3d"
195,"Ajax","5d","Secondary",0,-145.4,-153.8,0.103200470193128,0.87,0.871774533147776,16,0.2329,0.0791598406516143,"Ajax|Secondary|5d"
195,"Ajax","7d","Secondary",1,-421.7,-404.75,0.502852498135785,0.86,0.858248033407415,58,0.8441,0.299714381597586,"Ajax|Secondary|7d"
195,"Pickering","1d","Total",0,-120.65,-121.93,0.935241413812946,0.76,0.755044661228202,22,0.2923,0.0335647277791843,"Pickering|Total|1d"
195,"Ajax","1d","Total",-6,-63.39,-92.65,0.465231466063306,0.93,0.934928781433423,15,0.1501,-0.0123787322969252,"Ajax|Total|1d"
195,"Ajax","3d","Total",6,-165.33,-161.06,0.995115450462603,0.74,0.73506589892515,29,0.9009,0.393658958347572,"Ajax|Total|3d"
195,"Ajax","5d","Total",-4,-109,-113.38,0.421779190536123,0.77,0.770455143603979,16,0.082,0.157453379679717,"Ajax|Total|5d"
195,"Ajax","7d","Total",-2,-396.13,-377.24,0.558882651640367,0.91,0.907689281100037,58,0.2441,0.312214589704951,"Ajax|Total|7d"
196,"Pickering","1d","Elementary",-1,-97.53,-99.29,1.28341858337264,0.73,0.73353732640429,20,0.3126,0.290527610410602,"Pickering|Elementary|1d"
196,"Ajax","5d","Elementary",-7,-156.27,-157.29,0.82892782433976,0.87,0.87362455192268,29,0.4263,0.39619558114093,"Ajax|Elementary|5d"
196,"Pickering","1d","Secondary",1,-161.15,-157.35,1.07680537840194,0.17,0.174552017653129,28,0.2198,0.352060455632887,"Pickering|Secondary|1d"
196,"Ajax","5d","Secondary",-6,-220.86,-215.88,0.489987005191717,0.79,0.792092162377009,31,0.4714,0.30347707643755,"Ajax|Secondary|5d"
196,"Pickering","1d","Total",7,-106.02,-105.49,1.31072219109553,0.55,0.548012508808756,21,0.5173,0.396059932962282,"Pickering|Total|1d"
197,"Pickering","1d","Elementary",7,-96.58,-97.02,1.6951792462925,0.58,0.580677160900573,22,0.6182,0.37773899471613,"Pickering|Elementary|1d"
197,"Ajax","3d","Elementary",-2,-140.1,-136.82,1.39059106493713,0.8,0.7982861653507,28,0.459,0.285486045676192,"Ajax|Elementary|3d"
197,"Ajax","5d","Elementary",-4,-145.43,-146.39,0.322665479854631,0.96,0.96421116146361,19,0.1013,-0.161222668471256,"Ajax|Elementary|5d"
197,"Pickering","7d","Elementary",5,-494.38,-465.72,0.809350497381068,0.89,0.894810902596592,79,0.1722,0.286219407023605,"Pickering|Elementary|7d"
197,"Ajax","7d","Elementary",-2,-150.09,-153.45,0.200898251856101,0.96,0.957376301058081,18,0.4043,0.330221836344104,"Ajax|Elementary|7d"
197,"Pickering","1d","Secondary",0,-146.62,-144,0.927188139146304,0.26,0.264321720371835,24,0.1499,0.358072062934987,"Pickering|Secondary|1d"
197,"Ajax","5d","Secondary",-3,-179.93,-178.95,0.168036672640486,0.8,0.795118147291902,19,0.5267,0.0129643071242874,"Ajax|Secondary|5d"
197,"Ajax","7d","Secondary",0,-186.25,-191.04,0.0670699530545915,0.95,0.945033880955308,18,0.6261,0.225202363945779,"Ajax|Secondary|7d"
197,"Pickering","1d","Total",6,-92.57,-93.08,1.36332119792102,0.58,0.580469538469887,19,0.8469,0.325910434662407,"Pickering|Total|1d"
197,"Ajax","5d","Total",-4,-157.5,-158.33,0.243858448338969,0.96,0.964758045742842,19,0.1824,-0.157217149582678,"Ajax|Total|5d"
197,"Pickering","7d","Total",5,-531.79,-503.07,0.656108487759736,0.89,0.88832280746461,79,0.4887,0.293853570114773,"Pickering|Total|7d"
197,"Ajax","7d","Total",-1,-161.13,-161.65,0.180244274430698,0.94,0.944748292785898,18,0.16,0.0425723225516274,"Ajax|Total|7d"
198,"Pickering","1d","Elementary",1,-125.93,-122.97,1.59740580825197,0.62,0.620552731886919,27,0.753,0.255012337450794,"Pickering|Elementary|1d"
198,"Ajax","3d","Elementary",1,-184.58,-176.75,1.48136581499076,0.69,0.685979291926959,37,0.0861,0.355873283089629,"Ajax|Elementary|3d"
198,"Ajax","7d","Elementary",-3,-126.57,-127.43,0.235756719527759,0.95,0.949473086648393,15,0.0523,0.0893889707179233,"Ajax|Elementary|7d"
198,"Pickering","1d","Secondary",-6,-141.02,-138.4,1.0197578391671,0.29,0.290882064204751,24,0.9154,0.283791696213337,"Pickering|Secondary|1d"
198,"Ajax","1d","Secondary",-6,-56.52,-60.41,1.03976795813371,0.51,0.509239824834873,11,0.5847,0.215864193391856,"Ajax|Secondary|1d"
198,"Ajax","7d","Secondary",-4,-172.44,-174.08,0.0479840695088499,0.99,0.991504198378833,15,0.8857,0.246260786348356,"Ajax|Secondary|7d"
198,"Pickering","1d","Total",1,-137.51,-134.17,1.39762050735618,0.55,0.545232736337075,27,0.9268,0.355031083898747,"Pickering|Total|1d"
198,"Ajax","1d","Total",1,-33.71,-49.72,1.42916527931816,0.72,0.718853479928438,11,0.2178,0.164250021487175,"Ajax|Total|1d"
198,"Ajax","7d","Total",-3,-135.31,-136.62,0.169521457922145,0.97,0.965187501919895,15,0.335,0.138997281674136,"Ajax|Total|7d"
199,"Ajax","1d","Elementary",-4,-48.94,-49.47,2.36684351127294,0.02,0.0196209187569621,12,0.7401,0.380600150185931,"Ajax|Elementary|1d"
199,"Ajax","3d","Elementary",-1,-136.41,-134.53,0.895132539345415,0.73,0.73003916335936,23,0.0717,0.249248698202434,"Ajax|Elementary|3d"
199,"Ajax","5d","Elementary",-4,-114.11,-118.54,0.357892620269946,0.78,0.782681316639748,16,0.1617,0.178737311190091,"Ajax|Elementary|5d"
199,"Ajax","7d","Elementary",-1,-337.4,-319.07,0.929713713054265,0.81,0.810935150540185,57,0.7216,0.309115082420967,"Ajax|Elementary|7d"
199,"Pickering","1d","Secondary",0,-140.75,-138.43,0.931677360362128,0.27,0.268579028618835,23,0.639,0.342837560924011,"Pickering|Secondary|1d"
199,"Ajax","1d","Secondary",1,-68.77,-69.23,1.86884179630976,0.45,0.448262905712857,16,0.9962,0.145853386391567,"Ajax|Secondary|1d"
199,"Ajax","5d","Secondary",1,-157.43,-157.96,0.12205823516275,0.79,0.793812484497652,16,0.6174,0.38842424254735,"Ajax|Secondary|5d"
199,"Ajax","7d","Secondary",7,-374.25,-357.58,0.705700727922814,0.72,0.719070489482772,57,0.2504,0.34850451078537,"Ajax|Secondary|7d"
199,"Ajax","1d","Total",6,-45.73,-51.27,1.76345869312468,0.43,0.431777003922411,12,0.9761,0.388487001603206,"Ajax|Total|1d"
199,"Ajax","3d","Total",-1,-143.1,-140.93,0.824112588473164,0.73,0.7322175036637,23,0.4779,0.350002710861281,"Ajax|Total|3d"
199,"Ajax","5d","Total",-2,-125.02,-133.32,0.197854183951237,0.9,0.904199439904667,16,0.7593,0.150551094485452,"Ajax|Total|5d"
199,"Ajax","7d","Total",-1,-374.24,-355.63,0.655448026324961,0.85,0.85494790067936,57,0.2878,0.308333474303719,"Ajax|Total|7d"
200,"Pickering","1d","Elementary",-6,-96.59,-94.27,2.42609479013502,0.33,0.333890833026135,23,0.3586,0.382077030797526,"Pickering|Elementary|1d"
200,"Ajax","5d","Elementary",7,-317.03,-298.86,0.901404675551369,0.91,0.910559411264465,56,0.4926,0.365429172357253,"Ajax|Elementary|5d"
200,"Pickering","1d","Secondary",0,-140.51,-138.84,1.05350658694523,0,2.839266674018e-05,23,0.8092,0.389263536180122,"Pickering|Secondary|1d"
200,"Ajax","5d","Secondary",5,-383.18,-364.85,0.560529525721184,0.86,0.861877264727705,56,0.1545,0.362001853776905,"Ajax|Secondary|5d"
200,"Pickering","1d","Total",2,-106.46,-105.06,1.42791585709137,0.43,0.426430481400149,21,0.3954,0.389111056750082,"Pickering|Total|1d"
200,"Ajax","3d","Total",6,-249.17,-237.36,1.30549788238111,0.65,0.64944808598478,47,0.0523,0.375386281749246,"Ajax|Total|3d"
200,"Ajax","5d","Total",6,-364,-346.61,0.560704347884559,0.94,0.944288808436435,56,0.5687,0.379394897023806,"Ajax|Total|5d"
