"real","City","SMA","Level","Offset","AICc","BIC","RMSE","DevianceExplained","DevExact","SampleSize","ResidualShapiroWilkTest","ACFResidual","perm"
1,"Pickering","1d","Elementary",5,-65.25,-67.78,1.2980666367586,0.68,0.680197337546646,13,0.0747,-0.0518730017256384,"Pickering|Elementary|1d"
1,"Ajax","1d","Elementary",1,-48.84,-62.22,0.904062027675027,0.86,0.859388494161162,12,0.9596,-0.265032712737022,"Ajax|Elementary|1d"
1,"Ajax","3d","Elementary",4,-192.13,-182.52,1.78944673498841,0.69,0.689947125084846,41,0.6606,0.388437204411077,"Ajax|Elementary|3d"
1,"Pickering","5d","Elementary",2,-301.99,-289.61,0.615928199326586,0.81,0.81484676603721,46,0.7553,0.289293392491024,"Pickering|Elementary|5d"
1,"Ajax","7d","Elementary",-6,-475.46,-454.85,0.636127085086294,0.93,0.932467480084379,69,0.054,0.365711302286242,"Ajax|Elementary|7d"
1,"Pickering","1d","Secondary",0,-129.74,-130.06,0.610348428080829,0.47,0.474189861511976,20,0.9704,0.305421406100426,"Pickering|Secondary|1d"
1,"Pickering","7d","Secondary",-7,-529.86,-506.87,0.228316564829267,0.94,0.942918276273076,65,0.9567,0.337452683402407,"Pickering|Secondary|7d"
1,"Ajax","7d","Secondary",-4,-543.82,-515.34,0.394244787689155,0.91,0.914219815795696,72,0.8515,0.310601137998948,"Ajax|Secondary|7d"
1,"Pickering","1d","Total",2,-97.9,-99.65,1.06248187195827,0.67,0.669361069140538,19,0.2391,0.173770147411547,"Pickering|Total|1d"
1,"Ajax","1d","Total",1,-53.52,-66.76,0.796385497710183,0.85,0.854649355401345,12,0.7692,0.0220275524172079,"Ajax|Total|1d"
1,"Pickering","5d","Total",3,-304.97,-292.79,0.580236470863137,0.77,0.770980988271025,46,0.1217,0.308789553674531,"Pickering|Total|5d"
1,"Ajax","7d","Total",-6,-518.76,-498.63,0.456601822928034,0.94,0.944946289570917,69,0.3624,0.245059229389468,"Ajax|Total|7d"
2,"Pickering","1d","Elementary",-1,-102.69,-108.79,0.762320736064316,0.91,0.907318140921933,19,0.6281,0.117985485674631,"Pickering|Elementary|1d"
2,"Ajax","1d","Elementary",1,-82.3,-81.89,1.92975561667838,0.48,0.480383261028439,19,0.5054,0.257473877949066,"Ajax|Elementary|1d"
2,"Pickering","3d","Elementary",7,-211.31,-201.5,1.27875190011422,0.7,0.701575750893267,41,0.8859,0.361817370047362,"Pickering|Elementary|3d"
2,"Ajax","7d","Elementary",-4,-297.77,-290.39,0.506469186571618,0.95,0.950983974287194,47,0.1973,0.201366719443975,"Ajax|Elementary|7d"
2,"Pickering","1d","Secondary",2,-140.16,-142.62,0.45908160163091,0.83,0.826783334543084,21,0.1415,-0.127490031808702,"Pickering|Secondary|1d"
2,"Ajax","1d","Secondary",-6,-96.75,-96.08,1.08481676747444,0.23,0.228472435575802,17,0.1136,0.333362126141449,"Ajax|Secondary|1d"
2,"Pickering","3d","Secondary",-4,-305.29,-294.3,0.567999570191809,0.61,0.607281950916933,44,0.4999,0.357475644566308,"Pickering|Secondary|3d"
2,"Ajax","5d","Secondary",0,-317.27,-305.11,0.548883356670857,0.8,0.79781032409307,46,0.3466,0.390909818800677,"Ajax|Secondary|5d"
2,"Pickering","7d","Secondary",-5,-425.09,-406.56,0.34216773126102,0.88,0.875047957730397,57,0.446,0.354899865704056,"Pickering|Secondary|7d"
2,"Pickering","1d","Total",1,-125.99,-123.88,1.39166657858548,0.6,0.601119325643798,25,0.3602,0.369712347819712,"Pickering|Total|1d"
2,"Ajax","1d","Total",1,-87.57,-87.33,1.61811553441853,0.43,0.430691833581414,19,0.4552,0.367094760924263,"Ajax|Total|1d"
2,"Ajax","7d","Total",-4,-320.92,-313.62,0.391743854663754,0.96,0.957611814770358,47,0.6337,0.232731092149398,"Ajax|Total|7d"
3,"Pickering","1d","Elementary",-7,-92.21,-97.9,0.637341318001208,0.85,0.846949253861341,16,0.8444,0.20715139252211,"Pickering|Elementary|1d"
3,"Ajax","1d","Elementary",1,-81.77,-80.53,2.37093362171527,0.37,0.371069559725479,19,0.5158,0.147673836493834,"Ajax|Elementary|1d"
3,"Pickering","1d","Secondary",1,-129.17,-129.5,0.787232525461433,0.55,0.546254250056016,23,0.0803,-0.0214929101515227,"Pickering|Secondary|1d"
3,"Ajax","1d","Secondary",7,-76.15,-78.95,0.94440517168817,0.67,0.672665645301954,14,0.9746,-0.116501675467058,"Ajax|Secondary|1d"
3,"Ajax","5d","Secondary",6,-466.04,-445.66,0.508374917692653,0.89,0.888776539879781,64,0.2133,0.345517866623489,"Ajax|Secondary|5d"
3,"Ajax","7d","Secondary",-2,-562.14,-534.74,0.40747900420691,0.92,0.917362728208671,73,0.819,0.371355747043486,"Ajax|Secondary|7d"
3,"Pickering","1d","Total",1,-107.51,-108.08,1.23225517281521,0.58,0.581681569199988,21,0.0993,0.161447706358732,"Pickering|Total|1d"
3,"Ajax","1d","Total",1,-88.15,-86.91,1.9310917257629,0.33,0.330229012831784,19,0.8257,0.23166359200745,"Ajax|Total|1d"
3,"Ajax","5d","Total",0,-419.27,-395.25,0.738347129775748,0.89,0.888978154571476,66,0.0781,0.363211047389609,"Ajax|Total|5d"
4,"Pickering","1d","Elementary",1,-100.26,-98.52,1.93921896999957,0.51,0.506131586161491,22,0.5365,0.384959043396533,"Pickering|Elementary|1d"
4,"Ajax","1d","Elementary",-6,-66.21,-73.13,0.940933706195785,0.81,0.805792728834011,14,0.1681,0.0830838929982056,"Ajax|Elementary|1d"
4,"Ajax","3d","Elementary",1,-240.81,-228.32,1.2204318213781,0.81,0.811229777279082,46,0.5198,0.232560558479662,"Ajax|Elementary|3d"
4,"Pickering","1d","Secondary",1,-141.44,-139.23,0.864672397359153,0.3,0.299679685187808,23,0.2951,0.378631165204435,"Pickering|Secondary|1d"
4,"Ajax","1d","Secondary",-6,-89.55,-90.03,0.729176786695358,0.69,0.688058713162134,14,0.6194,0.0127961543605502,"Ajax|Secondary|1d"
4,"Pickering","1d","Total",1,-109.94,-108.25,1.55040771026451,0.47,0.470978917016619,22,0.3364,0.381347606500945,"Pickering|Total|1d"
4,"Ajax","1d","Total",-6,-66.1,-74.12,0.885813845578386,0.74,0.736452496274157,14,0.2328,0.182906691919857,"Ajax|Total|1d"
4,"Pickering","3d","Total",-3,-300.8,-290.18,1.2824536396135,0.52,0.517073567327299,54,0.1016,0.243436830899042,"Pickering|Total|3d"
4,"Ajax","3d","Total",1,-260.12,-247.68,0.999498783029228,0.79,0.790828175137484,46,0.7543,0.361393665256318,"Ajax|Total|3d"
5,"Pickering","1d","Elementary",-7,-96.79,-96.39,1.33019438397466,0.54,0.536459233152684,19,0.944,0.13691935568285,"Pickering|Elementary|1d"
5,"Ajax","1d","Elementary",1,-74.8,-78.46,1.32583192802622,0.72,0.721235857256041,16,0.4478,0.295202589672639,"Ajax|Elementary|1d"
5,"Ajax","5d","Elementary",-2,-376.36,-358.23,1.07291983525869,0.85,0.847126489540478,64,0.8586,0.399965682712226,"Ajax|Elementary|5d"
5,"Pickering","1d","Secondary",0,-135.96,-133.99,0.884494028631172,0.28,0.284958325317945,22,0.6683,0.234191874373131,"Pickering|Secondary|1d"
5,"Ajax","1d","Secondary",-1,-87.39,-89.57,0.574916317482896,0.83,0.834626527376526,13,0.382,-0.280340704341508,"Ajax|Secondary|1d"
5,"Pickering","1d","Total",-7,-96.24,-95.72,1.2223937123989,0.4,0.404088326709097,18,0.5875,0.319504737809969,"Pickering|Total|1d"
5,"Ajax","1d","Total",1,-80.85,-84.48,1.09279171367373,0.75,0.746852760992968,16,0.6899,0.0957889678631042,"Ajax|Total|1d"
6,"Pickering","1d","Elementary",-6,-78.8,-82.97,1.0403511317432,0.71,0.70769010041294,16,0.6983,0.11197510641671,"Pickering|Elementary|1d"
6,"Ajax","1d","Elementary",-6,-62.39,-62.96,2.401257506854,0.29,0.291698590803182,16,0.7536,0.283436427138828,"Ajax|Elementary|1d"
6,"Ajax","3d","Elementary",5,-240.7,-227.09,1.43484565564346,0.8,0.795351112074304,48,0.2259,0.333476177302522,"Ajax|Elementary|3d"
6,"Ajax","7d","Elementary",-7,-389.68,-369.98,0.546181345665234,0.94,0.944908505694649,58,0.0536,0.25873136867746,"Ajax|Elementary|7d"
6,"Pickering","1d","Secondary",0,-109.08,-108.1,0.971783857028287,0.15,0.154761043348628,18,0.7829,0.32866188835923,"Pickering|Secondary|1d"
6,"Ajax","1d","Secondary",-6,-88.08,-89.53,0.976195954958911,0.4,0.402322653044542,16,0.6299,0.361961827864588,"Ajax|Secondary|1d"
6,"Pickering","3d","Secondary",-6,-193.28,-189.55,0.631084074258867,0.54,0.540310799342554,28,0.3677,0.262206986357543,"Pickering|Secondary|3d"
6,"Pickering","5d","Secondary",-3,-255.6,-248.54,0.479232386474589,0.79,0.794941218002023,36,0.9753,0.379772154769558,"Pickering|Secondary|5d"
6,"Ajax","7d","Secondary",-4,-510.06,-486.5,0.313256393268155,0.92,0.921484683800025,64,0.7543,0.294603072713223,"Ajax|Secondary|7d"
6,"Pickering","1d","Total",-6,-82.75,-87.09,0.90921214876768,0.71,0.711297818423204,16,0.2096,0.148034184083041,"Pickering|Total|1d"
6,"Ajax","1d","Total",-6,-70.38,-70.89,1.85397105790867,0.35,0.351526603507056,16,0.9884,0.355715689456018,"Ajax|Total|1d"
6,"Ajax","3d","Total",6,-262.18,-259.36,0.670967237850168,0.93,0.934178068312452,47,0.757,0.269596110800585,"Ajax|Total|3d"
6,"Pickering","7d","Total",5,-423.02,-398.59,0.598010745158713,0.9,0.902764948625661,65,0.0537,0.308443350829631,"Pickering|Total|7d"
6,"Ajax","7d","Total",-6,-424.05,-403.06,0.483298481636665,0.94,0.94268778681599,60,0.2149,0.289509565178174,"Ajax|Total|7d"
7,"Pickering","1d","Elementary",1,-81.3,-83.22,1.47269024512935,0.55,0.550852242693197,18,0.1433,0.236968262283446,"Pickering|Elementary|1d"
7,"Ajax","1d","Elementary",-6,-74.64,-74.04,2.32547904939619,0.29,0.285801500918038,18,0.4721,0.298695156067453,"Ajax|Elementary|1d"
7,"Ajax","3d","Elementary",1,-200.56,-193.2,1.09872494625872,0.88,0.883026381584266,36,0.2571,0.0265274808292726,"Ajax|Elementary|3d"
7,"Pickering","7d","Elementary",5,-425.51,-396.84,0.774780132386954,0.86,0.858600546930074,71,0.2138,0.327026997122487,"Pickering|Elementary|7d"
7,"Pickering","1d","Secondary",7,-112.32,-116.48,0.557924690393455,0.78,0.783694025806946,18,0.678,-0.172765191186859,"Pickering|Secondary|1d"
7,"Ajax","1d","Secondary",-6,-102.43,-104.13,0.844272786755934,0.64,0.644476345905046,18,0.5831,0.309871440126943,"Ajax|Secondary|1d"
7,"Ajax","3d","Secondary",7,-193.73,-187.9,1.11943018362939,0.54,0.536543275787957,34,0.9935,0.310333174684403,"Ajax|Secondary|3d"
7,"Pickering","5d","Secondary",6,-470.05,-445.41,0.408450064952714,0.81,0.811752537185304,67,0.9942,0.385377598385763,"Pickering|Secondary|5d"
7,"Ajax","7d","Secondary",2,-481.02,-457.66,0.571560100289312,0.84,0.843960257592664,68,0.0871,0.329202266162959,"Ajax|Secondary|7d"
7,"Pickering","1d","Total",7,-92.49,-95.25,1.02206849525339,0.68,0.679800709197346,18,0.7294,0.3853494772321,"Pickering|Total|1d"
7,"Ajax","1d","Total",-6,-84.67,-84.14,1.72465160809814,0.39,0.391198035526101,18,0.2833,0.282057373363775,"Ajax|Total|1d"
7,"Ajax","3d","Total",0,-219.15,-211.8,0.837977158639411,0.87,0.872257672265824,36,0.4641,0.142819428010124,"Ajax|Total|3d"
7,"Pickering","7d","Total",2,-476.12,-447.85,0.560348122092194,0.86,0.855925962474836,71,0.0827,0.330675742370984,"Pickering|Total|7d"
8,"Pickering","1d","Elementary",1,-103.78,-102.48,1.3980975302231,0.47,0.466413689828465,20,0.5794,0.356763246978016,"Pickering|Elementary|1d"
8,"Ajax","1d","Elementary",1,-89.16,-87.81,2.13398692744197,0.55,0.548025640649999,20,0.8086,0.320233082100559,"Ajax|Elementary|1d"
8,"Pickering","3d","Elementary",3,-273.99,-260.16,0.969838814143556,0.71,0.71079211119149,49,0.9137,0.290796527969764,"Pickering|Elementary|3d"
8,"Ajax","3d","Elementary",-1,-256.85,-240.87,1.39238141924822,0.76,0.763150257187845,52,0.4177,0.320921976019904,"Ajax|Elementary|3d"
8,"Pickering","5d","Elementary",-1,-337,-319.5,0.703137923863256,0.9,0.895301299104482,55,0.765,0.34747364337677,"Pickering|Elementary|5d"
8,"Pickering","1d","Secondary",1,-120.35,-120.29,0.816936932671386,0.57,0.569534390688013,21,0.473,0.224997186570163,"Pickering|Secondary|1d"
8,"Ajax","1d","Secondary",-6,-106.76,-108.48,0.861615530183658,0.62,0.618450948719944,19,0.6991,0.148722178379938,"Ajax|Secondary|1d"
8,"Pickering","3d","Secondary",-4,-351.47,-340.07,0.315316271713353,0.9,0.903387905466806,46,0.376,0.201325738396725,"Pickering|Secondary|3d"
8,"Ajax","7d","Secondary",-4,-455.5,-436.44,0.296102018879797,0.95,0.951844326228603,57,0.0645,0.202701284193321,"Ajax|Secondary|7d"
8,"Pickering","1d","Total",1,-111.11,-109.76,1.16762746825775,0.5,0.502037144938297,20,0.4973,0.394199774129219,"Pickering|Total|1d"
8,"Ajax","1d","Total",1,-100.52,-99.18,1.57843134308434,0.63,0.626612616460439,20,0.5977,0.314648576341887,"Ajax|Total|1d"
8,"Pickering","3d","Total",3,-286.61,-274.52,0.739536091225903,0.76,0.758075663137385,48,0.9739,0.323905726935836,"Pickering|Total|3d"
8,"Pickering","5d","Total",-1,-344.05,-327.48,0.612636405088575,0.87,0.869164417504215,55,0.4027,0.335581697572478,"Pickering|Total|5d"
9,"Pickering","1d","Elementary",1,-101.57,-100.8,1.64200626417519,0.59,0.585618577504112,22,0.91,0.219505622152303,"Pickering|Elementary|1d"
9,"Ajax","1d","Elementary",-6,-80.55,-79.53,2.22915453790968,0.29,0.286642478471234,19,0.2429,0.244515073943739,"Ajax|Elementary|1d"
9,"Pickering","3d","Elementary",1,-214,-209.64,0.654150601994106,0.83,0.825253229927169,35,0.9115,0.264120107807759,"Pickering|Elementary|3d"
9,"Pickering","5d","Elementary",3,-345.4,-326.27,0.893421968641893,0.88,0.881131342184335,58,0.1603,0.3975930218947,"Pickering|Elementary|5d"
9,"Ajax","5d","Elementary",5,-317.53,-295.83,1.20208673292352,0.82,0.822301088889264,61,0.4052,0.375877635026119,"Ajax|Elementary|5d"
9,"Pickering","7d","Elementary",6,-480.49,-450.42,0.575315021261521,0.95,0.949000093836501,73,0.1995,0.381627275144165,"Pickering|Elementary|7d"
9,"Ajax","7d","Elementary",1,-454.21,-426.7,0.75918340778833,0.93,0.929701947522375,72,0.3134,0.348070983574251,"Ajax|Elementary|7d"
9,"Pickering","1d","Secondary",1,-160.29,-158.84,0.551422227286372,0.71,0.711607575186349,24,0.883,0.0151392511008621,"Pickering|Secondary|1d"
9,"Ajax","1d","Secondary",-6,-110.56,-109.98,0.944589968361332,0.53,0.533802571873411,19,0.7895,0.24229221937187,"Ajax|Secondary|1d"
9,"Pickering","3d","Secondary",-2,-242.71,-236.69,0.457434420861238,0.77,0.766791140800386,33,0.9435,0.34268907521746,"Pickering|Secondary|3d"
9,"Ajax","3d","Secondary",-3,-253.52,-241.86,1.09034124931683,0.66,0.65778031238212,46,0.4271,0.312513634114756,"Ajax|Secondary|3d"
9,"Pickering","7d","Secondary",3,-626.93,-594.51,0.282051403609105,0.92,0.924144094243704,77,0.2687,0.353399198386034,"Pickering|Secondary|7d"
9,"Ajax","7d","Secondary",7,-500.78,-476.55,0.328218325785163,0.95,0.946784876471194,65,0.9255,0.156898719475189,"Ajax|Secondary|7d"
9,"Pickering","1d","Total",1,-111.77,-110.92,1.32426498277291,0.56,0.559474384136341,22,0.6396,0.301383746963387,"Pickering|Total|1d"
9,"Ajax","1d","Total",-6,-91.17,-90.5,1.54919428197314,0.45,0.44702004990847,19,0.1764,0.204258885263855,"Ajax|Total|1d"
9,"Pickering","3d","Total",1,-247.85,-242.96,0.37897403661006,0.88,0.877938823948379,34,0.2779,0.258413333538869,"Pickering|Total|3d"
9,"Pickering","5d","Total",-4,-309.97,-297.89,0.591499715015159,0.9,0.897858850577221,50,0.433,0.352513859769334,"Pickering|Total|5d"
9,"Ajax","5d","Total",4,-338.12,-316.41,0.990791524669019,0.8,0.795953714675007,61,0.9688,0.378937467592739,"Ajax|Total|5d"
9,"Pickering","7d","Total",7,-485.71,-461.9,0.633803290037376,0.89,0.892593293865875,71,0.6962,0.395166955877976,"Pickering|Total|7d"
10,"Pickering","1d","Elementary",7,-98.22,-102.03,1.02875989264184,0.83,0.829089968986086,20,0.3737,-0.0736330379717825,"Pickering|Elementary|1d"
10,"Ajax","1d","Elementary",-6,-80.11,-80.16,2.04267409512991,0.45,0.446218069962359,19,0.7711,0.22031321020994,"Ajax|Elementary|1d"
10,"Ajax","5d","Elementary",-2,-311.17,-300.52,0.572879576542215,0.93,0.928943148595909,50,0.958,0.237049760831347,"Ajax|Elementary|5d"
10,"Pickering","1d","Secondary",1,-149.01,-145.81,1.08206867569669,0.13,0.133406466748621,26,0.5172,0.382385268085685,"Pickering|Secondary|1d"
10,"Ajax","1d","Secondary",-6,-107.6,-107.54,0.972111556689716,0.51,0.513474978274312,19,0.81,0.338952096198314,"Ajax|Secondary|1d"
10,"Ajax","3d","Secondary",-3,-284.34,-271.41,1.10901886189476,0.67,0.667325969207428,50,0.925,0.349616634041896,"Ajax|Secondary|3d"
10,"Ajax","5d","Secondary",6,-380.07,-365.39,0.327002932961545,0.94,0.940816384814077,50,0.714,0.283692551173131,"Ajax|Secondary|5d"
10,"Pickering","1d","Total",7,-108.64,-111.14,0.866130301668357,0.79,0.787874122622945,20,0.6362,0.227058545957946,"Pickering|Total|1d"
10,"Ajax","1d","Total",-6,-90.96,-90.87,1.52189561430957,0.51,0.51210011199566,19,0.9303,0.16710732676436,"Ajax|Total|1d"
10,"Ajax","5d","Total",-3,-330.56,-318.17,0.496845164811078,0.91,0.910236475999697,50,0.9535,0.181245297922767,"Ajax|Total|5d"
11,"Pickering","1d","Elementary",-1,-62.38,-66.08,1.0486785092671,0.51,0.512350790691419,12,0.6369,0.180405179649569,"Pickering|Elementary|1d"
11,"Ajax","1d","Elementary",-6,-46.98,-48.94,1.81147526668513,0.2,0.196268397289341,11,0.2959,0.233386609264614,"Ajax|Elementary|1d"
11,"Pickering","5d","Elementary",6,-365.86,-345.47,1.07035094532044,0.82,0.824178726393334,63,0.1163,0.388172487545307,"Pickering|Elementary|5d"
11,"Pickering","7d","Elementary",0,-539.09,-508.05,0.553113177451958,0.94,0.941019896206855,77,0.4197,0.269645849416585,"Pickering|Elementary|7d"
11,"Pickering","1d","Secondary",1,-89.94,-90.42,0.932528220070351,0.4,0.404359754664495,16,0.0922,0.0520611568467151,"Pickering|Secondary|1d"
11,"Ajax","1d","Secondary",-6,-66.16,-67.02,0.904243620274244,0.02,0.0151994883616853,11,0.1682,0.222410847396292,"Ajax|Secondary|1d"
11,"Ajax","3d","Secondary",-7,-284.23,-273.14,1.13749145847892,0.58,0.58132805220185,51,0.1492,0.371399311673678,"Ajax|Secondary|3d"
11,"Pickering","5d","Secondary",-2,-454.55,-435.75,0.481913939448779,0.74,0.740123077236938,62,0.3689,0.354094233758753,"Pickering|Secondary|5d"
11,"Pickering","7d","Secondary",-3,-647.31,-620.75,0.223840526190383,0.94,0.942401585055384,73,0.1758,0.341854504607422,"Pickering|Secondary|7d"
11,"Ajax","7d","Secondary",-4,-555.35,-529.5,0.286004034554119,0.95,0.953942679469106,68,0.103,0.215806843354393,"Ajax|Secondary|7d"
11,"Pickering","1d","Total",-4,-65.09,-72.69,0.678466889093899,0.49,0.485729181925237,12,0.8566,-0.335994919538499,"Pickering|Total|1d"
11,"Ajax","1d","Total",1,-54.81,-57.84,1.73244976562898,0.43,0.434450698960447,13,0.9883,0.352445505532773,"Ajax|Total|1d"
11,"Pickering","5d","Total",0,-402.5,-383.75,0.796085642394488,0.76,0.759400109426456,63,0.2245,0.351721513749768,"Pickering|Total|5d"
11,"Pickering","7d","Total",1,-565.53,-532.82,0.432524252825171,0.94,0.942501568045757,77,0.2931,0.151509079764925,"Pickering|Total|7d"
12,"Pickering","1d","Elementary",0,-78.16,-78.5,1.79976163915515,0.27,0.266538141193855,17,0.0973,0.0573017374810478,"Pickering|Elementary|1d"
12,"Ajax","1d","Elementary",1,-85.35,-85.96,1.6880077815184,0.6,0.598179751253433,19,0.6519,0.121839806497822,"Ajax|Elementary|1d"
12,"Ajax","3d","Elementary",-7,-215.37,-206.41,1.29747731271281,0.75,0.746819700120704,40,0.4174,0.225622549874624,"Ajax|Elementary|3d"
12,"Ajax","7d","Elementary",0,-455.87,-427.81,0.802696471546948,0.92,0.921451185206579,73,0.6708,0.390320673462445,"Ajax|Elementary|7d"
12,"Pickering","1d","Secondary",1,-113.32,-112.03,1.19906428700595,0,3.99591075287323e-05,20,0.1972,0.310995481928233,"Pickering|Secondary|1d"
12,"Ajax","1d","Secondary",0,-87.67,-89.06,0.842501043402465,0.68,0.678071303177296,15,0.1985,0.266229138262725,"Ajax|Secondary|1d"
12,"Ajax","3d","Secondary",3,-295.77,-284.74,0.733851200783063,0.78,0.781953528463559,45,0.1353,0.345580235832647,"Ajax|Secondary|3d"
12,"Pickering","1d","Total",4,-34.62,-94.13,0.131125883993177,0.99,0.988262812826343,11,0.75,0.0174081256443092,"Pickering|Total|1d"
12,"Ajax","1d","Total",1,-95.31,-94.6,1.41073046974112,0.55,0.554703927562725,19,0.2644,0.305140105201452,"Ajax|Total|1d"
12,"Ajax","3d","Total",-5,-257.66,-247.89,0.73687237404691,0.88,0.883959983713556,43,0.9964,0.325641334896323,"Ajax|Total|3d"
12,"Ajax","7d","Total",1,-505.55,-477.09,0.563563801926577,0.94,0.94299099490883,73,0.1527,0.365161429492602,"Ajax|Total|7d"
13,"Pickering","1d","Elementary",-6,-89.17,-89.68,1.52065318162834,0.7,0.70300658690033,19,0.2474,-0.0101214192419456,"Pickering|Elementary|1d"
13,"Ajax","1d","Elementary",1,-81.86,-83.77,1.66354624816349,0.68,0.677968621606971,19,0.1903,0.0524869005319393,"Ajax|Elementary|1d"
13,"Pickering","1d","Secondary",1,-138.54,-136.65,0.820464445158475,0.55,0.550131951751047,22,0.7085,0.0199814484486909,"Pickering|Secondary|1d"
13,"Ajax","1d","Secondary",-6,-96.04,-95.62,1.05128749271956,0.34,0.336080984367852,17,0.2189,0.139483101308375,"Ajax|Secondary|1d"
13,"Ajax","5d","Secondary",-5,-483.45,-461.28,0.347778896664209,0.94,0.941908295961974,62,0.464,0.254385286739262,"Ajax|Secondary|5d"
13,"Pickering","1d","Total",-6,-97.88,-98.46,1.18326452027849,0.69,0.692977713597702,19,0.5448,-0.03669980508971,"Pickering|Total|1d"
13,"Ajax","1d","Total",1,-90.02,-92.08,1.27794150168803,0.7,0.696337394095076,19,0.6605,0.0355273586377806,"Ajax|Total|1d"
14,"Pickering","1d","Elementary",-7,-90.59,-90.59,1.55196879301991,0.59,0.588562123745582,19,0.7797,0.148160628361798,"Pickering|Elementary|1d"
14,"Ajax","1d","Elementary",1,-93.01,-93.19,1.70941135501862,0.68,0.684312232937145,21,0.352,0.126426881857125,"Ajax|Elementary|1d"
14,"Pickering","5d","Elementary",-2,-261.18,-248.82,0.945507771807912,0.73,0.729203156957008,46,0.0692,0.25750573228481,"Pickering|Elementary|5d"
14,"Ajax","7d","Elementary",0,-210.31,-202.58,1.04321069075962,0.82,0.81555564442626,41,0.06,0.399570354202268,"Ajax|Elementary|7d"
14,"Pickering","1d","Secondary",-6,-123.09,-127.67,0.661553420147169,0.72,0.723551060808204,21,0.0999,0.0181635044925021,"Pickering|Secondary|1d"
14,"Ajax","1d","Secondary",-6,-105.25,-109,0.799364253823875,0.68,0.680618227866573,19,0.2891,0.38265106469981,"Ajax|Secondary|1d"
14,"Pickering","5d","Secondary",2,-364.15,-351.46,0.356959709712538,0.87,0.868716460509937,49,0.0644,0.309674822033491,"Pickering|Secondary|5d"
14,"Ajax","7d","Secondary",5,-267.15,-261.73,0.418576197374615,0.83,0.832597135135778,39,0.0719,0.298336155580128,"Ajax|Secondary|7d"
14,"Pickering","1d","Total",1,-112.01,-109.99,1.41784827904062,0.35,0.353213443988164,22,0.0708,0.335735671539041,"Pickering|Total|1d"
14,"Ajax","1d","Total",-6,-96.47,-100.08,1.01329031125547,0.79,0.786715210319853,19,0.0635,0.159835871759533,"Ajax|Total|1d"
14,"Pickering","5d","Total",-1,-294.58,-280.98,0.742994801682168,0.76,0.756762238185278,48,0.1177,0.32673423599811,"Pickering|Total|5d"
15,"Pickering","1d","Elementary",-7,-93.34,-97.75,0.680918492151037,0.82,0.821285651236945,16,0.437,0.320944780165703,"Pickering|Elementary|1d"
15,"Ajax","1d","Elementary",7,-54.99,-56.98,1.95158908910308,0.62,0.624793892373103,14,0.2325,-0.0117116792867492,"Ajax|Elementary|1d"
15,"Pickering","3d","Elementary",-5,-203.77,-195.5,1.2578580415933,0.77,0.774543681729034,38,0.87,0.368787504086703,"Pickering|Elementary|3d"
15,"Pickering","5d","Elementary",2,-379,-359.26,0.633299356550798,0.87,0.869388998865914,58,0.4746,0.378248447270439,"Pickering|Elementary|5d"
15,"Pickering","1d","Secondary",7,-115.31,-117.53,0.571531223362573,0.74,0.740597065465156,18,0.9636,-0.14105410512977,"Pickering|Secondary|1d"
15,"Ajax","1d","Secondary",-6,-81.3,-81.75,1.166979110553,0.18,0.184815845953957,15,0.8782,0.214363283347404,"Ajax|Secondary|1d"
15,"Pickering","3d","Secondary",-1,-330.99,-318.37,0.457200351866581,0.78,0.779801302870538,47,0.4357,0.194155011608045,"Pickering|Secondary|3d"
15,"Ajax","7d","Secondary",-2,-523,-498.95,0.370363940884166,0.93,0.928811620256867,67,0.5571,0.374726549407715,"Ajax|Secondary|7d"
15,"Pickering","1d","Total",7,-92.29,-96.31,0.836141981080287,0.74,0.736859724927003,17,0.8573,0.30231445445262,"Pickering|Total|1d"
15,"Ajax","1d","Total",7,-61.14,-63.02,1.5642898994665,0.6,0.60451828368286,14,0.0871,0.034335488221304,"Ajax|Total|1d"
15,"Pickering","3d","Total",-5,-224.7,-216.39,0.919263631192248,0.81,0.808474188762934,38,0.7931,0.303616525515187,"Pickering|Total|3d"
15,"Pickering","5d","Total",3,-375.8,-356.31,0.674481711400425,0.77,0.769593854343875,58,0.9666,0.323648185216966,"Pickering|Total|5d"
15,"Ajax","7d","Total",-7,-444.36,-423.58,0.398071426879651,0.96,0.958943552269613,64,0.7278,0.355902340902905,"Ajax|Total|7d"
16,"Pickering","1d","Elementary",7,-76.85,-76.78,1.55878144020207,0.34,0.335476762340288,16,0.7037,0.383403013494886,"Pickering|Elementary|1d"
16,"Ajax","1d","Elementary",-6,-88.14,-88.43,1.6028150609794,0.66,0.655783770853252,19,0.7896,0.207254101644014,"Ajax|Elementary|1d"
16,"Pickering","3d","Elementary",-5,-227.06,-217.79,1.04175305856524,0.72,0.72062407424702,40,0.8196,0.353983190071155,"Pickering|Elementary|3d"
16,"Pickering","5d","Elementary",3,-224.31,-216.03,0.922196120865135,0.86,0.858713385742173,38,0.9995,0.119835000318169,"Pickering|Elementary|5d"
16,"Ajax","7d","Elementary",5,-388.54,-365.54,1.00545913345652,0.89,0.894543502984879,66,0.2868,0.394896818088014,"Ajax|Elementary|7d"
16,"Pickering","1d","Secondary",1,-109.12,-108.27,1.09231454763814,0.28,0.281810422212962,20,0.6928,0.321606526743436,"Pickering|Secondary|1d"
16,"Ajax","1d","Secondary",-6,-115.37,-116.27,0.699411851092427,0.73,0.729639098999364,19,0.7244,0.37233166918656,"Ajax|Secondary|1d"
16,"Ajax","3d","Secondary",-1,-302.98,-288.05,1.06414343620091,0.65,0.64667518068513,54,0.1386,0.281158418955012,"Ajax|Secondary|3d"
16,"Pickering","5d","Secondary",2,-285.61,-278.33,0.469801568309923,0.76,0.756367711076892,38,0.1382,0.371975663271597,"Pickering|Secondary|5d"
16,"Ajax","5d","Secondary",7,-379.92,-360.83,0.552733228664928,0.85,0.846545231304103,57,0.7539,0.369435400771324,"Ajax|Secondary|5d"
16,"Pickering","1d","Total",2,-58.79,-71.26,0.885557235991818,0.74,0.740446212328005,13,0.2165,-0.0419330516193794,"Pickering|Total|1d"
16,"Ajax","1d","Total",-6,-95.68,-96.01,1.29209819422883,0.65,0.64940126749225,19,0.9618,0.2898201852313,"Ajax|Total|1d"
16,"Pickering","3d","Total",-6,-249.15,-239.86,0.768456840752072,0.77,0.766851914278578,40,0.5707,0.392565796809097,"Pickering|Total|3d"
16,"Pickering","5d","Total",3,-247.2,-239.39,0.738324555532576,0.84,0.840568867697323,38,0.6802,0.0937354360938982,"Pickering|Total|5d"
17,"Pickering","1d","Elementary",7,-81.99,-81.36,1.8691930941478,0.28,0.277980234767201,18,0.7275,0.379005166417031,"Pickering|Elementary|1d"
17,"Ajax","1d","Elementary",-6,-64.58,-70.9,1.36230999595544,0.77,0.771204978840151,15,0.111,0.0479018906417792,"Ajax|Elementary|1d"
17,"Pickering","3d","Elementary",-3,-314.11,-296.28,0.979389267956661,0.82,0.822214085094162,55,0.1034,0.368233143616667,"Pickering|Elementary|3d"
17,"Pickering","5d","Elementary",-2,-292.5,-277.59,1.03962102922191,0.79,0.785566987691331,51,0.5905,0.390690791505315,"Pickering|Elementary|5d"
17,"Pickering","7d","Elementary",6,-345.92,-327.47,0.712196464540548,0.83,0.831969229674717,56,0.4456,0.258541041381443,"Pickering|Elementary|7d"
17,"Pickering","1d","Secondary",0,-118.09,-117.13,0.831311299215666,0.36,0.357099448563618,19,0.4646,0.148669636497089,"Pickering|Secondary|1d"
17,"Ajax","1d","Secondary",6,-46.8,-78.9,0.275851778990068,0.97,0.972097241940935,11,0.3175,-0.332314571834093,"Ajax|Secondary|1d"
17,"Pickering","3d","Secondary",-6,-356.69,-341.24,0.569978300975644,0.68,0.679622970323668,52,0.9563,0.331655250748599,"Pickering|Secondary|3d"
17,"Ajax","5d","Secondary",7,-466.36,-449.73,0.51316216571808,0.88,0.883067971379823,63,0.7094,0.208097302264029,"Ajax|Secondary|5d"
17,"Ajax","7d","Secondary",-3,-469.3,-444.93,0.544268889276719,0.84,0.843267632315278,67,0.4211,0.379469013157845,"Ajax|Secondary|7d"
17,"Pickering","1d","Total",6,-77,-77.14,1.5320343921791,0.22,0.217246839232643,16,0.3336,0.329891980284572,"Pickering|Total|1d"
17,"Ajax","1d","Total",-7,-58.52,-68.16,0.594367822570079,0.88,0.880753725879992,11,0.3228,0.169497625009899,"Ajax|Total|1d"
17,"Pickering","3d","Total",-1,-346.86,-327.28,0.891492814408618,0.77,0.771503577707977,58,0.2028,0.387379718209059,"Pickering|Total|3d"
17,"Pickering","5d","Total",-2,-321.4,-306.21,0.76454494363497,0.81,0.813554576513555,51,0.5369,0.346415490570535,"Pickering|Total|5d"
17,"Pickering","7d","Total",6,-364.8,-346.37,0.602687332376177,0.84,0.837376156724255,56,0.6233,0.293581944451879,"Pickering|Total|7d"
17,"Ajax","7d","Total",2,-501.62,-476.99,0.427394793842645,0.97,0.96678050453054,67,0.1893,0.326298336034345,"Ajax|Total|7d"
18,"Pickering","1d","Elementary",-4,-67.92,-69.98,1.16810137403452,0.53,0.531084029435105,13,0.6773,0.00355843373379847,"Pickering|Elementary|1d"
18,"Ajax","1d","Elementary",1,-87.62,-89.06,1.70075541964375,0.72,0.71876125771941,20,0.5001,0.0392550079760196,"Ajax|Elementary|1d"
18,"Ajax","3d","Elementary",-6,-280.46,-266.07,1.15233071107071,0.79,0.787848247998377,51,0.2423,0.308095235887976,"Ajax|Elementary|3d"
18,"Pickering","5d","Elementary",5,-420.71,-397.32,0.786292499415041,0.91,0.911745174662978,67,0.6458,0.382009702463499,"Pickering|Elementary|5d"
18,"Ajax","5d","Elementary",-3,-272.08,-256.65,1.10684244146291,0.79,0.794427551148214,52,0.4442,0.397685954224016,"Ajax|Elementary|5d"
18,"Pickering","7d","Elementary",2,-297.86,-290.22,0.492577648782518,0.97,0.967041414830221,45,0.0684,-0.117249587171512,"Pickering|Elementary|7d"
18,"Pickering","1d","Secondary",1,-119.06,-121.26,0.552092632547733,0.79,0.785973133539358,18,0.1896,-0.136838030693048,"Pickering|Secondary|1d"
18,"Ajax","1d","Secondary",0,-85,-88.77,0.879083293213445,0.61,0.610006813115784,16,0.8477,-0.204012279932621,"Ajax|Secondary|1d"
18,"Ajax","3d","Secondary",0,-319.38,-310.48,0.999760593425242,0.59,0.588141842234206,52,0.2794,0.381824528863689,"Ajax|Secondary|3d"
18,"Pickering","5d","Secondary",1,-527.95,-501.93,0.336988874987185,0.89,0.886949629547279,68,0.7715,0.207423456907188,"Pickering|Secondary|5d"
18,"Pickering","7d","Secondary",0,-346.28,-334.08,0.355464716190068,0.85,0.849316549418526,46,0.1759,0.255680132518785,"Pickering|Secondary|7d"
18,"Ajax","7d","Secondary",-3,-549.42,-521.68,0.391220148372777,0.92,0.917178323816202,72,0.0582,0.326691041859692,"Ajax|Secondary|7d"
18,"Pickering","1d","Total",1,-95.3,-108.07,0.589773114899024,0.9,0.898330841051101,18,0.9834,0.264575354605388,"Pickering|Total|1d"
18,"Ajax","1d","Total",1,-98.21,-101.1,1.16430482937189,0.8,0.797741703284027,20,0.213,0.0157435252803075,"Ajax|Total|1d"
18,"Ajax","3d","Total",-6,-301.64,-287.84,0.967169485903399,0.77,0.766402714331863,51,0.0818,0.382732081018815,"Ajax|Total|3d"
18,"Pickering","5d","Total",5,-458.99,-434.67,0.56995786984258,0.92,0.921970367565614,67,0.6504,0.383026624297743,"Pickering|Total|5d"
18,"Pickering","7d","Total",1,-309.99,-301.56,0.433812554276777,0.95,0.951973537327623,45,0.0551,-0.0404674181884167,"Pickering|Total|7d"
19,"Pickering","1d","Elementary",1,-88.18,-89.89,1.580973471488,0.63,0.631520608380747,21,0.1422,0.0203022789701832,"Pickering|Elementary|1d"
19,"Ajax","1d","Elementary",7,-59.14,-65.55,1.76088589476466,0.74,0.738759398537068,16,0.5751,0.23623129023332,"Ajax|Elementary|1d"
19,"Pickering","5d","Elementary",0,-299.86,-282.11,1.02727817218801,0.79,0.786272509082593,55,0.1984,0.356880700546951,"Pickering|Elementary|5d"
19,"Pickering","1d","Secondary",0,-107.66,-107.03,0.923353441900665,0.3,0.30284019236713,18,0.7373,0.296156692685549,"Pickering|Secondary|1d"
19,"Ajax","1d","Secondary",1,-93.59,-96.79,1.07330434217805,0.82,0.815216708474543,19,0.3126,0.149164536988082,"Ajax|Secondary|1d"
19,"Pickering","5d","Secondary",0,-414.86,-397.12,0.376972868961378,0.83,0.833165852246317,55,0.5196,0.366807955744942,"Pickering|Secondary|5d"
19,"Ajax","5d","Secondary",6,-379.16,-358.96,0.690002578902288,0.8,0.79804905436852,59,0.8162,0.343606008971119,"Ajax|Secondary|5d"
19,"Pickering","7d","Secondary",7,-449.12,-426.16,0.419940212998264,0.82,0.820055182522976,63,0.9795,0.380017259682101,"Pickering|Secondary|7d"
19,"Pickering","1d","Total",1,-98.12,-100.17,1.23459241251218,0.65,0.645813606065152,21,0.0754,0.167684958024819,"Pickering|Total|1d"
19,"Ajax","1d","Total",7,-69.37,-75.91,1.21423632968755,0.78,0.783313126071157,16,0.7336,0.253285783383233,"Ajax|Total|1d"
19,"Pickering","5d","Total",-2,-312.5,-295.96,0.838755040801191,0.79,0.785230573438848,53,0.3276,0.371718496212251,"Pickering|Total|5d"
19,"Pickering","7d","Total",6,-404.46,-380.91,0.768503010924765,0.85,0.854103970681309,65,0.2817,0.398765032440143,"Pickering|Total|7d"
20,"Pickering","1d","Elementary",1,-79.92,-82.23,1.63363981203951,0.59,0.589384704460186,18,0.5691,0.318220951761363,"Pickering|Elementary|1d"
20,"Ajax","1d","Elementary",1,-90.16,-88.46,2.35710566756274,0.42,0.420691236257,21,0.1448,0.283064533555529,"Ajax|Elementary|1d"
20,"Pickering","3d","Elementary",-6,-150.39,-146.32,1.49238417610379,0.51,0.512275676961181,29,0.0975,0.390892921637352,"Pickering|Elementary|3d"
20,"Ajax","3d","Elementary",7,-157.66,-151.6,1.51844924753968,0.73,0.728399362839256,35,0.6838,0.393565157086482,"Ajax|Elementary|3d"
20,"Ajax","7d","Elementary",0,-469.97,-444.44,0.457616394196966,0.97,0.973933510458637,71,0.6616,-0.00529949359286822,"Ajax|Elementary|7d"
20,"Pickering","1d","Secondary",0,-108.01,-108.78,0.660814832085412,0.37,0.372692731293161,17,0.6422,-0.0331942531019275,"Pickering|Secondary|1d"
20,"Ajax","1d","Secondary",0,-105.03,-109.36,0.537939185681558,0.86,0.856065041758472,17,0.4161,-0.319479390913398,"Ajax|Secondary|1d"
20,"Pickering","3d","Secondary",5,-208.83,-204.27,0.543867777036169,0.68,0.681788008281234,31,0.6883,0.263626731380879,"Pickering|Secondary|3d"
20,"Ajax","3d","Secondary",0,-216.2,-209.28,0.937324972066297,0.47,0.471293985040287,36,0.3605,0.355596822043796,"Ajax|Secondary|3d"
20,"Ajax","7d","Secondary",3,-531.78,-505.05,0.310624212763215,0.95,0.953719975459109,70,0.487,0.269121535117794,"Ajax|Secondary|7d"
20,"Pickering","1d","Total",-7,-65.19,-87.76,0.469743777757162,0.91,0.914874082000721,14,0.2835,0.22322311746529,"Pickering|Total|1d"
20,"Ajax","1d","Total",1,-101.96,-100.25,1.74557875756585,0.52,0.515238531007148,21,0.5683,0.249567468464993,"Ajax|Total|1d"
20,"Pickering","3d","Total",1,-153.85,-153.76,0.976175720134078,0.75,0.749570173392605,30,0.0973,0.33605640365559,"Pickering|Total|3d"
20,"Ajax","7d","Total",0,-506.78,-480.8,0.344877795420856,0.98,0.975105440879104,71,0.1163,-0.0116918662178448,"Ajax|Total|7d"
21,"Pickering","1d","Elementary",1,-63.68,-65.52,1.34835838884113,0.27,0.265708676236196,13,0.0619,0.236112903632745,"Pickering|Elementary|1d"
21,"Ajax","1d","Elementary",1,-57.89,-68.71,0.932480779347034,0.84,0.844441528947664,13,0.1408,-0.14140518239083,"Ajax|Elementary|1d"
21,"Pickering","7d","Elementary",5,-356.54,-334.62,0.82347367841451,0.88,0.881576220750714,63,0.1035,0.245832957100445,"Pickering|Elementary|7d"
21,"Ajax","7d","Elementary",4,-388.21,-365.04,0.681732289957095,0.94,0.94054170328252,64,0.37,0.301413722884603,"Ajax|Elementary|7d"
21,"Pickering","1d","Secondary",1,-89.06,-106.57,0.322392838348421,0.9,0.899161788588972,15,0.2933,0.109624156983459,"Pickering|Secondary|1d"
21,"Ajax","1d","Secondary",-6,-61.03,-74.93,0.412990634787555,0.78,0.780014638842527,11,0.667,-0.118989175929171,"Ajax|Secondary|1d"
21,"Pickering","7d","Secondary",1,-525.96,-500.28,0.300903369464586,0.91,0.911744766918263,67,0.1696,0.192993105877502,"Pickering|Secondary|7d"
21,"Ajax","7d","Secondary",-2,-477.85,-454.87,0.417826122064883,0.9,0.904049428742023,64,0.1809,0.35356845548194,"Ajax|Secondary|7d"
21,"Pickering","1d","Total",1,-69.71,-71.98,1.02797715330683,0.39,0.386358354280258,13,0.0809,0.265711438296676,"Pickering|Total|1d"
21,"Ajax","1d","Total",1,-62.57,-76.2,0.650926956139904,0.89,0.887079398301952,13,0.7163,-0.179046852392674,"Ajax|Total|1d"
21,"Pickering","7d","Total",5,-389.17,-367.5,0.629935631638004,0.88,0.877149751100706,63,0.2459,0.290760968585497,"Pickering|Total|7d"
21,"Ajax","7d","Total",-6,-409.36,-388.05,0.607261669190817,0.9,0.902021501186651,61,0.6427,0.356095148603984,"Ajax|Total|7d"
22,"Pickering","1d","Elementary",7,-79.66,-85.45,1.1892191738761,0.81,0.80973749923368,17,0.3798,-0.142331717024797,"Pickering|Elementary|1d"
22,"Ajax","1d","Elementary",-7,-65.63,-65.66,2.1759824933096,0.31,0.308013032615964,15,0.2096,0.264447639769591,"Ajax|Elementary|1d"
22,"Pickering","5d","Elementary",7,-325.83,-311.31,0.631564854521464,0.91,0.914031206118364,55,0.7894,0.135789551699249,"Pickering|Elementary|5d"
22,"Ajax","5d","Elementary",-3,-358.9,-338.7,0.741424497025841,0.9,0.899430825794543,59,0.7576,0.234369799135137,"Ajax|Elementary|5d"
22,"Pickering","7d","Elementary",3,-346.36,-326.37,1.0870684630765,0.82,0.82394092707164,61,0.3186,0.380493764691,"Pickering|Elementary|7d"
22,"Pickering","1d","Secondary",0,-124.59,-126.81,0.445437222526039,0.82,0.818179459542925,18,0.875,0.206091320095959,"Pickering|Secondary|1d"
22,"Ajax","1d","Secondary",0,-96.99,-96.33,1.05194944109336,0.43,0.428550411443123,17,0.2456,0.0463081724401522,"Ajax|Secondary|1d"
22,"Pickering","5d","Secondary",3,-405.6,-388.01,0.370526585563939,0.81,0.805279149403533,55,0.5651,0.393792493719161,"Pickering|Secondary|5d"
22,"Ajax","5d","Secondary",-4,-409.97,-389.75,0.462236492038087,0.88,0.884377895887986,59,0.0852,0.397698991967071,"Ajax|Secondary|5d"
22,"Ajax","7d","Secondary",4,-442.41,-426.01,0.243212786961408,0.95,0.948442829350824,54,0.8964,0.355105851102762,"Ajax|Secondary|7d"
22,"Pickering","1d","Total",7,-98.88,-102.67,0.691833729351484,0.86,0.856767323538193,17,0.8544,0.0341905432054489,"Pickering|Total|1d"
22,"Ajax","1d","Total",-7,-72.08,-73.12,1.4992945616715,0.36,0.35975333954941,15,0.5438,0.318223366581675,"Ajax|Total|1d"
22,"Pickering","5d","Total",7,-366.85,-355.42,0.394087025715034,0.94,0.938893716481133,55,0.3631,0.0755152531311636,"Pickering|Total|5d"
22,"Ajax","5d","Total",-3,-385.12,-365.01,0.580248594091201,0.9,0.90310329930116,59,0.6931,0.213182678173468,"Ajax|Total|5d"
22,"Ajax","7d","Total",0,-344.42,-337.61,0.447081000586502,0.95,0.953217732326118,56,0.3573,0.360744484961345,"Ajax|Total|7d"
23,"Pickering","1d","Elementary",-4,-73.98,-73.79,1.41890818225414,0,5.29070314622926e-05,14,0.856,0.231716736413212,"Pickering|Elementary|1d"
23,"Ajax","1d","Elementary",1,-90.59,-90.16,1.95870183385015,0.6,0.604521221631479,21,0.7981,0.339699637584157,"Ajax|Elementary|1d"
23,"Pickering","3d","Elementary",-2,-186.31,-181.14,0.917800294697509,0.62,0.618676380597885,31,0.6045,0.178281622785824,"Pickering|Elementary|3d"
23,"Ajax","5d","Elementary",-4,-397.42,-375.44,0.939330135138502,0.87,0.868984553510314,66,0.8847,0.334098662701797,"Ajax|Elementary|5d"
23,"Pickering","1d","Secondary",3,-106.14,-106.84,0.615823082746242,0.49,0.487631206523273,16,0.1885,0.359322599705942,"Pickering|Secondary|1d"
23,"Ajax","1d","Secondary",-1,-92.69,-103.05,0.398122567488316,0.92,0.918596129125609,15,0.9062,0.141372823862506,"Ajax|Secondary|1d"
23,"Pickering","3d","Secondary",-3,-192.82,-188.43,0.673255107649096,0.4,0.399914781077058,29,0.1163,0.359625783148527,"Pickering|Secondary|3d"
23,"Pickering","1d","Total",-6,-78.3,-77.88,1.52369383211521,0,5.89080083224406e-05,15,0.2492,0.149287556337372,"Pickering|Total|1d"
23,"Ajax","1d","Total",1,-103.5,-102.6,1.47035026828275,0.66,0.658140667025959,21,0.9999,0.267401479584373,"Ajax|Total|1d"
23,"Pickering","3d","Total",-2,-188.41,-183.64,0.828113615482658,0.54,0.540890621300084,30,0.1178,0.360745410409611,"Pickering|Total|3d"
23,"Ajax","5d","Total",-4,-418.21,-398,0.834509159570172,0.84,0.840628678081636,66,0.5773,0.397888576855045,"Ajax|Total|5d"
24,"Pickering","1d","Elementary",-6,-84.88,-84.34,1.73505934568672,0.33,0.334988320271106,18,0.8776,0.075148124159146,"Pickering|Elementary|1d"
24,"Ajax","1d","Elementary",0,-106.35,-133.93,0.178557940131213,1,0.996728971282696,17,0.2301,0.186044293665454,"Ajax|Elementary|1d"
24,"Ajax","5d","Elementary",6,-384.25,-361.49,0.885766884226757,0.92,0.918725168226236,64,0.9817,0.355246287665298,"Ajax|Elementary|5d"
24,"Pickering","7d","Elementary",-5,-400.44,-379.8,0.513582067104639,0.96,0.964239782807241,60,0.5147,0.352360778606139,"Pickering|Elementary|7d"
24,"Pickering","1d","Secondary",1,-146.74,-145.18,0.751180318728453,0.66,0.659115917119885,24,0.1117,0.154257356323419,"Pickering|Secondary|1d"
24,"Ajax","1d","Secondary",-6,-96.48,-96.2,1.20928911467254,0.28,0.281790359247092,18,0.652,0.292127547634116,"Ajax|Secondary|1d"
24,"Pickering","1d","Total",-6,-89.46,-88.9,1.50706295164671,0.3,0.295354986762306,18,0.9982,0.129083583223087,"Pickering|Total|1d"
24,"Ajax","1d","Total",0,-105.06,-114.7,0.410744230264463,0.97,0.970230982136738,17,0.6271,0.33465606443014,"Ajax|Total|1d"
24,"Pickering","3d","Total",-7,-276.09,-262.29,1.06448411832002,0.63,0.628556604182673,49,0.1172,0.374712708912257,"Pickering|Total|3d"
24,"Pickering","7d","Total",-5,-416.9,-396.1,0.452480568707159,0.95,0.952728379301705,60,0.1379,0.351573833236489,"Pickering|Total|7d"
25,"Pickering","1d","Elementary",1,-85.71,-91.34,0.910688355082511,0.85,0.847978415589511,17,0.8117,-0.010404502078592,"Pickering|Elementary|1d"
25,"Ajax","1d","Elementary",3,-51.63,-56.23,1.94261890717982,0.41,0.411019936557286,14,0.3897,0.357924368386174,"Ajax|Elementary|1d"
25,"Pickering","3d","Elementary",3,-248.69,-236.28,1.47700447760738,0.6,0.597758884884711,48,0.0617,0.339332489020876,"Pickering|Elementary|3d"
25,"Pickering","5d","Elementary",-5,-200.11,-193.33,0.964739217528545,0.61,0.607932689536169,35,0.4918,0.364301472569886,"Pickering|Elementary|5d"
25,"Pickering","1d","Secondary",-6,-108,-108.45,0.489561215266739,0.68,0.684679296343731,15,0.4087,-0.0722776749074072,"Pickering|Secondary|1d"
25,"Ajax","1d","Secondary",-7,-82.02,-82.07,1.22148899304617,0.4,0.398622167401357,15,0.6055,0.296202200809475,"Ajax|Secondary|1d"
25,"Pickering","3d","Secondary",6,-354.95,-339.89,0.528523207689521,0.71,0.707381092767613,51,0.8676,0.339220407323048,"Pickering|Secondary|3d"
25,"Pickering","5d","Secondary",6,-274.62,-267.63,0.526837771347786,0.58,0.58135282406666,38,0.4119,0.386799828143992,"Pickering|Secondary|5d"
25,"Ajax","7d","Secondary",3,-495.82,-478.89,0.707055728539958,0.76,0.761698429526114,72,0.1688,0.39499826665583,"Ajax|Secondary|7d"
25,"Pickering","1d","Total",1,-94.85,-100.07,0.757957963016412,0.84,0.837338511809768,17,0.106,0.140857638237756,"Pickering|Total|1d"
25,"Ajax","1d","Total",7,-60.61,-62.98,1.86700309661469,0.51,0.508025139482116,15,0.4606,0.303799187361926,"Ajax|Total|1d"
25,"Pickering","3d","Total",-3,-257.07,-245.27,1.14904593131908,0.55,0.546925681186283,46,0.7014,0.329137814502097,"Pickering|Total|3d"
25,"Pickering","5d","Total",-4,-208.96,-202.17,0.863853492588456,0.62,0.621945460380394,35,0.3463,0.380707891902188,"Pickering|Total|5d"
26,"Pickering","1d","Elementary",1,-71.14,-74.69,1.4334341988675,0.47,0.465511467266721,16,0.8028,0.228640107292036,"Pickering|Elementary|1d"
26,"Ajax","1d","Elementary",1,-100.72,-101.83,1.05399502156034,0.89,0.886343421844761,19,0.5548,-0.252141862999011,"Ajax|Elementary|1d"
26,"Pickering","7d","Elementary",-2,-381.91,-366.11,0.402125076660679,0.94,0.935895013129925,53,0.7003,0.0917719744958758,"Pickering|Elementary|7d"
26,"Pickering","1d","Secondary",7,-91.68,-103.54,0.455462368146434,0.79,0.789942174840001,16,0.7621,-0.0627932729094987,"Pickering|Secondary|1d"
26,"Ajax","1d","Secondary",-6,-110.96,-114.1,0.605689968062179,0.81,0.80623411609401,18,0.5189,0.072681508194155,"Ajax|Secondary|1d"
26,"Pickering","7d","Secondary",5,-440.24,-421.15,0.334038400704808,0.88,0.877519579026763,57,0.1248,0.393073869354972,"Pickering|Secondary|7d"
26,"Pickering","1d","Total",1,-75.91,-78.01,1.36638502818508,0.36,0.360423816755855,16,0.297,0.389721860354399,"Pickering|Total|1d"
26,"Ajax","1d","Total",1,-96.15,-99.38,1.02637150051298,0.84,0.838744707658149,19,0.335,-0.0674638969229351,"Ajax|Total|1d"
26,"Pickering","7d","Total",-2,-385.41,-369.26,0.400690229591163,0.91,0.914556134466145,53,0.4619,0.281170032465642,"Pickering|Total|7d"
26,"Ajax","7d","Total",-4,-499.28,-474.79,0.525062186586388,0.94,0.935574180862793,70,0.0664,0.359948580323732,"Ajax|Total|7d"
27,"Pickering","1d","Elementary",-1,-63.73,-136.76,0.213151559952076,0.99,0.993324822077678,19,0.5368,-0.154963480396483,"Pickering|Elementary|1d"
27,"Ajax","1d","Elementary",-6,-69.48,-69.63,2.07411588552566,0.23,0.233401314144264,16,0.2709,0.187272812584901,"Ajax|Elementary|1d"
27,"Ajax","3d","Elementary",-2,-270.61,-256.45,1.63298326694322,0.66,0.655466069226559,54,0.7078,0.369291790807478,"Ajax|Elementary|3d"
27,"Pickering","7d","Elementary",-2,-272.59,-257.89,1.00486419422278,0.83,0.825668970714458,50,0.5353,0.293091726266503,"Pickering|Elementary|7d"
27,"Pickering","1d","Secondary",1,-140.98,-138.25,0.966079637755051,0.31,0.310068649200468,25,0.0539,0.157464466631643,"Pickering|Secondary|1d"
27,"Ajax","1d","Secondary",0,-74.23,-75.9,1.06024622522597,0.46,0.45911886340886,14,0.2194,0.233381387812852,"Ajax|Secondary|1d"
27,"Pickering","3d","Secondary",3,-329.2,-315.8,0.561752977900779,0.67,0.66662178276747,48,0.0777,0.369169998429047,"Pickering|Secondary|3d"
27,"Pickering","7d","Secondary",1,-382.54,-367.03,0.445155381871015,0.72,0.720599116911388,52,0.7003,0.365179344661249,"Pickering|Secondary|7d"
27,"Ajax","7d","Secondary",-1,-393.38,-382.01,0.233679423997011,0.96,0.963078031528417,45,0.0696,0.104168138641318,"Ajax|Secondary|7d"
27,"Pickering","1d","Total",-1,-95.37,-127.39,0.301372313603296,0.98,0.979041604286524,18,0.4497,-0.202900710335419,"Pickering|Total|1d"
27,"Ajax","1d","Total",1,-77.23,-78.29,1.63411338314727,0.56,0.558983868019047,17,0.8775,0.131838894156438,"Ajax|Total|1d"
27,"Pickering","7d","Total",-1,-319.3,-305.74,0.83966829002937,0.78,0.781360490961712,51,0.3762,0.278963976278954,"Pickering|Total|7d"
28,"Pickering","1d","Elementary",1,-100.94,-99.47,1.81670410448942,0.56,0.556297062982384,23,0.6549,0.301043978269459,"Pickering|Elementary|1d"
28,"Ajax","1d","Elementary",-5,-58.41,-73.07,0.941523374972275,0.92,0.920372936892802,14,0.1242,-0.0575726370981201,"Ajax|Elementary|1d"
28,"Pickering","3d","Elementary",-3,-191.58,-185.21,1.11780166136478,0.75,0.754204794150663,35,0.3579,0.296797778354173,"Pickering|Elementary|3d"
28,"Ajax","3d","Elementary",-3,-277.21,-263.76,1.17261749514429,0.77,0.769746849323904,50,0.8475,0.31091539500734,"Ajax|Elementary|3d"
28,"Pickering","1d","Secondary",1,-142.77,-139.96,1.09614154048898,0.16,0.159976708853619,25,0.1385,0.32291487854208,"Pickering|Secondary|1d"
28,"Ajax","1d","Secondary",0,-94.12,-95.77,0.77838210093124,0.7,0.702074166154476,16,0.9141,0.0179657431251856,"Ajax|Secondary|1d"
28,"Pickering","3d","Secondary",4,-282.18,-272.96,0.526543766669979,0.64,0.636216408334598,40,0.7097,0.295439254978906,"Pickering|Secondary|3d"
28,"Ajax","3d","Secondary",7,-290.9,-278.11,0.831611421029901,0.75,0.745613234807247,47,0.1163,0.323639834147127,"Ajax|Secondary|3d"
28,"Pickering","1d","Total",1,-110.37,-108.78,1.54163324411562,0.49,0.49366673728894,23,0.8809,0.354006307417593,"Pickering|Total|1d"
28,"Ajax","1d","Total",1,-98.68,-98.79,1.35232187593467,0.71,0.708727585925287,20,0.6111,0.342529683353651,"Ajax|Total|1d"
28,"Pickering","3d","Total",-3,-213.95,-207.75,0.803864947065537,0.77,0.772072133883476,35,0.4057,0.328830334547523,"Pickering|Total|3d"
29,"Pickering","1d","Elementary",-6,-19.34,-52.91,1.21122224801184,0.8,0.7975907436988,12,0.788,0.162263960924448,"Pickering|Elementary|1d"
29,"Ajax","1d","Elementary",1,-75.69,-78.17,1.68530381888771,0.78,0.782579859947899,17,0.1884,0.0946682332230369,"Ajax|Elementary|1d"
29,"Pickering","1d","Secondary",0,-81.17,-86.22,0.317105836187469,0.81,0.814122960920572,11,0.712,-0.158954558840072,"Pickering|Secondary|1d"
29,"Ajax","1d","Secondary",-6,-100.39,-105.13,0.525159426875335,0.82,0.824602518511687,16,0.2241,-0.0415073063985809,"Ajax|Secondary|1d"
29,"Ajax","5d","Secondary",7,-421.72,-402.83,0.68150775483183,0.78,0.781911408108956,63,0.9519,0.316421529080623,"Ajax|Secondary|5d"
29,"Ajax","7d","Secondary",5,-516.13,-490.07,0.374228021379602,0.93,0.930364727979285,68,0.1767,0.287717694794896,"Ajax|Secondary|7d"
29,"Pickering","1d","Total",7,-54.24,-56.39,1.32846508487282,0.36,0.357776413685158,11,0.2758,0.237707623266531,"Pickering|Total|1d"
29,"Ajax","1d","Total",-6,-85.37,-89.91,0.884387614337794,0.84,0.836696419080277,16,0.1547,-0.290804486801857,"Ajax|Total|1d"
30,"Pickering","1d","Elementary",1,-104.7,-102.07,2.15294594975712,0.29,0.293125901172445,24,0.2848,0.388230025774979,"Pickering|Elementary|1d"
30,"Ajax","1d","Elementary",1,-72.11,-76.05,1.47247035549139,0.71,0.71392952934579,16,0.0923,0.0718196994112361,"Ajax|Elementary|1d"
30,"Ajax","3d","Elementary",-2,-245.58,-234.51,1.11316524864699,0.8,0.795103281773885,44,0.6981,0.219627711406275,"Ajax|Elementary|3d"
30,"Pickering","5d","Elementary",-2,-265.95,-253.63,0.913409341180973,0.81,0.806306638420836,46,0.1586,0.294434842491098,"Pickering|Elementary|5d"
30,"Pickering","7d","Elementary",-1,-315.07,-302.63,0.55658704211349,0.84,0.835112042920347,46,0.1131,0.27312457978035,"Pickering|Elementary|7d"
30,"Ajax","7d","Elementary",-6,-260.1,-251.12,0.952657159508634,0.85,0.848337827051996,43,0.975,0.255406229369023,"Ajax|Elementary|7d"
30,"Pickering","1d","Secondary",1,-148.5,-145.47,1.10181365561614,0.12,0.124840237622103,26,0.1623,0.354954997903537,"Pickering|Secondary|1d"
30,"Ajax","1d","Secondary",6,-84.59,-90.33,0.43558971658391,0.93,0.926793947827646,13,0.4391,-0.111195082798337,"Ajax|Secondary|1d"
30,"Ajax","3d","Secondary",-6,-276.23,-266.32,0.68090410249358,0.74,0.737132977438232,42,0.6247,0.399998067718981,"Ajax|Secondary|3d"
30,"Pickering","5d","Secondary",-3,-323.38,-312.02,0.423026651999859,0.75,0.750594135232685,44,0.1173,0.292011920184873,"Pickering|Secondary|5d"
30,"Pickering","7d","Secondary",-4,-362.91,-355.5,0.154619284672988,0.97,0.968528726997377,40,0.7677,0.167907707966744,"Pickering|Secondary|7d"
30,"Ajax","7d","Secondary",-2,-343.3,-331.66,0.500501814429531,0.8,0.798296282587726,47,0.7753,0.395587998376207,"Ajax|Secondary|7d"
30,"Pickering","1d","Total",-1,-100.47,-105.03,0.726997692784425,0.76,0.757065006889433,18,0.3327,-0.135294587904497,"Pickering|Total|1d"
30,"Ajax","1d","Total",1,-90.55,-92.64,0.912219060174369,0.82,0.816483235813394,16,0.3628,-0.316064169047973,"Ajax|Total|1d"
30,"Ajax","3d","Total",-2,-262.37,-251.87,0.931359871431794,0.76,0.757496625750338,44,0.5596,0.323413256295146,"Ajax|Total|3d"
30,"Pickering","5d","Total",-2,-284.34,-271.91,0.76659305800979,0.78,0.77574632820634,46,0.3832,0.315869088330399,"Pickering|Total|5d"
30,"Pickering","7d","Total",4,-324.19,-313.37,0.681853043825806,0.65,0.652390860048808,48,0.0501,0.379650310514609,"Pickering|Total|7d"
30,"Ajax","7d","Total",7,-284.05,-277.85,0.454575773185658,0.91,0.913180143086337,43,0.8497,0.393799506691457,"Ajax|Total|7d"
31,"Pickering","1d","Elementary",7,-93.41,-92.39,1.79169640218334,0.41,0.414613307440259,21,0.7474,0.305277694795932,"Pickering|Elementary|1d"
31,"Ajax","1d","Elementary",-4,-56.02,-65.87,0.703295440982216,0.84,0.836858674887578,11,0.7372,-0.057127384816015,"Ajax|Elementary|1d"
31,"Ajax","3d","Elementary",0,-266.32,-254.62,1.234896818501,0.8,0.803518123738644,48,0.1049,0.396501789979689,"Ajax|Elementary|3d"
31,"Pickering","7d","Elementary",-4,-380.21,-361.09,1.08629798909337,0.81,0.811360325045589,66,0.1582,0.244347447671575,"Pickering|Elementary|7d"
31,"Ajax","7d","Elementary",0,-455.32,-427.52,0.709021313449555,0.94,0.940646496298626,71,0.0718,0.367674203103072,"Ajax|Elementary|7d"
31,"Pickering","1d","Secondary",0,-138.07,-136.07,0.842544524432411,0.35,0.352067741371365,22,0.751,0.12766361417124,"Pickering|Secondary|1d"
31,"Ajax","1d","Secondary",-6,-81.34,-92.74,0.548693047110982,0.79,0.79483773311238,15,0.836,-0.076520648482929,"Ajax|Secondary|1d"
31,"Ajax","3d","Secondary",7,-284.93,-273.54,0.863470753389118,0.73,0.72748973961949,46,0.3615,0.376640750074636,"Ajax|Secondary|3d"
31,"Pickering","7d","Secondary",0,-513.93,-485.96,0.383721296733491,0.84,0.840988083811082,70,0.0684,0.247238334283013,"Pickering|Secondary|7d"
31,"Pickering","1d","Total",-1,-97.2,-96.24,1.3830382320647,0.29,0.285592153557386,19,0.5093,0.19162398218554,"Pickering|Total|1d"
31,"Ajax","1d","Total",-6,-69.84,-77.78,0.948271328263416,0.72,0.72168901771551,15,0.2835,-0.108965799024022,"Ajax|Total|1d"
31,"Ajax","3d","Total",0,-285.48,-276.05,1.05551935560736,0.76,0.759959098258587,48,0.3193,0.393976083292427,"Ajax|Total|3d"
31,"Pickering","7d","Total",-4,-407.14,-386.19,0.868513484591606,0.81,0.810467378691477,66,0.1279,0.229074787716754,"Pickering|Total|7d"
31,"Ajax","7d","Total",6,-444.08,-418.99,0.532822937285718,0.95,0.945959174993922,66,0.6555,0.384955044200091,"Ajax|Total|7d"
32,"Pickering","1d","Elementary",-6,-97.04,-96.31,1.52655791722667,0.62,0.615320005061555,20,0.3207,0.199055765218697,"Pickering|Elementary|1d"
32,"Ajax","1d","Elementary",1,-92.02,-90.7,1.9532166949463,0.55,0.55388256974385,20,0.1708,0.103732737766347,"Ajax|Elementary|1d"
32,"Pickering","3d","Elementary",-6,-191.48,-183.2,1.40814317552989,0.5,0.503690269736077,38,0.0518,0.310164199892724,"Pickering|Elementary|3d"
32,"Ajax","7d","Elementary",-6,-400.57,-374.57,0.879264063991094,0.87,0.868083704521211,68,0.8088,0.325716846839594,"Ajax|Elementary|7d"
32,"Pickering","1d","Secondary",1,-150.01,-147.09,0.905891344468906,0.48,0.481832816500796,25,0.475,0.019388234739911,"Pickering|Secondary|1d"
32,"Ajax","1d","Secondary",-6,-103.47,-103.54,0.905466949614989,0.49,0.492144321327471,18,0.3382,0.168306922751869,"Ajax|Secondary|1d"
32,"Pickering","3d","Secondary",-7,-247.43,-239.86,0.578005743733138,0.65,0.646354416207986,37,0.1691,0.223040951832979,"Pickering|Secondary|3d"
32,"Pickering","5d","Secondary",-5,-319.87,-313.85,0.18594036731214,0.92,0.921732973318295,37,0.7595,0.209424915465472,"Pickering|Secondary|5d"
32,"Ajax","5d","Secondary",3,-384.55,-366.42,0.671805545450878,0.78,0.784299977179755,58,0.9264,0.345597902916073,"Ajax|Secondary|5d"
32,"Pickering","1d","Total",7,-108.66,-108.11,1.10200544549353,0.6,0.598353396611995,20,0.5553,0.160185615167954,"Pickering|Total|1d"
32,"Ajax","1d","Total",1,-104.3,-102.97,1.38259890551504,0.64,0.643930915931933,20,0.261,0.0886842623076284,"Ajax|Total|1d"
32,"Pickering","3d","Total",-6,-208.22,-199.96,1.16301790574307,0.51,0.507439751411921,38,0.1924,0.397553001913276,"Pickering|Total|3d"
32,"Ajax","7d","Total",3,-452.29,-426.11,0.747237566426814,0.9,0.898116448865261,71,0.318,0.392815508288455,"Ajax|Total|7d"
33,"Pickering","1d","Elementary",7,-48.28,-67.23,0.576822979203646,0.86,0.862238691182876,11,0.4909,-0.166775566284534,"Pickering|Elementary|1d"
33,"Ajax","1d","Elementary",1,-87.6,-86.12,2.36655180644794,0.43,0.432892004515348,20,0.6922,0.360028812465408,"Ajax|Elementary|1d"
33,"Pickering","1d","Secondary",3,-64.67,-73.21,0.535131216504662,0.78,0.775975461434901,11,0.7787,-0.00295092415118063,"Pickering|Secondary|1d"
33,"Ajax","1d","Secondary",-6,-98.58,-106.56,0.620105503324691,0.76,0.762435735077378,18,0.3453,0.175010768779479,"Ajax|Secondary|1d"
33,"Ajax","7d","Secondary",-4,-436.69,-420.96,0.242802987540024,0.96,0.958487442615179,55,0.7833,0.221490401662137,"Ajax|Secondary|7d"
33,"Pickering","1d","Total",7,-24.19,-72.21,0.361237596997819,0.93,0.928624347159829,11,0.8099,-0.173005762714271,"Pickering|Total|1d"
33,"Ajax","1d","Total",1,-107.18,-108.99,0.913878632980003,0.85,0.854741666451285,20,0.5797,-0.081294167669471,"Ajax|Total|1d"
33,"Ajax","7d","Total",-7,-336.46,-323.79,0.618668888014089,0.88,0.88092431620894,49,0.2843,0.35880840985587,"Ajax|Total|7d"
34,"Pickering","1d","Elementary",7,-63.26,-92.93,0.382622115381122,0.97,0.972696303989347,14,0.9994,-0.154950101798414,"Pickering|Elementary|1d"
34,"Ajax","1d","Elementary",3,-64.42,-69.65,1.17553586987315,0.79,0.787101730356119,14,0.4069,-0.0304724886838894,"Ajax|Elementary|1d"
34,"Ajax","7d","Elementary",-4,-380.41,-363.2,0.460929610740811,0.95,0.94913397703961,54,0.2747,0.272591299631206,"Ajax|Elementary|7d"
34,"Pickering","1d","Secondary",-1,-74.67,-82.17,0.351079938271048,0.58,0.584200236976322,11,0.2788,0.0274486784622163,"Pickering|Secondary|1d"
34,"Ajax","1d","Secondary",1,-106.52,-110.02,1.0691796711232,0.85,0.847593712524162,21,0.3177,0.311569196891838,"Ajax|Secondary|1d"
34,"Pickering","3d","Secondary",0,-439.58,-422.12,0.537821789409703,0.72,0.716737847266638,61,0.9693,0.366864817911852,"Pickering|Secondary|3d"
34,"Pickering","5d","Secondary",-3,-332.98,-321.12,0.57735602174664,0.61,0.612553663096444,48,0.0825,0.389599358353425,"Pickering|Secondary|5d"
34,"Ajax","5d","Secondary",7,-289.43,-280.41,0.832586619320659,0.68,0.683943901071411,45,0.6495,0.19978221586151,"Ajax|Secondary|5d"
34,"Pickering","7d","Secondary",5,-378.41,-365.61,0.291836371940751,0.9,0.895264144951563,47,0.7705,0.399470189361332,"Pickering|Secondary|7d"
34,"Ajax","7d","Secondary",3,-438.97,-422.56,0.270132162473492,0.91,0.910721276256453,53,0.4656,0.273674300765226,"Ajax|Secondary|7d"
34,"Pickering","1d","Total",7,-77.63,-88.62,0.54897243234074,0.89,0.885364179222328,14,0.4827,0.32237270035459,"Pickering|Total|1d"
34,"Ajax","1d","Total",3,4.79,-116.45,0.109989451579739,1,0.997814054379088,14,0.1939,-0.269919060879034,"Ajax|Total|1d"
34,"Ajax","7d","Total",-5,-359.27,-343.37,0.523319913113793,0.9,0.898148779821976,52,0.5665,0.2714759350579,"Ajax|Total|7d"
35,"Pickering","1d","Elementary",-4,-73.04,-78.29,1.50999122822484,0.59,0.593302173915107,17,0.2545,-0.0822160614229939,"Pickering|Elementary|1d"
35,"Ajax","1d","Elementary",1,-95.88,-98.51,1.41699474278238,0.8,0.800807038237997,21,0.4068,0.27829973746203,"Ajax|Elementary|1d"
35,"Pickering","7d","Elementary",-4,-457.75,-435.02,0.574968600408046,0.94,0.943329729709589,67,0.1217,0.202335582020212,"Pickering|Elementary|7d"
35,"Ajax","7d","Elementary",-5,-440.31,-412.2,0.718362265552477,0.91,0.90860008765114,71,0.1675,0.39263463935554,"Ajax|Elementary|7d"
35,"Pickering","1d","Secondary",1,-148.21,-146.6,0.83283867566022,0.56,0.555970290316316,26,0.354,0.0629459773657204,"Pickering|Secondary|1d"
35,"Ajax","1d","Secondary",-6,-103.12,-102.66,1.11564540348052,0.33,0.326702686125574,19,0.8149,0.390010550638378,"Ajax|Secondary|1d"
35,"Ajax","3d","Secondary",-6,-309.16,-296.04,0.732516975252619,0.74,0.7396711806179,48,0.583,0.361794949927709,"Ajax|Secondary|3d"
35,"Ajax","5d","Secondary",7,-416.08,-397.09,0.6451112941946,0.82,0.820814905738586,61,0.072,0.350806568352904,"Ajax|Secondary|5d"
35,"Pickering","7d","Secondary",4,-514.34,-487.81,0.338851267992457,0.87,0.868595752972993,68,0.3628,0.317602294639656,"Pickering|Secondary|7d"
35,"Pickering","1d","Total",2,-91.06,-99.17,0.792022001928954,0.84,0.837701353154227,18,0.9937,-0.108071317598576,"Pickering|Total|1d"
35,"Ajax","1d","Total",-6,-97.29,-102.42,0.816114730926792,0.83,0.828935836671085,19,0.479,0.0413258687166073,"Ajax|Total|1d"
35,"Ajax","3d","Total",-6,-283.76,-270.35,0.913841897007762,0.77,0.774591296619862,48,0.8244,0.352077848159205,"Ajax|Total|3d"
35,"Pickering","7d","Total",-4,-495.67,-470.57,0.401892708517211,0.96,0.955688115341303,67,0.0781,0.229795323717379,"Pickering|Total|7d"
35,"Ajax","7d","Total",1,-485.04,-454.87,0.522774447819753,0.94,0.942227434249213,73,0.8225,0.39851767637969,"Ajax|Total|7d"
36,"Pickering","1d","Elementary",7,-85.71,-85.94,1.58233440145826,0.61,0.61386183384865,19,0.4979,0.328940379546384,"Pickering|Elementary|1d"
36,"Ajax","1d","Elementary",-6,-73.73,-73.67,1.97605945965284,0.38,0.384291132418414,17,0.7642,-0.0961285217239327,"Ajax|Elementary|1d"
36,"Pickering","3d","Elementary",6,-168.02,-162.43,1.37795848301735,0.68,0.684487190455143,32,0.1633,0.396422857124536,"Pickering|Elementary|3d"
36,"Ajax","3d","Elementary",-1,-211.34,-201.56,1.2902428721608,0.76,0.76498424537573,41,0.6028,0.276194694951557,"Ajax|Elementary|3d"
36,"Pickering","1d","Secondary",-6,-124.97,-122.95,1.1005037661065,0.14,0.140388009299237,22,0.7107,0.381534469478621,"Pickering|Secondary|1d"
36,"Ajax","1d","Secondary",-6,-98.31,-99.26,0.853912867806795,0.54,0.540193024390932,17,0.1839,0.00159292451173286,"Ajax|Secondary|1d"
36,"Pickering","3d","Secondary",1,-228.15,-227.75,0.354110454927756,0.84,0.839364965509866,32,0.4397,0.38337531682288,"Pickering|Secondary|3d"
36,"Ajax","3d","Secondary",-5,-268.48,-259.19,0.596700303248142,0.79,0.785938944108436,40,0.5344,0.291018339920194,"Ajax|Secondary|3d"
36,"Pickering","7d","Secondary",-1,-510.24,-487.61,0.380588205825389,0.83,0.830406867689307,66,0.8853,0.383098668279802,"Pickering|Secondary|7d"
36,"Ajax","7d","Secondary",2,-451.81,-431.05,0.335730914151937,0.93,0.933856990451907,60,0.1278,0.38653733581918,"Ajax|Secondary|7d"
36,"Pickering","1d","Total",7,-97.28,-96.51,1.31198317470989,0.54,0.536613849359765,19,0.5821,0.342719488956525,"Pickering|Total|1d"
36,"Ajax","1d","Total",-6,-82.7,-82.66,1.48285098740529,0.45,0.449151195201646,17,0.2874,-0.0735411931983048,"Ajax|Total|1d"
36,"Pickering","3d","Total",5,-167.21,-162.7,1.12342165449932,0.65,0.648280108111222,30,0.2516,0.272642064486107,"Pickering|Total|3d"
36,"Ajax","3d","Total",-3,-230.94,-221.78,0.916630400584378,0.81,0.810509023283458,40,0.3088,0.359231957324796,"Ajax|Total|3d"
36,"Ajax","7d","Total",6,-349.36,-332.82,0.755416524858513,0.89,0.894563119586326,55,0.0538,0.365525384014678,"Ajax|Total|7d"
37,"Pickering","1d","Elementary",-5,-44.76,-61.89,0.756405735381479,0.89,0.886625005625266,11,0.1318,0.0225382662320054,"Pickering|Elementary|1d"
37,"Ajax","1d","Elementary",-6,-84.13,-83.48,1.52647126537719,0.64,0.638540878127884,17,0.8601,0.0627067004243347,"Ajax|Elementary|1d"
37,"Pickering","3d","Elementary",-5,-260.38,-247.81,0.980149797567328,0.74,0.742511037010284,47,0.9945,0.32301848431329,"Pickering|Elementary|3d"
37,"Ajax","3d","Elementary",-1,-221.19,-217.23,0.67331500320865,0.93,0.927432070279545,38,0.6769,0.126602377071043,"Ajax|Elementary|3d"
37,"Ajax","7d","Elementary",-6,-419,-393.37,0.738173449794565,0.91,0.911774708252531,67,0.3406,0.393833121504086,"Ajax|Elementary|7d"
37,"Pickering","1d","Secondary",1,-105.01,-104.07,1.04128182447493,0.09,0.0904927212906532,18,0.4439,0.248810964998254,"Pickering|Secondary|1d"
37,"Ajax","1d","Secondary",0,-85.88,-88.57,0.85566579715749,0.73,0.734549363196976,15,0.6015,0.0987198029610946,"Ajax|Secondary|1d"
37,"Ajax","3d","Secondary",0,-250.38,-241.61,0.733707482531493,0.75,0.752716070051097,39,0.1693,0.317476831632505,"Ajax|Secondary|3d"
37,"Ajax","5d","Secondary",3,-528.19,-509.18,0.429613852187977,0.92,0.919371581800622,68,0.5885,0.248231989457123,"Ajax|Secondary|5d"
37,"Pickering","7d","Secondary",7,-596.18,-567.08,0.34066757876155,0.88,0.883489577754427,75,0.272,0.395568838836341,"Pickering|Secondary|7d"
37,"Pickering","1d","Total",2,-58.64,-60.99,1.48445935425687,0.45,0.448443922627994,13,0.0928,0.390088574125297,"Pickering|Total|1d"
37,"Ajax","1d","Total",-3,-53.25,-63.14,0.837393460871149,0.86,0.862728753447821,11,0.7543,-0.0713565331915447,"Ajax|Total|1d"
37,"Pickering","3d","Total",-5,-276.63,-263.97,0.835427641338729,0.74,0.736432477866146,47,0.8351,0.375667607897824,"Pickering|Total|3d"
37,"Ajax","3d","Total",0,-236.56,-230.82,0.630790609981328,0.91,0.914231330635546,39,0.5669,0.164111966965328,"Ajax|Total|3d"
37,"Ajax","7d","Total",-5,-454.61,-428.82,0.538668597383434,0.93,0.927759993234348,67,0.8935,0.399246957878467,"Ajax|Total|7d"
38,"Pickering","1d","Elementary",7,-85.81,-84.96,1.85813179087701,0.39,0.391333762655288,19,0.1819,0.344463389783498,"Pickering|Elementary|1d"
38,"Ajax","1d","Elementary",1,-94.34,-98.34,1.06806085233421,0.85,0.854023238578122,19,0.1411,-0.0309796949351706,"Ajax|Elementary|1d"
38,"Ajax","5d","Elementary",5,-222.05,-213.17,0.982748333388459,0.87,0.871265026461586,40,0.8654,0.399647765084647,"Ajax|Elementary|5d"
38,"Pickering","1d","Secondary",0,-129.63,-129.24,0.659380174337816,0.44,0.435331758402538,20,0.145,-0.0229380726916656,"Pickering|Secondary|1d"
38,"Ajax","1d","Secondary",0,-92.23,-98.18,0.625386489806318,0.81,0.812917573926968,16,0.7662,-0.178827530414218,"Ajax|Secondary|1d"
38,"Ajax","5d","Secondary",6,-274.08,-264.82,0.565494941068564,0.83,0.831664018335923,40,0.1382,0.235280142278424,"Ajax|Secondary|5d"
38,"Pickering","7d","Secondary",0,-559.26,-530.86,0.376999405244841,0.84,0.83591717511807,73,0.154,0.388798429839403,"Pickering|Secondary|7d"
38,"Pickering","1d","Total",-2,-74.62,-84.63,0.760804356146066,0.8,0.804976399205089,15,0.3461,0.150014085173863,"Pickering|Total|1d"
38,"Ajax","1d","Total",7,-60.29,-98.4,0.363133872964046,0.98,0.984654466687001,15,0.7117,0.0805185156647331,"Ajax|Total|1d"
38,"Ajax","5d","Total",5,-247.93,-239.15,0.699302039859887,0.89,0.893787414646214,40,0.7604,0.393862306058958,"Ajax|Total|5d"
39,"Pickering","1d","Elementary",7,-63.37,-69.16,1.30373243845784,0.58,0.582777041578305,15,0.2106,0.0475334794502095,"Pickering|Elementary|1d"
39,"Ajax","1d","Elementary",-7,-59.16,-72.95,0.566059624792395,0.94,0.93916249240175,12,0.4141,-0.248922821161538,"Ajax|Elementary|1d"
39,"Pickering","3d","Elementary",-4,-176.09,-172.11,0.928373702293955,0.82,0.818383896625058,31,0.503,0.241192136042728,"Pickering|Elementary|3d"
39,"Ajax","7d","Elementary",1,-327.6,-309.82,0.788253407623639,0.87,0.871812918370684,55,0.2005,0.200933756551377,"Ajax|Elementary|7d"
39,"Pickering","1d","Secondary",1,-91.6,-97.03,0.701637780779654,0.63,0.631635469758082,16,0.6183,-0.00197015310771898,"Pickering|Secondary|1d"
39,"Ajax","1d","Secondary",0,-72.7,-76.19,0.986074071380854,0.45,0.452163096861565,14,0.2959,0.191680440493143,"Ajax|Secondary|1d"
39,"Pickering","3d","Secondary",-5,-203.47,-198.69,0.632466144574845,0.43,0.433969182505384,30,0.6218,0.371201641994568,"Pickering|Secondary|3d"
39,"Pickering","5d","Secondary",1,-554.36,-526.9,0.331427149824933,0.87,0.869303876079852,71,0.6123,0.287262188698399,"Pickering|Secondary|5d"
39,"Ajax","5d","Secondary",-2,-453.32,-431.58,0.365323452689618,0.93,0.931587576122437,62,0.6113,0.273793082882994,"Ajax|Secondary|5d"
39,"Ajax","7d","Secondary",6,-373.64,-356.05,0.56653497056417,0.82,0.817727782522136,55,0.7414,0.391878305623132,"Ajax|Secondary|7d"
39,"Pickering","1d","Total",2,-64.36,-81.9,0.292056273297195,0.96,0.955095335177932,11,0.8971,-0.343615541909121,"Pickering|Total|1d"
39,"Ajax","1d","Total",-7,-58.05,-71.27,0.628138689670598,0.88,0.884880029045682,12,0.0937,0.135220974848551,"Ajax|Total|1d"
39,"Ajax","7d","Total",1,-359.79,-342.05,0.585090427109486,0.89,0.892402646326183,55,0.1742,0.154572554317851,"Ajax|Total|7d"
40,"Pickering","1d","Elementary",4,-56.8,-67.26,0.588157717574458,0.87,0.868996940780557,11,0.1591,0.0475722035024575,"Pickering|Elementary|1d"
40,"Ajax","1d","Elementary",1,-92.57,-93.08,1.616091776096,0.75,0.746178334894265,20,0.169,0.0967428094198971,"Ajax|Elementary|1d"
40,"Pickering","3d","Elementary",3,-211.16,-208.56,0.681125126618786,0.83,0.826965894064021,36,0.0561,0.123448690263733,"Pickering|Elementary|3d"
40,"Pickering","7d","Elementary",7,-401.78,-380.19,0.612072574829995,0.93,0.93049861008986,61,0.5322,0.317895608349396,"Pickering|Elementary|7d"
40,"Pickering","1d","Secondary",1,-97.89,-97.73,0.93615628967052,0.39,0.393017931913889,17,0.127,-0.0287994945099643,"Pickering|Secondary|1d"
40,"Ajax","1d","Secondary",0,-104.25,-106.47,0.645858979282622,0.8,0.800984566308681,17,0.1324,-0.32244640949139,"Ajax|Secondary|1d"
40,"Pickering","3d","Secondary",2,-281.42,-273.05,0.505239840706023,0.72,0.71666227239036,39,0.741,0.27292155282203,"Pickering|Secondary|3d"
40,"Ajax","3d","Secondary",7,-310.32,-297.53,0.787556042275045,0.75,0.753948629448475,49,0.5689,0.34023810592752,"Ajax|Secondary|3d"
40,"Pickering","5d","Secondary",-7,-279.37,-270.94,0.462977546346703,0.75,0.746044200251506,40,0.5178,0.334534128797857,"Pickering|Secondary|5d"
40,"Ajax","5d","Secondary",-2,-492.44,-466.4,0.447180101247772,0.9,0.896170956665045,68,0.9809,0.13736874853071,"Ajax|Secondary|5d"
40,"Pickering","1d","Total",-1,-67.44,-69.67,1.15811634613598,0.48,0.476970534284181,13,0.8713,-0.208634206184582,"Pickering|Total|1d"
40,"Ajax","1d","Total",1,-101.51,-102.65,1.22106455818922,0.78,0.779475211635938,20,0.0659,0.00880914306564378,"Ajax|Total|1d"
40,"Pickering","3d","Total",3,-238.25,-239.98,0.360462239545481,0.91,0.910450397099168,35,0.2659,0.0546199575563231,"Pickering|Total|3d"
40,"Pickering","7d","Total",7,-433.56,-411.94,0.444590553539709,0.94,0.939093090402263,61,0.884,0.259516246252528,"Pickering|Total|7d"
40,"Ajax","7d","Total",-7,-451.83,-429.1,0.640582119470405,0.89,0.892287318884489,67,0.0997,0.398651790680113,"Ajax|Total|7d"
41,"Pickering","1d","Elementary",-1,-53.86,-69.14,0.854170118293888,0.75,0.753968054078428,13,0.4306,-0.23313062585933,"Pickering|Elementary|1d"
41,"Ajax","1d","Elementary",5,-52.47,-55.73,1.8726772249988,0.66,0.659821116910191,13,0.7292,-0.00881909639818972,"Ajax|Elementary|1d"
41,"Pickering","3d","Elementary",5,-260.11,-248.38,1.0033166051307,0.79,0.785498548535753,45,0.1422,0.320832028347873,"Pickering|Elementary|3d"
41,"Ajax","3d","Elementary",6,-216.45,-207.27,1.53850178881509,0.76,0.763396062132794,42,0.2299,0.371972685453962,"Ajax|Elementary|3d"
41,"Ajax","5d","Elementary",-4,-379.03,-356.54,0.709658799386572,0.91,0.912239783159241,63,0.3401,0.165638959474859,"Ajax|Elementary|5d"
41,"Pickering","7d","Elementary",-7,-225.31,-214.99,1.08035381700053,0.74,0.736669642413005,42,0.0505,0.246354232923216,"Pickering|Elementary|7d"
41,"Ajax","7d","Elementary",-4,-426.25,-406.56,0.908554785958272,0.84,0.8444381453318,69,0.0866,0.383580350092603,"Ajax|Elementary|7d"
41,"Pickering","1d","Secondary",0,-80.36,-86.74,0.515455942704076,0.72,0.722447258247378,13,0.3224,0.12275970548521,"Pickering|Secondary|1d"
41,"Ajax","1d","Secondary",1,-95.97,-94.36,1.67006463135628,0.39,0.387635359188018,21,0.0962,0.236739153977433,"Ajax|Secondary|1d"
41,"Pickering","3d","Secondary",6,-320.95,-308.54,0.598397311494368,0.68,0.678050329791532,47,0.7938,0.358368078568818,"Pickering|Secondary|3d"
41,"Ajax","3d","Secondary",-7,-199.38,-190.58,1.28309748916338,0.6,0.597312114251911,39,0.0858,0.394154036839992,"Ajax|Secondary|3d"
41,"Ajax","5d","Secondary",-6,-441.98,-420.28,0.448505323847582,0.91,0.907153049704102,61,0.8081,0.307638692205841,"Ajax|Secondary|5d"
41,"Pickering","7d","Secondary",-5,-338.35,-325.86,0.420506131256385,0.8,0.796291333750488,46,0.1231,0.389297638443869,"Pickering|Secondary|7d"
41,"Pickering","1d","Total",-1,-53.68,-70.2,0.660558231617379,0.78,0.77550759946325,12,0.4191,-0.21707477584852,"Pickering|Total|1d"
41,"Ajax","1d","Total",-6,-95.69,-94.45,1.6007869379031,0.44,0.439297063410755,19,0.6803,0.377677219079076,"Ajax|Total|1d"
41,"Pickering","3d","Total",7,-266.55,-255.55,0.886988714654484,0.71,0.711313516612138,44,0.2253,0.303731225960715,"Pickering|Total|3d"
41,"Ajax","3d","Total",6,-242.22,-232.4,1.0547391890819,0.82,0.82110981010567,42,0.5264,0.339311849932681,"Ajax|Total|3d"
41,"Ajax","5d","Total",-4,-415.42,-392.41,0.586950954082758,0.91,0.906783433762524,63,0.0996,0.206444705760559,"Ajax|Total|5d"
41,"Ajax","7d","Total",4,-420.57,-397.45,0.90126881385787,0.84,0.843865515451731,69,0.2176,0.369730564348705,"Ajax|Total|7d"
42,"Pickering","1d","Elementary",1,-122.11,-120.48,1.28502824000946,0.81,0.81457036297362,23,0.6747,-0.122296967549274,"Pickering|Elementary|1d"
42,"Ajax","1d","Elementary",-4,-67.75,-74.63,0.655150461557619,0.84,0.843945472118365,12,0.4876,-0.304242326105409,"Ajax|Elementary|1d"
42,"Pickering","5d","Elementary",-2,-215.1,-207.27,0.903285372686471,0.82,0.815765491175016,37,0.0951,0.224141624214163,"Pickering|Elementary|5d"
42,"Ajax","7d","Elementary",6,-343.69,-321.89,0.895637520799168,0.91,0.90525994776569,62,0.3955,0.354371652454698,"Ajax|Elementary|7d"
42,"Pickering","1d","Secondary",7,-125.86,-124.81,0.793811770843981,0.58,0.580193770875624,20,0.8267,-0.00993200127153118,"Pickering|Secondary|1d"
42,"Ajax","1d","Secondary",-6,-97.43,-99.47,0.698508644250462,0.69,0.6907029188766,16,0.8141,-0.0854917166473472,"Ajax|Secondary|1d"
42,"Pickering","5d","Secondary",-1,-277.88,-269.8,0.477035264262259,0.82,0.818786828827677,38,0.6614,0.305051850480176,"Pickering|Secondary|5d"
42,"Pickering","1d","Total",1,-130.89,-129.07,1.09223266204861,0.78,0.77705835067994,23,0.0934,-0.0251385065599756,"Pickering|Total|1d"
42,"Ajax","1d","Total",-4,-80.91,-88.3,0.363777678219949,0.93,0.925190801869738,12,0.4304,-0.323519652289526,"Ajax|Total|1d"
42,"Ajax","3d","Total",6,-311.21,-296.59,0.914558784201725,0.88,0.881440329918639,51,0.2318,0.341201764342185,"Ajax|Total|3d"
42,"Pickering","5d","Total",-1,-237.74,-229.46,0.720806362646026,0.85,0.853556753630729,38,0.3722,0.388750845524353,"Pickering|Total|5d"
42,"Ajax","7d","Total",7,-373.08,-352.8,0.617754740342653,0.92,0.922582524483232,60,0.834,0.298927459031434,"Ajax|Total|7d"
43,"Pickering","1d","Elementary",-7,-103.44,-102.66,1.38862574469308,0.63,0.633191885190345,20,0.1151,0.094429168103926,"Pickering|Elementary|1d"
43,"Ajax","1d","Elementary",1,-68.98,-69.95,1.94397404048269,0.3,0.298591007268155,16,0.6577,0.224769125380381,"Ajax|Elementary|1d"
43,"Ajax","3d","Elementary",0,-239.58,-227.47,1.64887752143563,0.69,0.691419055388296,48,0.6867,0.381979097304495,"Ajax|Elementary|3d"
43,"Ajax","7d","Elementary",-1,-402.18,-372.97,1.07996642882089,0.84,0.842028605137949,73,0.1553,0.342344534694232,"Ajax|Elementary|7d"
43,"Pickering","1d","Secondary",-6,-138.56,-137.92,0.708930983695884,0.71,0.711979047238989,22,0.6549,0.0579765976354201,"Pickering|Secondary|1d"
43,"Ajax","1d","Secondary",-6,-82.18,-89.15,0.563926026394173,0.74,0.744813930295891,14,0.2549,0.0547203766642321,"Ajax|Secondary|1d"
43,"Pickering","1d","Total",0,-121.63,-124.71,0.608623959195196,0.89,0.893786027133677,20,0.3402,-0.133489123189681,"Pickering|Total|1d"
43,"Ajax","1d","Total",1,-76.98,-79.42,1.32841360826281,0.47,0.470621285596485,16,0.1085,0.105764323464339,"Ajax|Total|1d"
44,"Pickering","1d","Elementary",6,-77.74,-77.43,1.96895145500551,0.35,0.347092760344722,19,0.1012,0.264043203724865,"Pickering|Elementary|1d"
44,"Ajax","1d","Elementary",-6,-84.13,-90.76,1.20976846873711,0.8,0.804910436553957,19,0.9917,0.180499336212267,"Ajax|Elementary|1d"
44,"Pickering","3d","Elementary",-4,-220.63,-211.06,1.3364951063689,0.79,0.793410934582233,41,0.3083,0.392128365175576,"Pickering|Elementary|3d"
44,"Pickering","5d","Elementary",5,-269.02,-261.81,0.438237090501463,0.91,0.91364663939461,38,0.8005,0.0615378127636728,"Pickering|Elementary|5d"
44,"Pickering","1d","Secondary",1,-143.15,-140.64,0.969560067890855,0.43,0.431602101584484,25,0.9336,0.304702767117737,"Pickering|Secondary|1d"
44,"Ajax","1d","Secondary",-6,-104.69,-107.08,0.887392146945869,0.61,0.610453396352256,19,0.5404,0.391737645414049,"Ajax|Secondary|1d"
44,"Pickering","3d","Secondary",-3,-308.83,-299.53,0.526261433632572,0.7,0.698931048906654,43,0.297,0.360538888721822,"Pickering|Secondary|3d"
44,"Pickering","5d","Secondary",4,-325.71,-317.52,0.227075135146433,0.94,0.944240825441854,38,0.4613,0.215160797026564,"Pickering|Secondary|5d"
44,"Ajax","5d","Secondary",1,-380.11,-362.01,0.506860855050366,0.87,0.867375931991403,58,0.4294,0.35602302816364,"Ajax|Secondary|5d"
44,"Ajax","7d","Secondary",-2,-556.93,-529.81,0.419154851582585,0.91,0.909439243418856,73,0.342,0.121767967201894,"Ajax|Secondary|7d"
44,"Pickering","1d","Total",-5,-73.86,-74.97,1.45384149736438,0.52,0.524999440636069,15,0.9996,0.282721522347859,"Pickering|Total|1d"
44,"Ajax","1d","Total",1,-94.95,-99.3,1.24790523181416,0.74,0.74428216421442,21,0.8107,0.394006827674114,"Ajax|Total|1d"
44,"Pickering","3d","Total",-6,-238.74,-228.71,1.08112976295164,0.74,0.735416776767082,42,0.4334,0.29511843037006,"Pickering|Total|3d"
44,"Pickering","5d","Total",6,-289.42,-282.6,0.330157196212012,0.92,0.921432431020084,38,0.8698,-0.0835984130338915,"Pickering|Total|5d"
44,"Ajax","5d","Total",3,-373.58,-354.73,0.580376417966221,0.93,0.931001304441563,58,0.3319,0.345239968260089,"Ajax|Total|5d"
45,"Pickering","1d","Elementary",2,-80.11,-81.26,1.15580535457893,0.62,0.622736341460822,15,0.0821,0.303222792990957,"Pickering|Elementary|1d"
45,"Ajax","1d","Elementary",1,-88,-86.52,2.30405363937168,0.42,0.422885937604833,20,0.1998,0.340207937201242,"Ajax|Elementary|1d"
45,"Ajax","5d","Elementary",-7,-366.09,-342.59,0.852414270938075,0.88,0.875025826325016,64,0.5751,0.344814325172496,"Ajax|Elementary|5d"
45,"Pickering","1d","Secondary",0,-105.09,-105.93,0.868939978909594,0.38,0.375182813761733,18,0.2883,0.2254530691696,"Pickering|Secondary|1d"
45,"Ajax","1d","Secondary",0,-90.38,-90.86,0.999482713249612,0.53,0.529489682876265,16,0.8702,0.0571456775697009,"Ajax|Secondary|1d"
45,"Ajax","3d","Secondary",0,-365.18,-350.74,0.702066433213988,0.82,0.820687715225275,54,0.3787,0.376183259269332,"Ajax|Secondary|3d"
45,"Ajax","5d","Secondary",-7,-454.32,-431.86,0.527247867176845,0.87,0.867045521972264,64,0.2655,0.315894552288082,"Ajax|Secondary|5d"
45,"Pickering","1d","Total",0,-77.51,-81.24,1.17011740183402,0.54,0.535080153973343,16,0.9335,0.362950067593052,"Pickering|Total|1d"
45,"Ajax","1d","Total",-1,-72.69,-80.67,0.78726574334993,0.89,0.886589500143046,14,0.1215,-0.349473598465245,"Ajax|Total|1d"
45,"Ajax","5d","Total",-7,-409.83,-386.25,0.607061619637636,0.9,0.903790653461998,64,0.3307,0.268672663096349,"Ajax|Total|5d"
46,"Pickering","1d","Elementary",1,-123.03,-120.32,1.48597841861458,0.69,0.686016829445938,25,0.4187,0.202325571653627,"Pickering|Elementary|1d"
46,"Ajax","1d","Elementary",-6,-80.48,-82.98,1.44702672765521,0.66,0.65877109465062,18,0.0726,-0.135116065347252,"Ajax|Elementary|1d"
46,"Pickering","3d","Elementary",-3,-255.28,-242.95,1.22115812724222,0.46,0.459773449326217,47,0.5562,0.351245262169705,"Pickering|Elementary|3d"
46,"Ajax","7d","Elementary",-7,-376.85,-353.79,0.783050571892763,0.89,0.89250308022002,63,0.5,0.369146714345009,"Ajax|Elementary|7d"
46,"Pickering","1d","Secondary",1,-145.95,-142.66,1.07613926519503,0.23,0.226517459967668,26,0.1988,0.254643061801432,"Pickering|Secondary|1d"
46,"Ajax","1d","Secondary",-6,-98.47,-98.63,1.07144201773159,0.34,0.342576967379233,18,0.872,0.395120238611281,"Ajax|Secondary|1d"
46,"Ajax","3d","Secondary",6,-248.26,-236.91,1.3086921517222,0.54,0.544395809674632,47,0.9302,0.300153010801521,"Ajax|Secondary|3d"
46,"Ajax","7d","Secondary",-7,-479.88,-457.6,0.39998645134474,0.92,0.918182887237173,63,0.0767,0.351125318380714,"Ajax|Secondary|7d"
46,"Pickering","1d","Total",1,-132.69,-129.95,1.24597030045279,0.64,0.640791474561341,25,0.526,0.234980919688564,"Pickering|Total|1d"
46,"Ajax","1d","Total",1,-83.56,-84.45,1.59733409048846,0.49,0.493643794806262,19,0.2672,0.386590474982089,"Ajax|Total|1d"
46,"Pickering","3d","Total",-3,-271.73,-259.81,0.957835153744047,0.52,0.52442088290993,46,0.3321,0.381029142587881,"Pickering|Total|3d"
46,"Ajax","7d","Total",-7,-420.11,-397.09,0.540034835402973,0.92,0.921765753079551,63,0.859,0.258660303275208,"Ajax|Total|7d"
47,"Pickering","1d","Elementary",1,-77.72,-77.9,1.63469928004375,0.38,0.380013645607885,16,0.4265,0.225006975937635,"Pickering|Elementary|1d"
47,"Ajax","1d","Elementary",-7,-51.96,-59.31,0.945521729263653,0.75,0.754918960098092,11,0.0828,0.0298638887177018,"Ajax|Elementary|1d"
47,"Pickering","5d","Elementary",-1,-336.97,-324.71,0.534960730565991,0.92,0.919862429404355,47,0.5876,0.274661512837935,"Pickering|Elementary|5d"
47,"Ajax","5d","Elementary",7,-265.16,-254.03,0.770775205950614,0.91,0.910220488496233,45,0.0697,0.168143597369975,"Ajax|Elementary|5d"
47,"Pickering","7d","Elementary",5,-300.68,-291.53,0.451596846340883,0.96,0.958324747246175,46,0.1371,0.340906374878013,"Pickering|Elementary|7d"
47,"Pickering","1d","Secondary",1,-102.91,-103.66,0.789164413877887,0.43,0.43221725294407,17,0.6036,0.268509080105755,"Pickering|Secondary|1d"
47,"Ajax","1d","Secondary",-6,-74.9,-82.04,0.474912883704207,0.78,0.77756718417213,12,0.8784,0.119481005071215,"Ajax|Secondary|1d"
47,"Pickering","5d","Secondary",1,-379.56,-367.98,0.254306906476338,0.93,0.931962176377019,47,0.9124,0.361788845604301,"Pickering|Secondary|5d"
47,"Ajax","5d","Secondary",5,-316.77,-304.33,0.700002209069424,0.78,0.77657585446495,48,0.1171,0.378330002104283,"Ajax|Secondary|5d"
47,"Pickering","7d","Secondary",4,-374.04,-366.96,0.21727501582749,0.93,0.934641134762902,47,0.787,-0.0264665240791247,"Pickering|Secondary|7d"
47,"Pickering","1d","Total",1,-83.81,-84.03,1.34913886143185,0.41,0.414607441681167,16,0.3116,0.162906836414669,"Pickering|Total|1d"
47,"Ajax","1d","Total",1,-56.67,-61.1,1.46022483976577,0.66,0.658299907386064,13,0.9013,0.0585994840258425,"Ajax|Total|1d"
47,"Pickering","5d","Total",-1,-356.51,-344.03,0.413345514205713,0.93,0.93061393627986,47,0.8584,0.176326620605918,"Pickering|Total|5d"
47,"Ajax","5d","Total",6,-289.53,-277.35,0.665244876704851,0.92,0.920587689349014,47,0.5865,0.267117462279336,"Ajax|Total|5d"
47,"Pickering","7d","Total",5,-328.71,-321.16,0.326059958686272,0.97,0.965476437712125,46,0.2735,0.169702916294353,"Pickering|Total|7d"
48,"Pickering","1d","Elementary",6,-59.04,-62.04,1.43726111400665,0.46,0.462819724752865,13,0.6414,0.326705979464849,"Pickering|Elementary|1d"
48,"Ajax","1d","Elementary",-7,-56.17,-76.25,0.722096499252723,0.9,0.897913156386953,14,0.4841,0.154285235382085,"Ajax|Elementary|1d"
48,"Pickering","3d","Elementary",-4,-210.46,-203.16,0.929466018621669,0.73,0.727299045539536,37,0.8559,0.356532291660862,"Pickering|Elementary|3d"
48,"Pickering","5d","Elementary",-7,-351.97,-336.19,0.663416341838862,0.83,0.832305029099699,53,0.0671,0.360692765995476,"Pickering|Elementary|5d"
48,"Pickering","7d","Elementary",5,-387.1,-371.62,0.813540154941789,0.91,0.909221700613391,60,0.4133,0.359432927334728,"Pickering|Elementary|7d"
48,"Pickering","1d","Secondary",-1,-93.86,-93.68,0.720888032490609,0,4.12671368050306e-05,14,0.9678,0.335702453877716,"Pickering|Secondary|1d"
48,"Ajax","1d","Secondary",-6,-92.85,-93.54,1.03726140187932,0.41,0.408441040858621,17,0.1178,0.325795504807373,"Ajax|Secondary|1d"
48,"Pickering","3d","Secondary",3,-298.63,-286.69,0.604353652377626,0.65,0.652676141465538,45,0.3355,0.377557010118609,"Pickering|Secondary|3d"
48,"Pickering","5d","Secondary",3,-517.5,-492.53,0.320683250441197,0.88,0.88106771398966,66,0.289,0.378054012531078,"Pickering|Secondary|5d"
48,"Pickering","1d","Total",7,-72.6,-74.38,1.06637140946482,0.5,0.50310557365759,14,0.392,0.0450638888353642,"Pickering|Total|1d"
48,"Ajax","1d","Total",1,-77.04,-77.42,1.91443711155097,0.43,0.434155278590108,18,0.7118,0.394826874643418,"Ajax|Total|1d"
48,"Pickering","3d","Total",-5,-209.92,-206.15,0.663538770597131,0.79,0.788018851501293,35,0.6495,0.366803788554005,"Pickering|Total|3d"
48,"Pickering","5d","Total",-6,-366.83,-350.95,0.627197069560203,0.8,0.800684464284825,54,0.486,0.394789235499163,"Pickering|Total|5d"
48,"Pickering","7d","Total",5,-412.89,-397.22,0.655200450926714,0.91,0.905267722369533,60,0.0859,0.299801165024036,"Pickering|Total|7d"
49,"Pickering","1d","Elementary",1,-116.4,-114.61,1.55655417117636,0.58,0.576769767402736,24,0.9399,0.306224437399202,"Pickering|Elementary|1d"
49,"Ajax","1d","Elementary",-4,-65.81,-67.15,1.74071429815254,0.4,0.397971207084931,15,0.7964,0.178220815958721,"Ajax|Elementary|1d"
49,"Pickering","3d","Elementary",0,-227.31,-215.38,1.38734202397098,0.59,0.594696754428379,45,0.9359,0.349266904192752,"Pickering|Elementary|3d"
49,"Pickering","5d","Elementary",1,-256.52,-244.17,1.03703121538254,0.71,0.705710121226739,46,0.209,0.286268424621167,"Pickering|Elementary|5d"
49,"Pickering","1d","Secondary",0,-139.87,-137.9,0.865180555664481,0.33,0.32804476141866,22,0.9593,0.332333704171881,"Pickering|Secondary|1d"
49,"Ajax","1d","Secondary",-5,-84.73,-90.82,0.536932634187919,0.85,0.845861078138344,14,0.3998,-0.191041646724873,"Ajax|Secondary|1d"
49,"Pickering","3d","Secondary",1,-322.31,-310.13,0.468869159266625,0.75,0.749556519331764,46,0.9388,0.212218038597263,"Pickering|Secondary|3d"
49,"Pickering","5d","Secondary",0,-319.84,-307.38,0.511174484387635,0.71,0.705829777906974,46,0.4028,0.20171377391055,"Pickering|Secondary|5d"
49,"Pickering","1d","Total",-1,-92.89,-92.19,1.34955278041181,0.23,0.230568573403601,18,0.5081,0.17731311874961,"Pickering|Total|1d"
49,"Ajax","1d","Total",-4,-71.69,-74.39,1.28803024832474,0.56,0.560050411114295,15,0.2686,-0.00432511282387197,"Ajax|Total|1d"
49,"Pickering","3d","Total",0,-252.81,-240.9,1.03539835722347,0.66,0.661399571051579,45,0.6759,0.33258622738707,"Pickering|Total|3d"
49,"Pickering","5d","Total",0,-278.9,-266.74,0.855567588818562,0.68,0.675869725564426,46,0.7071,0.274814583678505,"Pickering|Total|5d"
50,"Pickering","1d","Elementary",3,-58.89,-60.01,1.48340975388566,0.11,0.114341083315347,12,0.3954,0.123082687163873,"Pickering|Elementary|1d"
50,"Ajax","1d","Elementary",-4,-68.24,-72.12,1.39866408694294,0.66,0.659010026702506,15,0.9782,0.300220131161945,"Ajax|Elementary|1d"
50,"Pickering","3d","Elementary",3,-194.27,-185.49,1.46285921724932,0.68,0.682534509707271,39,0.9301,0.386592013857107,"Pickering|Elementary|3d"
50,"Ajax","3d","Elementary",7,-285.36,-269.78,1.30459732281497,0.85,0.845195389623399,53,0.7242,0.34117784284623,"Ajax|Elementary|3d"
50,"Pickering","7d","Elementary",-3,-295.57,-290.61,0.344047378681833,0.97,0.971432576048158,41,0.3721,0.140086636584534,"Pickering|Elementary|7d"
50,"Ajax","7d","Elementary",-4,-257.24,-248.38,0.747202718503452,0.9,0.903221263078154,45,0.1382,0.280566966906115,"Ajax|Elementary|7d"
50,"Pickering","1d","Secondary",1,-101.75,-101.62,0.916114105964805,0.3,0.296086813755645,17,0.4001,0.265381849778078,"Pickering|Secondary|1d"
50,"Ajax","1d","Secondary",1,-94.45,-93.71,1.52159342539909,0.49,0.489232748496155,21,0.2001,-0.0788183845732169,"Ajax|Secondary|1d"
50,"Pickering","3d","Secondary",-3,-289.07,-280.27,0.432022334190176,0.84,0.844904521084557,39,0.6389,0.0103070919123927,"Pickering|Secondary|3d"
50,"Ajax","3d","Secondary",-3,-282.9,-267.2,1.04210386003611,0.66,0.65968465268091,52,0.281,0.330442131968111,"Ajax|Secondary|3d"
50,"Pickering","7d","Secondary",-6,-256.06,-251.68,0.359920781808731,0.86,0.857081183100799,35,0.1129,0.364769339032233,"Pickering|Secondary|7d"
50,"Ajax","7d","Secondary",-4,-360.23,-348.59,0.294993485415595,0.83,0.833717678296319,45,0.3924,0.245846287863418,"Ajax|Secondary|7d"
50,"Pickering","1d","Total",7,-62.47,-63.21,1.53197700073652,0.14,0.137294678379527,13,0.1266,0.39244844869015,"Pickering|Total|1d"
50,"Ajax","1d","Total",-4,-71.88,-77.53,1.08769761063956,0.71,0.712219542792296,15,0.9883,0.339803899712203,"Ajax|Total|1d"
50,"Pickering","3d","Total",3,-227.58,-219.89,0.811639043285756,0.86,0.856621846480872,38,0.5871,0.339229155123207,"Pickering|Total|3d"
50,"Ajax","3d","Total",7,-321.45,-304.98,0.824380259307776,0.9,0.895822227893796,53,0.1176,0.232025116152098,"Ajax|Total|3d"
50,"Ajax","5d","Total",-6,-357.17,-339.04,0.804709816360207,0.84,0.836719489769742,57,0.4123,0.331128705427058,"Ajax|Total|5d"
50,"Pickering","7d","Total",-3,-311.5,-308.57,0.265922334690489,0.98,0.975211049383603,41,0.5781,0.16840805012418,"Pickering|Total|7d"
50,"Ajax","7d","Total",-4,-279.48,-270.82,0.577385562339845,0.91,0.908193632020826,45,0.2493,0.260346300202209,"Ajax|Total|7d"
51,"Pickering","1d","Elementary",-6,-67.16,-67.09,2.29124446806769,0.42,0.415230107259791,17,0.4716,0.329189477686636,"Pickering|Elementary|1d"
51,"Ajax","1d","Elementary",1,-69.15,-72.96,1.00446572459195,0.79,0.789108049103543,14,0.2743,-0.342627585892106,"Ajax|Elementary|1d"
51,"Pickering","1d","Secondary",1,-126.48,-124.92,0.890925407227128,0.5,0.504590629777458,21,0.6341,-0.0323802655452104,"Pickering|Secondary|1d"
51,"Ajax","1d","Secondary",-6,-75.86,-78.73,0.627126706655527,0.71,0.707187841388435,12,0.7756,0.0147926540116071,"Ajax|Secondary|1d"
51,"Pickering","3d","Secondary",0,-476.75,-457.99,0.568598789381322,0.63,0.633680933980445,67,0.4029,0.367395182327459,"Pickering|Secondary|3d"
51,"Pickering","7d","Secondary",-5,-506.73,-479.97,0.423344971542432,0.79,0.785185726745497,69,0.3969,0.31633239286425,"Pickering|Secondary|7d"
51,"Pickering","1d","Total",-6,-73.78,-73.8,1.91137324981956,0.35,0.345806475621466,17,0.421,0.332272835820388,"Pickering|Total|1d"
51,"Ajax","1d","Total",1,-67.13,-72.02,1.04465635395474,0.73,0.734607584755783,14,0.5908,-0.184591004789732,"Ajax|Total|1d"
52,"Pickering","1d","Elementary",7,-81.64,-82.8,1.57590799217751,0.66,0.65907427784752,18,0.7816,0.210328941175907,"Pickering|Elementary|1d"
52,"Ajax","1d","Elementary",1,-88.72,-87.33,2.20018332641671,0.46,0.460782864717344,21,0.7453,0.218181381026818,"Ajax|Elementary|1d"
52,"Pickering","5d","Elementary",0,-273.89,-260.45,0.911062421221775,0.83,0.826599368302886,49,0.1456,0.285394438133772,"Pickering|Elementary|5d"
52,"Pickering","1d","Secondary",1,-142.73,-140.84,0.838456596002363,0.53,0.5309915078054,24,0.4663,0.214109981714024,"Pickering|Secondary|1d"
52,"Ajax","1d","Secondary",-6,-117.38,-117.02,0.746738844487582,0.69,0.692824155944251,19,0.4166,0.107479642932406,"Ajax|Secondary|1d"
52,"Pickering","3d","Secondary",-1,-445.25,-424.22,0.376150470085157,0.84,0.838776678327193,60,0.4057,0.120636549082466,"Pickering|Secondary|3d"
52,"Pickering","5d","Secondary",0,-369.55,-355.66,0.351335353664986,0.83,0.832769735210855,49,0.7698,-0.0585237705925753,"Pickering|Secondary|5d"
52,"Ajax","5d","Secondary",7,-432.82,-415.58,0.577517417891215,0.85,0.851293051527299,61,0.1583,0.294302930553026,"Ajax|Secondary|5d"
52,"Ajax","7d","Secondary",4,-487.1,-462.3,0.445882964887007,0.9,0.897784859263384,67,0.096,0.336150451555279,"Ajax|Secondary|7d"
52,"Pickering","1d","Total",7,-92.31,-92.54,1.26072189754706,0.6,0.59868121398264,18,0.8628,0.389534299366585,"Pickering|Total|1d"
52,"Ajax","1d","Total",-7,-70.62,-98.21,0.370707237974556,0.96,0.958717615664606,15,0.9249,-0.249809066249562,"Ajax|Total|1d"
52,"Pickering","5d","Total",0,-305.57,-292.1,0.669263861782713,0.84,0.840914584637224,49,0.1606,0.238458020461401,"Pickering|Total|5d"
53,"Pickering","1d","Elementary",5,-48.33,-70.39,0.593584534808575,0.9,0.896193544313681,12,0.1812,-0.100151451973045,"Pickering|Elementary|1d"
53,"Ajax","1d","Elementary",-6,-93.16,-92.94,1.3718073789161,0.71,0.708611249717349,19,0.9867,-0.115957560965007,"Ajax|Elementary|1d"
53,"Pickering","1d","Secondary",1,-131.28,-131.79,0.570584147961689,0.7,0.703093507177338,20,0.0831,0.242761190638863,"Pickering|Secondary|1d"
53,"Ajax","1d","Secondary",-6,-105.31,-128.62,0.345384615903823,0.94,0.940829555864471,19,0.5165,-0.297812130948616,"Ajax|Secondary|1d"
53,"Pickering","1d","Total",-1,-77.31,-81.85,0.985708917288263,0.48,0.478343980256873,15,0.2369,0.24177612171128,"Pickering|Total|1d"
53,"Ajax","1d","Total",-6,-97.22,-98.21,1.11722500924964,0.71,0.709700695514003,19,0.8628,-0.0840779810094272,"Ajax|Total|1d"
54,"Pickering","1d","Elementary",-7,-70.64,-71.38,1.16497583562618,0.14,0.139303064526288,13,0.9121,0.390379113895127,"Pickering|Elementary|1d"
54,"Ajax","1d","Elementary",-6,-82.87,-82.19,2.01470959770239,0.44,0.437865578671086,19,0.7008,0.249528290771359,"Ajax|Elementary|1d"
54,"Pickering","5d","Elementary",3,-377.27,-354.56,1.10839018355519,0.76,0.761124322234406,68,0.0915,0.371051777332356,"Pickering|Elementary|5d"
54,"Pickering","7d","Elementary",-3,-221.78,-217.2,0.710157495619426,0.88,0.881504493910613,39,0.6052,0.0670634084678442,"Pickering|Elementary|7d"
54,"Ajax","7d","Elementary",3,-360.9,-341.47,0.664177876586041,0.91,0.914043496865747,59,0.3366,0.360997227088094,"Ajax|Elementary|7d"
54,"Pickering","1d","Secondary",1,-95.26,-98.03,0.86812106573889,0.53,0.527412026745994,17,0.243,0.266113279641821,"Pickering|Secondary|1d"
54,"Ajax","1d","Secondary",-6,-104.55,-104.36,1.0568715220362,0.41,0.409723771211337,19,0.9651,0.396776704453313,"Ajax|Secondary|1d"
54,"Ajax","5d","Secondary",5,-447.92,-424.02,0.561969139223721,0.86,0.863556208440286,65,0.0644,0.355956886195072,"Ajax|Secondary|5d"
54,"Ajax","7d","Secondary",-4,-484.24,-464.65,0.290666593048349,0.95,0.952156429165144,59,0.1967,0.114702269802793,"Ajax|Secondary|7d"
54,"Pickering","1d","Total",-7,-66.41,-67.67,1.08536501100806,0.15,0.152247164466188,12,0.9129,0.393213517650531,"Pickering|Total|1d"
54,"Ajax","1d","Total",-6,-92.92,-91.92,1.58724333707047,0.44,0.441255406304757,19,0.8541,0.195821685290764,"Ajax|Total|1d"
54,"Pickering","5d","Total",3,-406.15,-381.89,0.870701357937394,0.77,0.76697492691981,68,0.275,0.399644864086852,"Pickering|Total|5d"
54,"Ajax","5d","Total",1,-440.86,-418.02,0.687467814060407,0.91,0.913093056496569,66,0.4388,0.389115749439734,"Ajax|Total|5d"
54,"Pickering","7d","Total",-3,-241.97,-233.24,0.792089630499464,0.76,0.7633414140112,39,0.5998,0.259490203055516,"Pickering|Total|7d"
54,"Ajax","7d","Total",1,-396.89,-376.92,0.585432828309557,0.89,0.886844179106085,59,0.3949,0.38520232163628,"Ajax|Total|7d"
55,"Pickering","1d","Elementary",1,-86.86,-87.29,1.13005762295487,0.48,0.482670499635519,16,0.884,0.348903328811654,"Pickering|Elementary|1d"
55,"Ajax","1d","Elementary",-1,-65.38,-68.16,1.74511658271983,0.67,0.665904382031411,15,0.1251,-0.211815985406118,"Ajax|Elementary|1d"
55,"Pickering","3d","Elementary",7,-272.04,-257.27,1.3531042366919,0.71,0.71295920797406,52,0.8109,0.314852081546834,"Pickering|Elementary|3d"
55,"Pickering","5d","Elementary",-2,-248.51,-242.03,0.460768934432296,0.91,0.912893050642518,35,0.6448,0.188340084177639,"Pickering|Elementary|5d"
55,"Pickering","7d","Elementary",3,-273.04,-257.26,1.22287347749917,0.77,0.766856904738634,52,0.8082,0.354494847685921,"Pickering|Elementary|7d"
55,"Pickering","1d","Secondary",-6,-81.17,-94.06,0.425269111270393,0.8,0.803118370604832,14,0.4037,0.0153874460702816,"Pickering|Secondary|1d"
55,"Ajax","1d","Secondary",0,-101.45,-100.82,0.96611658890418,0.57,0.567670548799278,17,0.3926,0.358198442528587,"Ajax|Secondary|1d"
55,"Pickering","3d","Secondary",5,-384.88,-369.54,0.6321273210935,0.7,0.698677876696195,56,0.7364,0.387230800322048,"Pickering|Secondary|3d"
55,"Ajax","3d","Secondary",-5,-328.66,-312.13,0.752521331110255,0.76,0.760170578287158,53,0.1472,0.323690275963354,"Ajax|Secondary|3d"
55,"Pickering","5d","Secondary",-1,-290.67,-288.27,0.227063367914247,0.95,0.945887508303346,37,0.8659,0.157155534915642,"Pickering|Secondary|5d"
55,"Pickering","1d","Total",-6,-59.41,-68.25,1.01844057498906,0.68,0.681123047606203,13,0.629,0.187424728184831,"Pickering|Total|1d"
55,"Ajax","1d","Total",-1,-73.29,-75.87,1.2903050865354,0.66,0.663449608590759,15,0.9263,-0.216447464799445,"Ajax|Total|1d"
55,"Pickering","3d","Total",7,-289.58,-275.27,1.10834324582636,0.7,0.695821971694817,51,0.9357,0.366583015415545,"Pickering|Total|3d"
55,"Pickering","5d","Total",0,-284.54,-277.15,0.536927985231149,0.84,0.844626649464876,39,0.2836,0.341564598870095,"Pickering|Total|5d"
55,"Pickering","7d","Total",3,-306.06,-290.28,0.900933620363372,0.79,0.791538202615519,52,0.7016,0.325568593130954,"Pickering|Total|7d"
56,"Pickering","1d","Elementary",-1,-72.81,-81.46,0.57551040035839,0.88,0.884114389883556,13,0.059,0.0981624634906778,"Pickering|Elementary|1d"
56,"Ajax","1d","Elementary",1,-76.66,-87.77,0.865561875158089,0.86,0.859857808023566,17,0.2059,-0.0383714975579056,"Ajax|Elementary|1d"
56,"Pickering","1d","Secondary",1,-119.55,-120.28,0.57485081623651,0.65,0.645033901309241,18,0.4734,0.177078627480719,"Pickering|Secondary|1d"
56,"Ajax","1d","Secondary",0,-86.04,-92.49,0.517784576214625,0.88,0.882338117657717,14,0.1469,-0.0946333834166319,"Ajax|Secondary|1d"
56,"Pickering","1d","Total",-1,-79.49,-85.71,0.433497164418858,0.92,0.923194894083001,12,0.7372,0.135753669381994,"Pickering|Total|1d"
56,"Ajax","1d","Total",1,-79.35,-90.22,0.807865487592383,0.83,0.829069210202526,17,0.4219,-0.05014529267891,"Ajax|Total|1d"
57,"Pickering","1d","Elementary",6,-64.11,-69.89,1.35738308069269,0.75,0.747897051582515,15,0.5693,0.185686476715219,"Pickering|Elementary|1d"
57,"Ajax","1d","Elementary",-6,-68.5,-78.8,0.639267252683804,0.79,0.789478468909697,13,0.5221,0.235497878324919,"Ajax|Elementary|1d"
57,"Pickering","3d","Elementary",4,-215.75,-205.52,1.19359606220485,0.71,0.705922274582381,42,0.7629,0.351874369213514,"Pickering|Elementary|3d"
57,"Ajax","3d","Elementary",-2,-245.24,-233.55,1.32585404234367,0.71,0.707523508489632,46,0.5202,0.360803864965676,"Ajax|Elementary|3d"
57,"Pickering","7d","Elementary",4,-427.09,-406.43,0.458930477978525,0.96,0.962040860262517,64,0.8735,0.273386324242854,"Pickering|Elementary|7d"
57,"Ajax","7d","Elementary",-1,-352.27,-334.57,0.80773231387987,0.9,0.904861481631892,57,0.1654,0.351433570930567,"Ajax|Elementary|7d"
57,"Pickering","1d","Secondary",1,-140.43,-137.81,1.03092393069375,0.3,0.303241780730103,24,0.9636,0.257488871638123,"Pickering|Secondary|1d"
57,"Ajax","1d","Secondary",-6,-81.8,-82.76,0.727739805009126,0.51,0.508473777645147,13,0.3325,0.34056192054659,"Ajax|Secondary|1d"
57,"Pickering","3d","Secondary",-6,-249.15,-243.94,0.381607112748697,0.85,0.845225001348765,34,0.3583,0.372345830895088,"Pickering|Secondary|3d"
57,"Pickering","7d","Secondary",0,-527.84,-504.95,0.231351279371926,0.94,0.937755359339247,64,0.3873,0.381584786525856,"Pickering|Secondary|7d"
57,"Pickering","1d","Total",3,-74.61,-75,1.74828441392563,0.33,0.325212463499832,16,0.7409,0.192609810787056,"Pickering|Total|1d"
57,"Ajax","1d","Total",-6,-74.34,-79,0.727094801215431,0.47,0.471989007808069,13,0.5546,0.374164873383933,"Ajax|Total|1d"
57,"Pickering","3d","Total",4,-240.29,-230.1,0.903965712064879,0.72,0.715293731387803,42,0.6214,0.375476630977006,"Pickering|Total|3d"
57,"Ajax","3d","Total",7,-268.38,-257.35,0.812021966806534,0.89,0.887758842587749,46,0.287,0.395669497220033,"Ajax|Total|3d"
57,"Pickering","7d","Total",4,-449.37,-427.96,0.395349459356818,0.95,0.954221289192063,64,0.6375,0.289588556335282,"Pickering|Total|7d"
57,"Ajax","7d","Total",-1,-372.66,-354.79,0.668807017309599,0.9,0.897093024679402,57,0.3536,0.35576090964356,"Ajax|Total|7d"
58,"Pickering","1d","Elementary",1,-96.49,-94.95,1.89729701268428,0.52,0.522558674428328,21,0.7084,0.0900539319404475,"Pickering|Elementary|1d"
58,"Ajax","1d","Elementary",3,-64.62,-72.28,0.975535598987467,0.85,0.846255740215525,14,0.1059,-0.120203571068855,"Ajax|Elementary|1d"
58,"Ajax","7d","Elementary",7,-314.39,-308.01,0.577363402623598,0.96,0.956851231889622,55,0.7413,0.235825102956593,"Ajax|Elementary|7d"
58,"Pickering","1d","Secondary",0,-132.41,-130.69,0.893295486549214,0.27,0.268955669871014,21,0.3943,0.174959255472295,"Pickering|Secondary|1d"
58,"Ajax","1d","Secondary",-6,-102.43,-103.72,0.75557135378685,0.62,0.624992101507692,17,0.4042,0.0769605475385572,"Ajax|Secondary|1d"
58,"Ajax","3d","Secondary",-5,-309.39,-294.73,0.974113250592549,0.61,0.605997081109049,52,0.4405,0.395089116182563,"Ajax|Secondary|3d"
58,"Pickering","5d","Secondary",-5,-436.37,-416.68,0.380058618630904,0.83,0.834489973293175,58,0.4606,0.387337244038793,"Pickering|Secondary|5d"
58,"Ajax","5d","Secondary",-5,-380.07,-366.43,0.463047791459123,0.88,0.881276840842233,51,0.1877,0.377160946914188,"Ajax|Secondary|5d"
58,"Ajax","7d","Secondary",3,-417.69,-398.05,0.431996866546889,0.91,0.908854745890426,61,0.1066,0.247585590252966,"Ajax|Secondary|7d"
58,"Pickering","1d","Total",1,-104.55,-103.14,1.55724147020175,0.5,0.498175823811853,21,0.4042,0.151191866882971,"Pickering|Total|1d"
58,"Ajax","1d","Total",-6,-97.08,-96.43,1.15363476305679,0.56,0.564771187722948,17,0.2996,0.36738815290778,"Ajax|Total|1d"
58,"Ajax","7d","Total",5,-378.68,-362.64,0.48703227764598,0.96,0.959578417431394,59,0.6866,0.256439741729172,"Ajax|Total|7d"
59,"Pickering","1d","Elementary",-6,-106.68,-106.2,1.07639157857524,0.78,0.777806432996761,20,0.3417,-0.0699569335530098,"Pickering|Elementary|1d"
59,"Ajax","1d","Elementary",1,-72.19,-72.14,2.12489026967802,0.33,0.329760120349233,17,0.1595,0.260671228418188,"Ajax|Elementary|1d"
59,"Ajax","3d","Elementary",-1,-280.6,-265.42,1.44459746070715,0.75,0.751029002812872,54,0.6389,0.368059160754965,"Ajax|Elementary|3d"
59,"Pickering","5d","Elementary",0,-295.45,-285.12,0.520621684368394,0.87,0.867307868574859,42,0.0828,0.292288157625674,"Pickering|Elementary|5d"
59,"Pickering","7d","Elementary",4,-262.04,-255.32,0.653191472464146,0.93,0.934330462765961,45,0.1605,0.384524629944542,"Pickering|Elementary|7d"
59,"Pickering","1d","Secondary",1,-134.26,-131.64,1.09681735634785,0.16,0.158895296515901,24,0.0512,0.347928297203963,"Pickering|Secondary|1d"
59,"Ajax","1d","Secondary",-6,-99.29,-101.32,0.645336117427117,0.73,0.726893988668645,16,0.5898,0.0181056440901667,"Ajax|Secondary|1d"
59,"Pickering","3d","Secondary",1,-313.52,-303.39,0.4870830584228,0.74,0.735739256504863,43,0.3142,0.26105309363403,"Pickering|Secondary|3d"
59,"Pickering","5d","Secondary",-2,-303.34,-296.05,0.272627319895167,0.89,0.894349477290027,38,0.6564,0.388444274817749,"Pickering|Secondary|5d"
59,"Pickering","7d","Secondary",3,-375.01,-362.66,0.262851624367165,0.91,0.913023527681403,46,0.2186,0.134565948290565,"Pickering|Secondary|7d"
59,"Ajax","7d","Secondary",-5,-506.35,-482.07,0.543001895469858,0.84,0.836598184635338,71,0.0778,0.386258755246022,"Ajax|Secondary|7d"
59,"Pickering","1d","Total",-6,-119.94,-119.95,0.766176412815484,0.84,0.840057207408586,20,0.1648,0.0709328370623624,"Pickering|Total|1d"
59,"Ajax","1d","Total",-1,-74.23,-79.8,0.713936983908,0.84,0.838847379989886,13,0.4686,-0.0992254338725467,"Ajax|Total|1d"
59,"Ajax","3d","Total",-1,-307.89,-293.55,1.13176790550119,0.75,0.751707284627879,54,0.2154,0.369759745066888,"Ajax|Total|3d"
59,"Pickering","5d","Total",-5,-206.16,-206.43,0.519059790068891,0.9,0.900478990698162,33,0.0938,0.089880644575097,"Pickering|Total|5d"
59,"Pickering","7d","Total",5,-272.49,-275.34,0.447189506010304,0.95,0.950257770450736,44,0.0791,0.0927665367106404,"Pickering|Total|7d"
60,"Pickering","1d","Elementary",-6,-75.95,-76.67,2.00439184963383,0.49,0.488215266428967,18,0.4406,0.134778215273832,"Pickering|Elementary|1d"
60,"Ajax","1d","Elementary",-6,-78.53,-77.68,2.15554336516712,0.2,0.195740641888276,18,0.7187,0.220322135576845,"Ajax|Elementary|1d"
60,"Ajax","7d","Elementary",2,-396.92,-373.46,0.905844997917812,0.88,0.884508319235139,66,0.2516,0.392199593801407,"Ajax|Elementary|7d"
60,"Pickering","1d","Secondary",1,-124.81,-125.38,0.833547102209288,0.6,0.598341269404424,22,0.6301,0.100159556373864,"Pickering|Secondary|1d"
60,"Ajax","1d","Secondary",-6,-99.8,-99.95,1.01729826465341,0.39,0.386083007187238,18,0.634,0.194291208404817,"Ajax|Secondary|1d"
60,"Pickering","3d","Secondary",-6,-212.22,-216.47,0.308140656300561,0.93,0.927450881375143,30,0.3807,0.0361858500753521,"Pickering|Secondary|3d"
60,"Ajax","7d","Secondary",-7,-475.75,-455.62,0.27357482034094,0.96,0.95952641356277,60,0.9152,0.295816056458171,"Ajax|Secondary|7d"
60,"Pickering","1d","Total",-6,-84.25,-84.21,1.67237034906283,0.39,0.39276305965183,18,0.8117,0.165527416995219,"Pickering|Total|1d"
60,"Ajax","1d","Total",-6,-87.94,-88.33,1.37429218014238,0.47,0.472410530339083,18,0.3829,-0.023750536029599,"Ajax|Total|1d"
60,"Ajax","7d","Total",4,-430.42,-405.3,0.595602152463758,0.93,0.928198551873515,66,0.5915,0.317181218834805,"Ajax|Total|7d"
61,"Pickering","1d","Elementary",-1,-63.16,-66.6,1.30794932815757,0.6,0.603056930131526,14,0.1273,0.182336072843538,"Pickering|Elementary|1d"
61,"Ajax","1d","Elementary",0,-84.08,-85.24,0.990841542499601,0.89,0.894232553384508,15,0.1871,-0.193849291268609,"Ajax|Elementary|1d"
61,"Ajax","7d","Elementary",-4,-368.67,-349.64,0.65083669588463,0.91,0.912412495526793,57,0.1173,0.376368205600339,"Ajax|Elementary|7d"
61,"Pickering","1d","Secondary",1,-123.12,-122.27,0.696625029132379,0.43,0.430382941574024,19,0.5626,0.259111944455426,"Pickering|Secondary|1d"
61,"Ajax","1d","Secondary",-6,-86.93,-86.95,1.16819131670603,0.18,0.177342107169672,16,0.5545,0.0729720728881642,"Ajax|Secondary|1d"
61,"Ajax","5d","Secondary",-6,-409.06,-389.93,0.673973813031592,0.76,0.757004831797935,61,0.5963,0.353086156326931,"Ajax|Secondary|5d"
61,"Ajax","7d","Secondary",1,-438.05,-418.97,0.360116848036131,0.92,0.921589598762824,57,0.9693,0.171941778884409,"Ajax|Secondary|7d"
61,"Pickering","1d","Total",-1,-66.39,-70.58,0.946091719756372,0.65,0.6485862808767,13,0.2235,0.163665131543686,"Pickering|Total|1d"
61,"Ajax","1d","Total",1,-88.74,-89.95,1.13375350532887,0.72,0.722567330345588,17,0.1689,0.0535389978467499,"Ajax|Total|1d"
61,"Ajax","7d","Total",-3,-383.89,-364.87,0.541087581920002,0.92,0.922036705015242,57,0.3255,0.376379164398636,"Ajax|Total|7d"
62,"Pickering","1d","Elementary",0,-78.6,-81.37,1.03669761764834,0.65,0.653364509347004,15,0.3919,0.220314437209411,"Pickering|Elementary|1d"
62,"Ajax","1d","Elementary",-6,-79.44,-79.89,1.91045536578222,0.57,0.570136057122018,18,0.2365,0.190423425922365,"Ajax|Elementary|1d"
62,"Pickering","3d","Elementary",-3,-147.48,-142.35,1.74808257461643,0.41,0.405598036193429,31,0.5923,0.397381500117309,"Pickering|Elementary|3d"
62,"Ajax","3d","Elementary",-2,-195.68,-189.31,1.49651948793112,0.65,0.650789628054601,37,0.4464,0.393956849949235,"Ajax|Elementary|3d"
62,"Pickering","5d","Elementary",3,-207.26,-197.96,1.23799404155134,0.65,0.64900419538804,40,0.8102,0.344710565332665,"Pickering|Elementary|5d"
62,"Ajax","7d","Elementary",-5,-362.04,-345.06,0.53218266801428,0.94,0.93802954142583,54,0.3233,0.221456653399697,"Ajax|Elementary|7d"
62,"Pickering","1d","Secondary",1,-97.56,-96.75,1.1615949993068,0,6.49656381957452e-05,17,0.6307,0.376419543221884,"Pickering|Secondary|1d"
62,"Ajax","1d","Secondary",0,-89.74,-91.5,0.903312820177678,0.62,0.616047799236716,16,0.3294,-0.10565636634973,"Ajax|Secondary|1d"
62,"Pickering","3d","Secondary",-4,-226.16,-220.79,0.482779168458484,0.75,0.749916825059714,32,0.2514,0.119335022512727,"Pickering|Secondary|3d"
62,"Ajax","3d","Secondary",-5,-245.27,-237.61,0.673710953710383,0.73,0.727119558788649,37,0.6471,0.345787531812802,"Ajax|Secondary|3d"
62,"Pickering","5d","Secondary",2,-276.84,-268.13,0.593180492259746,0.55,0.553452547589035,40,0.8712,0.39987981268634,"Pickering|Secondary|5d"
62,"Ajax","5d","Secondary",3,-348.22,-335.75,0.454123502413513,0.83,0.832104385487127,47,0.4741,0.363650982577291,"Ajax|Secondary|5d"
62,"Ajax","7d","Secondary",-6,-409.02,-391.83,0.369614919246921,0.91,0.907960526909766,54,0.4224,0.320109448238021,"Ajax|Secondary|7d"
62,"Pickering","1d","Total",0,-82.61,-85.26,0.931430385755658,0.6,0.598995609336901,15,0.7058,0.396968453850549,"Pickering|Total|1d"
62,"Ajax","1d","Total",1,-97.37,-102.2,1.07304911886139,0.83,0.831186894735442,20,0.4812,-0.201014479600183,"Ajax|Total|1d"
62,"Pickering","3d","Total",-3,-158.58,-153.8,1.3165047225871,0.49,0.489815420295594,30,0.514,0.384616731216615,"Pickering|Total|3d"
62,"Ajax","3d","Total",0,-205.62,-197.74,1.27738455837677,0.62,0.622655854289206,38,0.3935,0.392194782453964,"Ajax|Total|3d"
62,"Pickering","5d","Total",3,-225.12,-215.81,1.00633465439462,0.65,0.653786880204401,40,0.9737,0.360277048371547,"Pickering|Total|5d"
62,"Ajax","7d","Total",-6,-386.94,-369.74,0.458461166204932,0.93,0.930402163272137,54,0.0845,0.233471923605848,"Ajax|Total|7d"
63,"Pickering","1d","Elementary",-6,-76.3,-78.66,1.42668273897904,0.56,0.558699644438785,17,0.0753,-0.0444407293924433,"Pickering|Elementary|1d"
63,"Ajax","1d","Elementary",1,-100.98,-101.97,1.25539297310185,0.83,0.827004645107271,20,0.2974,-0.103965767913773,"Ajax|Elementary|1d"
63,"Pickering","5d","Elementary",-7,-334.29,-318.67,0.777425818295486,0.81,0.814352703542523,53,0.107,0.373529690827712,"Pickering|Elementary|5d"
63,"Pickering","1d","Secondary",3,-113.1,-112.15,0.958077235429718,0.24,0.239592351898493,19,0.7581,0.3841979020131,"Pickering|Secondary|1d"
63,"Ajax","1d","Secondary",-6,-104.53,-106.29,0.770096681367384,0.64,0.64130970914632,18,0.7076,0.355425401750874,"Ajax|Secondary|1d"
63,"Pickering","3d","Secondary",3,-383.86,-366.81,0.542975426350632,0.74,0.744941048448333,55,0.3583,0.399986929987276,"Pickering|Secondary|3d"
63,"Pickering","1d","Total",-6,-85.8,-85.93,1.3021018482026,0.42,0.419260948976564,17,0.0519,0.154787898370495,"Pickering|Total|1d"
63,"Ajax","1d","Total",1,-104.47,-105.29,1.0926738511326,0.78,0.779339460653735,20,0.4855,0.249736397588075,"Ajax|Total|1d"
64,"Pickering","1d","Elementary",-7,-76.74,-79.79,1.33167566713709,0.67,0.672962896285089,17,0.5216,0.3984088340205,"Pickering|Elementary|1d"
64,"Ajax","1d","Elementary",7,-63.16,-65.68,1.98680027394805,0.67,0.667961504087847,16,0.5666,0.218050034235787,"Ajax|Elementary|1d"
64,"Pickering","3d","Elementary",-3,-269.96,-256.07,1.33611627996465,0.61,0.610530757403766,51,0.1818,0.348504034050435,"Pickering|Elementary|3d"
64,"Ajax","5d","Elementary",5,-368.17,-345.43,1.11633277340171,0.88,0.876692776261712,65,0.0667,0.33414181732139,"Ajax|Elementary|5d"
64,"Pickering","1d","Secondary",1,-121.89,-119.88,1.12621103829854,0.22,0.221927730079357,22,0.1933,0.289512157926707,"Pickering|Secondary|1d"
64,"Ajax","1d","Secondary",-6,-106.76,-106.5,0.983187881193522,0.47,0.468608928092096,19,0.5365,0.359209238521055,"Ajax|Secondary|1d"
64,"Pickering","5d","Secondary",-6,-236.72,-230.71,0.478358459274554,0.72,0.723860931823024,33,0.6684,0.3943215497779,"Pickering|Secondary|5d"
64,"Ajax","5d","Secondary",-5,-456.06,-434.42,0.612636087641098,0.82,0.815021950501054,66,0.8507,0.339992030321296,"Ajax|Secondary|5d"
64,"Pickering","1d","Total",-6,-82.33,-82.93,1.66557460148988,0.45,0.450060837440652,19,0.5362,0.305082608740395,"Pickering|Total|1d"
64,"Ajax","1d","Total",7,-69.67,-71.99,1.59650657627661,0.63,0.633700365751379,16,0.2553,0.290314738509098,"Ajax|Total|1d"
64,"Ajax","5d","Total",4,-395.84,-370.73,0.815065252260659,0.89,0.891522204582738,66,0.2576,0.366316847041769,"Ajax|Total|5d"
65,"Pickering","1d","Elementary",1,-86.75,-88.53,1.43955748358532,0.72,0.719123505540034,19,0.1534,0.0322095629541445,"Pickering|Elementary|1d"
65,"Ajax","1d","Elementary",-3,-42.58,-58.42,0.828736425306015,0.83,0.828603933892499,11,0.132,0.0449334100825516,"Ajax|Elementary|1d"
65,"Pickering","5d","Elementary",7,-394.83,-369.53,1.11910128094883,0.81,0.812821888640435,70,0.3813,0.335120923366652,"Pickering|Elementary|5d"
65,"Pickering","1d","Secondary",-6,-119.97,-121.23,0.649189749801035,0.75,0.748627953400967,19,0.7371,0.0278801459533841,"Pickering|Secondary|1d"
65,"Ajax","1d","Secondary",-6,-87.79,-87.83,1.12913986425907,0.2,0.204284711462978,16,0.3796,0.264950266994643,"Ajax|Secondary|1d"
65,"Pickering","1d","Total",7,-98.1,-100.55,0.776546961080042,0.81,0.80562883552905,17,0.7456,0.0789952644628447,"Pickering|Total|1d"
65,"Ajax","1d","Total",7,-59.66,-77.17,0.711609269114966,0.94,0.93594515646904,14,0.6851,-0.163118360334253,"Ajax|Total|1d"
65,"Pickering","5d","Total",7,-424.03,-398.63,0.916398174729829,0.78,0.783608455280722,70,0.8091,0.395304503038492,"Pickering|Total|5d"
66,"Pickering","1d","Elementary",1,-89.65,-90.15,1.61983627436426,0.56,0.555762686568658,20,0.9145,0.0541534984468587,"Pickering|Elementary|1d"
66,"Ajax","1d","Elementary",-4,-47.82,-55.75,1.55896597464577,0.55,0.548029372296385,13,0.7829,0.0761928009631936,"Ajax|Elementary|1d"
66,"Pickering","5d","Elementary",-7,-256.74,-247.25,0.686182735993135,0.85,0.848739342453447,41,0.3993,0.303920580273341,"Pickering|Elementary|5d"
66,"Pickering","7d","Elementary",4,-333.04,-321.73,0.564041904899926,0.93,0.927823534343314,55,0.9938,0.125180330151137,"Pickering|Elementary|7d"
66,"Pickering","1d","Secondary",1,-148.44,-148.61,0.542339738931,0.84,0.84052533610991,22,0.1305,-0.204155344365941,"Pickering|Secondary|1d"
66,"Ajax","1d","Secondary",-7,-86.31,-88.64,0.816610185437405,0.72,0.721854477320017,15,0.1948,0.162677742186639,"Ajax|Secondary|1d"
66,"Pickering","3d","Secondary",3,-264.23,-257.53,0.402970546812403,0.82,0.816979047815642,36,0.3837,0.260014551158007,"Pickering|Secondary|3d"
66,"Pickering","5d","Secondary",-7,-316.7,-307.03,0.374407238657717,0.77,0.774358118647769,41,0.4114,0.326681212401729,"Pickering|Secondary|5d"
66,"Ajax","7d","Secondary",-5,-506.61,-482.44,0.340231999401085,0.94,0.937235456132044,65,0.755,0.375736813770572,"Ajax|Secondary|7d"
66,"Pickering","1d","Total",1,-101.33,-102.11,1.2201466204773,0.63,0.62683864528295,20,0.9166,-0.0026197192701664,"Pickering|Total|1d"
66,"Ajax","1d","Total",7,-62.28,-62.28,2.25833236921059,0.2,0.196961970828909,15,0.8262,0.35843979584272,"Ajax|Total|1d"
66,"Pickering","5d","Total",-7,-283.85,-275.53,0.451143154525955,0.9,0.904919926705254,41,0.3448,0.238327998963762,"Pickering|Total|5d"
66,"Pickering","7d","Total",2,-365.26,-349.09,0.505236815494339,0.9,0.895530070654927,56,0.2859,0.188252026692608,"Pickering|Total|7d"
67,"Pickering","1d","Elementary",1,-111.21,-109.86,1.4592489608497,0.68,0.684472996754003,23,0.9354,0.260007049934254,"Pickering|Elementary|1d"
67,"Ajax","1d","Elementary",1,-83.91,-86.9,1.63751934702071,0.72,0.721385111132459,20,0.962,0.176021874472887,"Ajax|Elementary|1d"
67,"Pickering","5d","Elementary",0,-405.41,-377.78,0.996523727206036,0.8,0.795287472620276,72,0.2881,0.310603659469666,"Pickering|Elementary|5d"
67,"Pickering","1d","Secondary",1,-151.49,-148.56,0.939384609083583,0.27,0.270750345225178,25,0.3486,0.387111071257882,"Pickering|Secondary|1d"
67,"Ajax","1d","Secondary",-6,-110.04,-108.82,1.08894817919495,0.38,0.376611834956744,19,0.6277,0.289091487837541,"Ajax|Secondary|1d"
67,"Pickering","5d","Secondary",-6,-417.25,-398.36,0.564809451170947,0.66,0.661785405841649,60,0.1693,0.35353811163695,"Pickering|Secondary|5d"
67,"Ajax","7d","Secondary",4,-386.68,-369.72,0.466009184847432,0.85,0.849597488675376,54,0.0788,0.383535500570851,"Ajax|Secondary|7d"
67,"Pickering","1d","Total",1,-120.43,-118.63,1.27498370182476,0.61,0.607491109812358,23,0.9696,0.280319384491312,"Pickering|Total|1d"
67,"Ajax","1d","Total",1,-91.39,-94.12,1.34768414807837,0.71,0.708824129067095,20,0.7257,0.157855034943148,"Ajax|Total|1d"
67,"Pickering","5d","Total",0,-441.54,-415.86,0.825507196158915,0.76,0.762061149349699,72,0.0538,0.251319782132326,"Pickering|Total|5d"
68,"Pickering","1d","Elementary",-4,-68.32,-70.54,0.701996898617108,0.56,0.562984714051277,11,0.2131,-0.338834515252531,"Pickering|Elementary|1d"
68,"Ajax","1d","Elementary",-6,-41.46,-43.01,2.62266333822346,0.1,0.101693180171932,11,0.8384,0.0639469574774398,"Ajax|Elementary|1d"
68,"Pickering","3d","Elementary",-1,-226.38,-218.31,1.32946122914119,0.55,0.549439208746276,41,0.5802,0.385946702251954,"Pickering|Elementary|3d"
68,"Pickering","1d","Secondary",-5,-74.13,-79.18,0.427264738472362,0.81,0.813496389376809,11,0.5078,-0.092736088221219,"Pickering|Secondary|1d"
68,"Ajax","1d","Secondary",-6,-65.01,-67.22,0.845241389119778,0.48,0.476153633218144,11,0.7924,-0.144373438239708,"Ajax|Secondary|1d"
68,"Pickering","3d","Secondary",6,-307.13,-296.95,0.515133352776034,0.69,0.685508191365318,43,0.2616,0.280741110998389,"Pickering|Secondary|3d"
68,"Pickering","1d","Total",-1,-57.75,-74.34,0.427837945552555,0.92,0.917746417768247,11,0.3471,-0.329172330123599,"Pickering|Total|1d"
68,"Ajax","1d","Total",-6,-47.15,-48.96,1.9321203336381,0.16,0.156190144113155,11,0.7803,0.0541055192773514,"Ajax|Total|1d"
68,"Pickering","3d","Total",-6,-214.61,-208.88,0.700337033998425,0.71,0.713708779495282,35,0.8406,0.351446769219991,"Pickering|Total|3d"
69,"Pickering","1d","Elementary",-4,-61.46,-66.38,0.726889542338656,0.64,0.644400607742014,11,0.8386,0.138050220687054,"Pickering|Elementary|1d"
69,"Ajax","1d","Elementary",-6,-80.77,-82.9,1.600151148755,0.65,0.645206344363174,18,0.1561,0.227168111719643,"Ajax|Elementary|1d"
69,"Ajax","5d","Elementary",4,-364.31,-342.22,1.06375127241652,0.87,0.868747663786621,65,0.1449,0.38009226122063,"Ajax|Elementary|5d"
69,"Pickering","7d","Elementary",-7,-248.55,-245.58,0.630330259643581,0.9,0.901857595989796,44,0.5202,-0.0599975345158546,"Pickering|Elementary|7d"
69,"Pickering","1d","Secondary",0,-97.1,-97.15,0.864734541145507,0.17,0.173197680638933,16,0.7207,0.338140593916989,"Pickering|Secondary|1d"
69,"Ajax","1d","Secondary",1,-85.85,-88.5,1.3356998434906,0.71,0.713356782474105,19,0.7479,0.193249868793574,"Ajax|Secondary|1d"
69,"Pickering","3d","Secondary",0,-360.37,-346.97,0.605921742956261,0.65,0.646352594427837,52,0.4738,0.276281714419576,"Pickering|Secondary|3d"
69,"Ajax","3d","Secondary",6,-258.4,-245.47,1.29647377435364,0.49,0.492364527623895,50,0.1971,0.389243138097238,"Ajax|Secondary|3d"
69,"Ajax","7d","Secondary",1,-530.77,-504.96,0.306857580147885,0.96,0.956410714619575,67,0.1634,0.241964485084851,"Ajax|Secondary|7d"
69,"Pickering","1d","Total",-4,-57.33,-61.66,0.924725141621494,0.4,0.401673709241437,11,0.389,0.229988470297826,"Pickering|Total|1d"
69,"Ajax","1d","Total",1,-97.94,-97.29,1.30031373731604,0.68,0.681822050223273,19,0.8903,0.392330085053804,"Ajax|Total|1d"
69,"Pickering","7d","Total",-7,-268.33,-257.58,0.711860232724073,0.78,0.781499887176661,44,0.6051,0.315489309370417,"Pickering|Total|7d"
70,"Pickering","1d","Elementary",-7,-84.15,-85.34,1.3832811074426,0.35,0.345590061568388,17,0.2776,0.209985272805321,"Pickering|Elementary|1d"
70,"Ajax","1d","Elementary",-6,-87.72,-86.62,1.90381856813443,0.5,0.495896563307532,19,0.7681,0.122714101695101,"Ajax|Elementary|1d"
70,"Pickering","3d","Elementary",0,-241.45,-232.66,0.757150585647747,0.84,0.838768520456349,40,0.8273,0.322225239613106,"Pickering|Elementary|3d"
70,"Ajax","5d","Elementary",2,-386.89,-365.84,0.651825711290861,0.95,0.954707373133785,60,0.1297,0.0735246729669359,"Ajax|Elementary|5d"
70,"Pickering","1d","Secondary",6,-119.32,-123.07,0.30435571349531,0.84,0.839724878576302,16,0.7029,-0.237026826346361,"Pickering|Secondary|1d"
70,"Ajax","1d","Secondary",7,-78.82,-91.75,0.536981025067792,0.88,0.879650336143701,15,0.4168,-0.305540138319897,"Ajax|Secondary|1d"
70,"Pickering","3d","Secondary",3,-275.96,-266.67,0.538787723086904,0.77,0.770126898926658,40,0.5932,0.39733316347043,"Pickering|Secondary|3d"
70,"Ajax","5d","Secondary",-5,-435.23,-422.84,0.293655825151977,0.96,0.957142549412803,60,0.7708,0.020541804919874,"Ajax|Secondary|5d"
70,"Pickering","7d","Secondary",-4,-443.32,-421.03,0.445702631182134,0.81,0.810885817102946,62,0.0856,0.352751085323553,"Pickering|Secondary|7d"
70,"Pickering","1d","Total",1,-92.28,-91.4,1.48174617116818,0.24,0.242987369744023,18,0.4965,0.394248712084749,"Pickering|Total|1d"
70,"Ajax","1d","Total",-6,-96.87,-95.89,1.43710142789499,0.55,0.550024917598258,19,0.204,0.122000184347406,"Ajax|Total|1d"
70,"Pickering","3d","Total",0,-271.39,-267.28,0.403813266914406,0.92,0.92034806281522,40,0.3211,0.334535541815825,"Pickering|Total|3d"
70,"Ajax","5d","Total",2,-394.78,-373.89,0.572033453742638,0.94,0.943116853609969,60,0.4515,0.312347931782085,"Ajax|Total|5d"
71,"Pickering","1d","Elementary",-6,-85.74,-89.7,1.23998370037597,0.63,0.625054494353066,19,0.2055,0.289347048268625,"Pickering|Elementary|1d"
71,"Ajax","1d","Elementary",1,-80.18,-80.65,2.14338896503792,0.46,0.459508330752648,20,0.5048,0.285831208529545,"Ajax|Elementary|1d"
71,"Ajax","3d","Elementary",7,-259.87,-244.57,1.49892553715528,0.77,0.774279819735808,52,0.6653,0.28321992564286,"Ajax|Elementary|3d"
71,"Ajax","7d","Elementary",5,-375.53,-355.81,0.599829031234841,0.95,0.954548298821348,58,0.3608,0.19552621197121,"Ajax|Elementary|7d"
71,"Pickering","1d","Secondary",1,-151.72,-149.31,0.762332188231365,0.64,0.635546336563401,24,0.76,0.239885181181843,"Pickering|Secondary|1d"
71,"Ajax","1d","Secondary",-6,-104.23,-104.63,0.861953355137111,0.55,0.547244658912382,18,0.5951,0.0697198819875966,"Ajax|Secondary|1d"
71,"Ajax","7d","Secondary",0,-410.94,-390.24,0.556104750734973,0.83,0.833036691633378,60,0.2257,0.297443941053599,"Ajax|Secondary|7d"
71,"Pickering","1d","Total",-4,-63.86,-63.93,1.85474960601423,0,0.000144092735420451,13,0.4231,0.285525639823741,"Pickering|Total|1d"
71,"Ajax","1d","Total",1,-87.65,-88.21,1.71823059084002,0.48,0.476639692629906,20,0.2864,0.255676487606396,"Ajax|Total|1d"
71,"Ajax","3d","Total",7,-285.86,-270.66,1.14440741514706,0.79,0.785886661609447,52,0.7644,0.279739799185492,"Ajax|Total|3d"
71,"Ajax","7d","Total",5,-394,-374.51,0.550759131407608,0.94,0.939818498208225,58,0.6559,0.282819744608798,"Ajax|Total|7d"
72,"Pickering","1d","Elementary",-1,-85.72,-86.21,1.17876404465371,0.53,0.53374158892828,16,0.2372,-0.00700052867776654,"Pickering|Elementary|1d"
72,"Ajax","1d","Elementary",-6,-84.66,-85.96,1.50249728610681,0.65,0.647856644997465,18,0.5656,0.0219323835189235,"Ajax|Elementary|1d"
72,"Pickering","1d","Secondary",0,-122.56,-121.33,0.813422569302358,0.4,0.398480059121648,19,0.4233,0.309486877030443,"Pickering|Secondary|1d"
72,"Ajax","1d","Secondary",-6,-95.84,-97.81,0.975738298117139,0.43,0.431400531782653,18,0.4367,0.342289464962253,"Ajax|Secondary|1d"
72,"Pickering","1d","Total",7,-99.7,-102.2,0.889998893005542,0.69,0.693621839726311,18,0.0806,0.0836335489208128,"Pickering|Total|1d"
72,"Ajax","1d","Total",-1,-67.78,-79,0.771208343634643,0.86,0.86330737351806,14,0.3683,-0.0154880029116805,"Ajax|Total|1d"
72,"Pickering","5d","Total",2,-364.65,-346.19,0.636204570629644,0.71,0.707456079946226,56,0.2507,0.392920748611391,"Pickering|Total|5d"
73,"Pickering","1d","Elementary",7,-80.69,-82.24,1.46484625796357,0.55,0.554457725014061,18,0.1078,0.314813706142967,"Pickering|Elementary|1d"
73,"Ajax","1d","Elementary",1,-88.41,-88.04,2.0337660343389,0.57,0.566533241783657,21,0.5391,0.102224419899276,"Ajax|Elementary|1d"
73,"Ajax","5d","Elementary",-2,-390.52,-373.15,1.03782939478585,0.84,0.844223158096909,66,0.5249,0.366282777864996,"Ajax|Elementary|5d"
73,"Pickering","1d","Secondary",0,-113.21,-112.74,0.858938125090689,0.34,0.344305716788842,19,0.4135,0.232612509971041,"Pickering|Secondary|1d"
73,"Ajax","1d","Secondary",-6,-106.12,-105.07,1.15205096100532,0.31,0.311608932408391,19,0.8987,0.371733090098226,"Ajax|Secondary|1d"
73,"Pickering","1d","Total",7,-87.23,-88.96,1.21329753888235,0.56,0.555096650739814,18,0.0922,0.267773876853488,"Pickering|Total|1d"
73,"Ajax","1d","Total",1,-97.36,-96.99,1.59193052227119,0.59,0.586031204030951,21,0.9197,0.103849447988392,"Ajax|Total|1d"
73,"Ajax","5d","Total",-3,-421.87,-404.4,0.811843498794484,0.85,0.845298624323712,66,0.1058,0.371879389152622,"Ajax|Total|5d"
74,"Pickering","1d","Elementary",7,-97.86,-97.5,1.51178335860029,0.64,0.636378200495719,20,0.1411,0.121775371073224,"Pickering|Elementary|1d"
74,"Ajax","1d","Elementary",1,-89.02,-87.91,2.03475027158533,0.51,0.509184297121913,21,0.6497,0.0866706715419699,"Ajax|Elementary|1d"
74,"Ajax","3d","Elementary",2,-272.83,-255.16,1.53015241278052,0.75,0.746133969994499,56,0.1936,0.320650959899529,"Ajax|Elementary|3d"
74,"Ajax","7d","Elementary",-5,-407.11,-379.85,0.831167605324782,0.89,0.893657235593846,69,0.5995,0.3967086074935,"Ajax|Elementary|7d"
74,"Pickering","1d","Secondary",1,-144.39,-142.02,0.905675769503626,0.54,0.54236937507121,24,0.3237,0.361104435708307,"Pickering|Secondary|1d"
74,"Ajax","1d","Secondary",-6,-111.27,-111.88,0.829706338950542,0.65,0.645987629742448,19,0.9986,-0.104047515962459,"Ajax|Secondary|1d"
74,"Pickering","3d","Secondary",-2,-322.97,-311.22,0.548826912506415,0.69,0.686879987772884,46,0.1412,0.342539605686988,"Pickering|Secondary|3d"
74,"Pickering","7d","Secondary",0,-558.64,-532.28,0.261883081808017,0.91,0.909072101982585,68,0.272,0.211310904072731,"Pickering|Secondary|7d"
74,"Ajax","7d","Secondary",-3,-550.72,-522.36,0.342605143242652,0.93,0.932673919898336,71,0.142,0.293736182694114,"Ajax|Secondary|7d"
74,"Pickering","1d","Total",7,-110.96,-110.68,1.0412285769595,0.66,0.664619712368552,20,0.8593,0.303155508495385,"Pickering|Total|1d"
74,"Ajax","1d","Total",-6,-95.19,-96.66,1.15248386650624,0.7,0.698848837805962,19,0.957,-0.122127735253764,"Ajax|Total|1d"
74,"Ajax","7d","Total",-4,-463.18,-434.57,0.570344241716826,0.92,0.923380423932039,71,0.9853,0.367471194507175,"Ajax|Total|7d"
75,"Pickering","1d","Elementary",0,-80.37,-99.97,0.935968104060335,0.89,0.894186641285052,20,0.4496,-0.0768716649125272,"Pickering|Elementary|1d"
75,"Ajax","1d","Elementary",-6,-93.08,-93.54,1.13774942481884,0.73,0.728708081892968,18,0.0752,0.327814967590785,"Ajax|Elementary|1d"
75,"Ajax","3d","Elementary",-3,-168.72,-164.35,1.52631458156201,0.5,0.498864744000461,32,0.7635,0.341621582257991,"Ajax|Elementary|3d"
75,"Pickering","5d","Elementary",-4,-244.86,-233.59,1.07547592244158,0.56,0.562504108550855,44,0.1444,0.357249562802624,"Pickering|Elementary|5d"
75,"Pickering","7d","Elementary",-3,-391.86,-369.51,1.01283018032158,0.77,0.771100089521059,67,0.1739,0.315272836736146,"Pickering|Elementary|7d"
75,"Pickering","1d","Secondary",1,-145.6,-143.08,0.828627066582726,0.54,0.535669128924908,24,0.3888,0.070954616246326,"Pickering|Secondary|1d"
75,"Ajax","1d","Secondary",-7,-66.19,-97.52,0.347213996404876,0.94,0.942033261661762,15,0.1892,-0.371197634342801,"Ajax|Secondary|1d"
75,"Ajax","3d","Secondary",-5,-227.28,-222.94,0.601963626116527,0.78,0.781377283838264,32,0.9296,0.213829718233262,"Ajax|Secondary|3d"
75,"Pickering","5d","Secondary",-1,-363.45,-349.64,0.431853848613861,0.78,0.782689402201886,49,0.3295,0.356378503392308,"Pickering|Secondary|5d"
75,"Pickering","1d","Total",7,-105.47,-110.19,0.79926739200324,0.82,0.815613253292344,20,0.5476,0.051684242250331,"Pickering|Total|1d"
75,"Ajax","1d","Total",-7,-78.76,-105.47,0.28745184577598,0.97,0.974181872728677,15,0.6996,0.168796118156151,"Ajax|Total|1d"
75,"Ajax","3d","Total",-3,-190.24,-185.86,1.06931669329979,0.59,0.58995965713517,32,0.0543,0.390060654782015,"Ajax|Total|3d"
75,"Pickering","5d","Total",-7,-228.61,-220.72,0.774377760194247,0.71,0.710877799767506,38,0.8021,0.17666421737074,"Pickering|Total|5d"
75,"Pickering","7d","Total",-3,-418.73,-396.42,0.843603541418719,0.74,0.737323646420961,67,0.0887,0.360630841746036,"Pickering|Total|7d"
76,"Pickering","1d","Elementary",-7,-88.81,-88.78,1.33680746527068,0.58,0.57588007996505,17,0.3995,0.0597284467651559,"Pickering|Elementary|1d"
76,"Ajax","1d","Elementary",2,-47.56,-62.74,1.07628443382579,0.87,0.869996383165018,13,0.7035,0.0865230399210594,"Ajax|Elementary|1d"
76,"Pickering","3d","Elementary",7,-307.13,-291.03,1.2147483197285,0.77,0.772878468435569,55,0.0928,0.311456595638198,"Pickering|Elementary|3d"
76,"Pickering","1d","Secondary",-4,-108.91,-113.45,0.418542268247213,0.85,0.846752749375938,16,0.4393,-0.0224879869144282,"Pickering|Secondary|1d"
76,"Ajax","1d","Secondary",-6,-102.62,-102.09,1.04630652318033,0.45,0.44766193915941,18,0.8886,0.289203835391865,"Ajax|Secondary|1d"
76,"Pickering","3d","Secondary",1,-394.78,-379.04,0.612570460967371,0.56,0.555279692282823,57,0.1226,0.375245432359857,"Pickering|Secondary|3d"
76,"Ajax","5d","Secondary",-7,-344.02,-327.99,0.771000284516514,0.74,0.737413811349836,54,0.9213,0.386039732062401,"Ajax|Secondary|5d"
76,"Ajax","7d","Secondary",-7,-461.67,-439.34,0.429041701348341,0.89,0.890861591321855,63,0.1311,0.327214139506771,"Ajax|Secondary|7d"
76,"Pickering","1d","Total",1,-95.09,-93.77,1.69390310510694,0.31,0.311771555658219,20,0.5447,0.392570972340975,"Pickering|Total|1d"
76,"Ajax","1d","Total",2,-56.18,-72.34,0.704095812107126,0.9,0.898818686193488,13,0.867,0.0754893664205823,"Ajax|Total|1d"
76,"Pickering","3d","Total",7,-316.88,-302.07,1.09053860536683,0.71,0.713257573095267,54,0.0931,0.390619849987219,"Pickering|Total|3d"
77,"Pickering","1d","Elementary",-7,-70.49,-75.53,0.499804268881977,0.85,0.849238905877486,11,0.353,0.337147912536786,"Pickering|Elementary|1d"
77,"Ajax","1d","Elementary",-6,-55.11,-81.53,0.682245792292564,0.94,0.937597843629761,15,0.1664,-0.215922493716261,"Ajax|Elementary|1d"
77,"Pickering","3d","Elementary",-7,-225.25,-217.88,0.801076216476902,0.7,0.696359051497131,36,0.526,0.210929665167148,"Pickering|Elementary|3d"
77,"Pickering","5d","Elementary",-6,-273.19,-268.12,0.346925341554984,0.96,0.959797431322364,37,0.6373,0.115896202684735,"Pickering|Elementary|5d"
77,"Ajax","7d","Elementary",0,-406.18,-383.78,0.682200273819786,0.94,0.943608741841936,63,0.2639,0.262336766601481,"Ajax|Elementary|7d"
77,"Pickering","1d","Secondary",1,-123.93,-125.68,0.466865185117027,0.8,0.803918329507202,18,0.401,-0.249787989160404,"Pickering|Secondary|1d"
77,"Ajax","1d","Secondary",-1,-71.96,-82.2,0.445712549821892,0.88,0.880076585671942,12,0.4208,0.237481620435718,"Ajax|Secondary|1d"
77,"Pickering","3d","Secondary",6,-291.62,-281.95,0.652393150778969,0.56,0.558402743881024,43,0.2492,0.295961678651109,"Pickering|Secondary|3d"
77,"Pickering","5d","Secondary",5,-327.91,-317.06,0.369502999242826,0.79,0.787783903059081,43,0.4819,0.264779810836286,"Pickering|Secondary|5d"
77,"Pickering","1d","Total",-6,-67.46,-72.44,0.767811293643337,0.7,0.697268477719041,12,0.589,-0.0223578599696551,"Pickering|Total|1d"
77,"Ajax","1d","Total",-7,-54.72,-78.54,0.431295916047164,0.95,0.953830952148082,12,0.2657,-0.0255173968827297,"Ajax|Total|1d"
77,"Pickering","3d","Total",-7,-234.05,-227.3,0.610458168783984,0.75,0.75455956142334,35,0.7654,0.15766069280049,"Pickering|Total|3d"
77,"Pickering","5d","Total",-6,-273.58,-273.31,0.279168277544163,0.96,0.964964103081363,37,0.68,0.0596257150096839,"Pickering|Total|5d"
77,"Ajax","7d","Total",1,-434.32,-411.27,0.498033155829408,0.95,0.953651390170582,63,0.1207,0.146721302009461,"Ajax|Total|7d"
78,"Pickering","1d","Elementary",2,-50.12,-55.3,1.67676002581085,0.56,0.562703668642984,13,0.197,0.387524480837967,"Pickering|Elementary|1d"
78,"Ajax","1d","Elementary",-6,-80.33,-81.59,1.31056948080946,0.72,0.723463089033743,17,0.4759,0.0372779707596808,"Ajax|Elementary|1d"
78,"Pickering","3d","Elementary",-2,-223.64,-216.48,1.29184359457911,0.48,0.479036057528817,40,0.0642,0.293035677027856,"Pickering|Elementary|3d"
78,"Pickering","5d","Elementary",2,-413.61,-390.31,0.773757426874016,0.83,0.831217312122058,66,0.155,0.344815951240147,"Pickering|Elementary|5d"
78,"Pickering","7d","Elementary",-4,-464.65,-436.43,0.555272747483169,0.93,0.931939879021409,72,0.2036,0.35253581734424,"Pickering|Elementary|7d"
78,"Pickering","1d","Secondary",3,-69.88,-82.13,0.504591225839809,0.77,0.766862733797301,13,0.0907,-0.122324656609314,"Pickering|Secondary|1d"
78,"Ajax","1d","Secondary",-6,-92.43,-95.41,0.878787867303734,0.62,0.62118385536204,17,0.9974,0.223706639044994,"Ajax|Secondary|1d"
78,"Pickering","3d","Secondary",-6,-248.93,-243.44,0.487712790146422,0.76,0.762145960383237,37,0.3328,0.077926359368899,"Pickering|Secondary|3d"
78,"Ajax","3d","Secondary",5,-265.8,-252.72,1.32272115849022,0.49,0.489418216795075,51,0.1587,0.370000522034861,"Ajax|Secondary|3d"
78,"Pickering","5d","Secondary",0,-488.26,-465.16,0.43658005271822,0.78,0.781268793545949,66,0.2152,0.351573185639796,"Pickering|Secondary|5d"
78,"Ajax","5d","Secondary",0,-336.35,-326.08,0.333157145855575,0.94,0.937116517291271,45,0.7885,0.062374207174862,"Ajax|Secondary|5d"
78,"Pickering","7d","Secondary",-5,-588.73,-561.35,0.247291834125419,0.93,0.926784118817146,70,0.2939,0.227473624025404,"Pickering|Secondary|7d"
78,"Ajax","7d","Secondary",-3,-523.29,-502.75,0.570628738999685,0.82,0.81588211764012,73,0.7557,0.328601672992181,"Ajax|Secondary|7d"
78,"Pickering","1d","Total",3,-49.39,-52.03,1.89225942496952,0.28,0.276910321157381,12,0.1813,0.263932443178613,"Pickering|Total|1d"
78,"Ajax","1d","Total",-6,-85.11,-86.34,1.15392338356122,0.68,0.682603152931789,17,0.2442,0.0598029327088828,"Ajax|Total|1d"
78,"Pickering","3d","Total",-2,-232.21,-225.47,1.08600064768772,0.39,0.390624111093828,39,0.1425,0.348631686491288,"Pickering|Total|3d"
78,"Pickering","7d","Total",-3,-488.51,-459.28,0.499495616075285,0.91,0.90982918647643,72,0.5246,0.38654447884333,"Pickering|Total|7d"
79,"Pickering","1d","Elementary",1,-76.48,-80.55,1.00107846389006,0.81,0.807987495077916,15,0.2423,0.0640399463626092,"Pickering|Elementary|1d"
79,"Ajax","1d","Elementary",1,-77.44,-77.37,1.92447667246732,0.51,0.508385934370225,17,0.1257,0.309399413808598,"Ajax|Elementary|1d"
79,"Pickering","3d","Elementary",3,-252.91,-240.74,1.23100498487486,0.57,0.56874423941741,47,0.324,0.34584258903974,"Pickering|Elementary|3d"
79,"Pickering","5d","Elementary",1,-336.93,-321.76,0.589831623919915,0.9,0.902528137775758,53,0.613,0.0846306291539987,"Pickering|Elementary|5d"
79,"Pickering","1d","Secondary",0,-80.8,-82.91,0.718650830596895,0.41,0.405466026222739,13,0.1822,-0.0860349705851769,"Pickering|Secondary|1d"
79,"Ajax","1d","Secondary",-6,-99.45,-101.34,0.672564441986664,0.72,0.722671876087418,16,0.8886,0.347707291735049,"Ajax|Secondary|1d"
79,"Ajax","3d","Secondary",4,-317.33,-302.28,0.902551289770134,0.78,0.782555992704771,53,0.7083,0.141756877046993,"Ajax|Secondary|3d"
79,"Ajax","7d","Secondary",7,-535.28,-517.99,0.362543357157809,0.93,0.933618778208543,66,0.0669,0.231221953656845,"Ajax|Secondary|7d"
79,"Pickering","1d","Total",1,-80.6,-83.58,0.954464526829536,0.73,0.732501205349526,15,0.5494,0.123544885952208,"Pickering|Total|1d"
79,"Ajax","1d","Total",-6,-78.74,-80.54,1.32119907210491,0.45,0.452796722953779,16,0.7146,0.234293988034843,"Ajax|Total|1d"
79,"Pickering","3d","Total",-6,-221.52,-213.5,0.889041929671986,0.73,0.730839634334764,39,0.7019,0.354218462078127,"Pickering|Total|3d"
79,"Pickering","5d","Total",1,-347.88,-332.51,0.544552374053617,0.87,0.86807854292232,53,0.4239,0.31459306458471,"Pickering|Total|5d"
79,"Ajax","7d","Total",-3,-481.76,-453.23,0.628600848471975,0.91,0.906961618621833,73,0.1312,0.334258625776112,"Ajax|Total|7d"
80,"Pickering","1d","Elementary",7,-26.32,-58.95,0.691537491992461,0.9,0.896999567142579,11,0.965,-0.165469847011581,"Pickering|Elementary|1d"
80,"Ajax","1d","Elementary",1,-79.69,-79.88,2.0858284275707,0.52,0.518434411349,19,0.2225,0.304264990869225,"Ajax|Elementary|1d"
80,"Pickering","1d","Secondary",1,-90.07,-92.66,0.757079003262112,0.54,0.542280201203092,15,0.099,0.248293912240819,"Pickering|Secondary|1d"
80,"Ajax","1d","Secondary",-5,-74.24,-79.85,0.676737717195063,0.78,0.781574180077001,13,0.8403,0.19059409073715,"Ajax|Secondary|1d"
80,"Pickering","1d","Total",1,-70.81,-75.13,1.06648128716411,0.41,0.408676505721839,14,0.2826,0.398194419674398,"Pickering|Total|1d"
80,"Ajax","1d","Total",1,-89.28,-89.74,1.50979071801459,0.61,0.606097828938908,19,0.4516,0.338873225601291,"Ajax|Total|1d"
81,"Pickering","1d","Elementary",2,-94.6,-96.98,1.29344563967849,0.81,0.805761231027031,19,0.208,-0.0979715267208182,"Pickering|Elementary|1d"
81,"Ajax","1d","Elementary",7,-74.47,-77.67,1.24178250518251,0.87,0.87055320772669,15,0.4233,-0.102833483665057,"Ajax|Elementary|1d"
81,"Pickering","5d","Elementary",-4,-242.1,-233.37,0.727497547301412,0.86,0.858504713912729,39,0.4606,0.352370953538089,"Pickering|Elementary|5d"
81,"Ajax","5d","Elementary",5,-287.84,-272.49,1.26980386924299,0.82,0.820663756812917,54,0.7206,0.388404592529934,"Ajax|Elementary|5d"
81,"Pickering","1d","Secondary",3,-135.89,-135.79,0.619965170276723,0.67,0.66545143519054,21,0.8074,0.0944639474781497,"Pickering|Secondary|1d"
81,"Ajax","1d","Secondary",-6,-102.39,-109.81,0.499731923350844,0.86,0.858668884590498,17,0.2569,0.00944794461948088,"Ajax|Secondary|1d"
81,"Pickering","3d","Secondary",-5,-349.08,-333.7,0.536604948602159,0.73,0.734854630666239,51,0.7376,0.37370819730435,"Pickering|Secondary|3d"
81,"Pickering","5d","Secondary",-6,-289.56,-283.44,0.255457786608433,0.93,0.929195712731021,36,0.9656,0.161069839776566,"Pickering|Secondary|5d"
81,"Ajax","7d","Secondary",-6,-475.51,-450.91,0.502649915136394,0.86,0.858282806710049,67,0.1533,0.37755186846146,"Ajax|Secondary|7d"
81,"Pickering","1d","Total",2,-107.72,-109.89,0.88919531117932,0.79,0.790980238580038,19,0.6363,0.173515651712829,"Pickering|Total|1d"
81,"Ajax","1d","Total",7,-80.27,-83.32,1.0195726478335,0.86,0.864722832711441,15,0.2939,-0.0940700805656133,"Ajax|Total|1d"
81,"Pickering","5d","Total",-2,-257.7,-248.35,0.779935037272354,0.78,0.776469140288222,41,0.1157,0.382489428671758,"Pickering|Total|5d"
81,"Ajax","5d","Total",5,-311.97,-296.6,1.00282733459009,0.82,0.815669226135172,54,0.5536,0.326281703022947,"Ajax|Total|5d"
82,"Pickering","1d","Elementary",-1,-67.19,-74,1.02876932169241,0.64,0.637029443556367,14,0.2114,0.0282782741091831,"Pickering|Elementary|1d"
82,"Ajax","1d","Elementary",2,-49.86,-66.42,1.05735193179837,0.89,0.890101793587127,14,0.1238,-0.00892423264575552,"Ajax|Elementary|1d"
82,"Pickering","1d","Secondary",-6,-90.58,-97.61,0.422124264301598,0.74,0.735028225621982,14,0.5897,0.0885575081007371,"Pickering|Secondary|1d"
82,"Ajax","1d","Secondary",0,-89.32,-93.34,0.775489691965098,0.71,0.71402081381893,16,0.5744,0.018852340896476,"Ajax|Secondary|1d"
82,"Pickering","5d","Secondary",-6,-360.23,-346.87,0.550101645395289,0.67,0.667855493856027,51,0.0991,0.303990819925863,"Pickering|Secondary|5d"
82,"Pickering","7d","Secondary",-7,-339.54,-328.16,0.343923741559861,0.86,0.860467919481101,44,0.0535,0.316794255214025,"Pickering|Secondary|7d"
82,"Ajax","7d","Secondary",4,-439.9,-418.77,0.537486563829813,0.86,0.863603102234947,62,0.6948,0.398339815709231,"Ajax|Secondary|7d"
82,"Pickering","1d","Total",-1,-69.7,-75.25,0.845508054493022,0.64,0.637058650615899,13,0.7438,0.218828175323076,"Pickering|Total|1d"
82,"Ajax","1d","Total",6,-65.51,-75.92,0.880743071700373,0.88,0.876221074408038,14,0.6929,-0.0141733005667204,"Ajax|Total|1d"
82,"Pickering","5d","Total",-5,-321.89,-305.89,0.824807709229718,0.69,0.691478502248277,53,0.0548,0.224348123868176,"Pickering|Total|5d"
82,"Ajax","7d","Total",1,-462.44,-439.37,0.412618689425417,0.97,0.968058685228423,63,0.2588,0.247581940537231,"Ajax|Total|7d"
83,"Pickering","1d","Elementary",-2,-68.77,-73.05,0.583586061101924,0.73,0.733903810349716,11,0.9989,0.141316692894702,"Pickering|Elementary|1d"
83,"Ajax","1d","Elementary",-6,-71.66,-71.33,2.31725731862446,0.22,0.218638459330561,18,0.2239,0.395978178403884,"Ajax|Elementary|1d"
83,"Pickering","3d","Elementary",-5,-221.69,-214.8,0.745620668566754,0.77,0.768034619806932,35,0.5666,0.195251744421616,"Pickering|Elementary|3d"
83,"Pickering","5d","Elementary",-3,-232.91,-225.45,1.02893127988641,0.56,0.557575353959947,39,0.6173,0.263721271709397,"Pickering|Elementary|5d"
83,"Pickering","1d","Secondary",7,-86.07,-88.39,0.826930360348247,0.46,0.461889514190354,15,0.7798,0.305830821964486,"Pickering|Secondary|1d"
83,"Ajax","1d","Secondary",-5,-76.27,-80.01,0.824493305955756,0.61,0.60787777723396,14,0.2101,-0.117158420797527,"Ajax|Secondary|1d"
83,"Pickering","3d","Secondary",1,-305.99,-296.84,0.513011773883117,0.68,0.68461923397591,42,0.6819,0.280467950457734,"Pickering|Secondary|3d"
83,"Pickering","5d","Secondary",-7,-300.32,-292.64,0.29484163122641,0.87,0.868404934246728,38,0.4318,0.343839723358868,"Pickering|Secondary|5d"
83,"Ajax","5d","Secondary",-2,-498.64,-477.95,0.460349683418994,0.9,0.898664134370172,66,0.3062,0.31509414631479,"Ajax|Secondary|5d"
83,"Pickering","1d","Total",-2,-70.97,-73.2,0.641455558234745,0.65,0.649469838183538,11,0.8766,0.35062808570527,"Pickering|Total|1d"
83,"Ajax","1d","Total",-6,-80.37,-79.9,1.84329402486485,0.25,0.248111530245489,18,0.3983,0.393388215138243,"Ajax|Total|1d"
83,"Pickering","3d","Total",-5,-230.26,-224.44,0.542876332812362,0.83,0.833920810005284,34,0.5587,0.395565697959963,"Pickering|Total|3d"
83,"Pickering","5d","Total",-4,-260.55,-252.26,0.583729091993546,0.75,0.751976685311823,38,0.1634,0.353629962374095,"Pickering|Total|5d"
84,"Pickering","1d","Elementary",7,-67.08,-68.85,1.20510549378247,0.35,0.35194538696018,13,0.3785,0.202526513547603,"Pickering|Elementary|1d"
84,"Ajax","1d","Elementary",1,-84.07,-86.78,1.49545116991255,0.77,0.773522548450507,19,0.7892,0.353756432689633,"Ajax|Elementary|1d"
84,"Pickering","1d","Secondary",1,-103.18,-116.58,0.478233063011037,0.83,0.829214891331829,18,0.4607,-0.0271205782608444,"Pickering|Secondary|1d"
84,"Ajax","1d","Secondary",-1,-79.35,-85.06,0.561195435902441,0.86,0.859331127651074,13,0.8877,-0.120135531848835,"Ajax|Secondary|1d"
84,"Ajax","5d","Secondary",7,-432.79,-413.34,0.581947807142005,0.84,0.844996905206,62,0.1479,0.340706164965148,"Ajax|Secondary|5d"
84,"Pickering","1d","Total",7,-70.34,-75.62,0.819618239790337,0.64,0.642108606561092,13,0.2085,0.00187791585010128,"Pickering|Total|1d"
84,"Ajax","1d","Total",1,-93.47,-96.69,1.11560044909688,0.81,0.806905565456587,19,0.945,0.255474365600801,"Ajax|Total|1d"
84,"Ajax","5d","Total",5,-420.7,-396.33,0.624261514131937,0.93,0.933848263087927,65,0.0858,0.317796112431231,"Ajax|Total|5d"
85,"Pickering","1d","Elementary",-1,-64.86,-70.59,0.968167835854816,0.66,0.663141530078441,13,0.9983,-0.0124333244336503,"Pickering|Elementary|1d"
85,"Ajax","1d","Elementary",-4,-62.12,-66.5,1.22918614718454,0.56,0.558756731507403,13,0.5425,0.263258351262492,"Ajax|Elementary|1d"
85,"Ajax","5d","Elementary",-4,-322.33,-305.15,0.839663215240527,0.91,0.914585134298075,54,0.9951,0.337306174560112,"Ajax|Elementary|5d"
85,"Ajax","7d","Elementary",6,-434.49,-415.12,0.830446905506435,0.92,0.920583287892293,68,0.0618,0.276100989167088,"Ajax|Elementary|7d"
85,"Pickering","1d","Secondary",-1,-88.4,-101.59,0.18621338990193,0.93,0.92988473252304,12,0.2193,0.15036690246144,"Pickering|Secondary|1d"
85,"Ajax","1d","Secondary",-6,-91.98,-96.39,0.81559530268045,0.63,0.626417979782036,17,0.8248,0.332576280591969,"Ajax|Secondary|1d"
85,"Ajax","5d","Secondary",-3,-393.27,-376.18,0.448954086976536,0.87,0.872692419360937,54,0.6083,0.342092725114519,"Ajax|Secondary|5d"
85,"Ajax","7d","Secondary",-2,-538.18,-509.52,0.444475933618197,0.89,0.893966665521431,73,0.0533,0.382196372710233,"Ajax|Secondary|7d"
85,"Pickering","1d","Total",7,-74.86,-78.12,1.0980765918483,0.39,0.38944880776022,15,0.5963,0.309099830560188,"Pickering|Total|1d"
85,"Ajax","1d","Total",7,-65.91,-67.02,1.7647604117024,0.57,0.571155330165941,15,0.4121,-0.0262611732226921,"Ajax|Total|1d"
85,"Ajax","5d","Total",-4,-343.67,-326.48,0.68312761956877,0.91,0.909721556004925,54,0.9624,0.354753873663685,"Ajax|Total|5d"
85,"Ajax","7d","Total",2,-494.86,-468.58,0.646673899175044,0.93,0.929789212637717,73,0.4562,0.395023752736511,"Ajax|Total|7d"
86,"Pickering","1d","Elementary",-4,-73.79,-82.1,0.820493656846681,0.77,0.772224380018784,15,0.3862,0.0577586184479206,"Pickering|Elementary|1d"
86,"Ajax","1d","Elementary",-4,-78.87,-84.33,0.890439987328094,0.86,0.864684992053329,15,0.6527,-0.127193517690653,"Ajax|Elementary|1d"
86,"Pickering","3d","Elementary",-3,-257.94,-250.65,0.552263900503728,0.92,0.923931323619617,39,0.414,0.289494451113356,"Pickering|Elementary|3d"
86,"Ajax","7d","Elementary",-1,-404.26,-385.25,0.728925513052322,0.91,0.912432559109514,62,0.1257,0.391391942839754,"Ajax|Elementary|7d"
86,"Pickering","1d","Secondary",-6,-122.09,-120.74,1.05144901605414,0.31,0.311061482777948,22,0.1724,0.374555617012186,"Pickering|Secondary|1d"
86,"Ajax","1d","Secondary",-5,-75.04,-82.35,0.685744210691331,0.73,0.733347017431869,14,0.6132,-0.163918228251113,"Ajax|Secondary|1d"
86,"Pickering","3d","Secondary",0,-341.68,-330.3,0.350281080394403,0.83,0.83003972640094,44,0.9681,0.330224320836372,"Pickering|Secondary|3d"
86,"Pickering","7d","Secondary",-6,-455.65,-439.7,0.339426449599893,0.85,0.845625043383157,57,0.6088,0.148376270420291,"Pickering|Secondary|7d"
86,"Ajax","7d","Secondary",7,-455.83,-438.63,0.229338277183441,0.96,0.960903482163698,55,0.8679,0.281740826951969,"Ajax|Secondary|7d"
86,"Pickering","1d","Total",7,-89.83,-91.05,1.10627695528296,0.7,0.699533311316654,17,0.9364,0.1813892858173,"Pickering|Total|1d"
86,"Ajax","1d","Total",-4,-78.26,-83.82,0.89063139089751,0.81,0.809953010382295,15,0.9116,-0.18574826762442,"Ajax|Total|1d"
86,"Pickering","3d","Total",-3,-280.83,-275.58,0.371728829599607,0.95,0.946414738887163,39,0.1869,0.340569775309716,"Pickering|Total|3d"
86,"Ajax","7d","Total",-3,-437.71,-418.28,0.544005973274631,0.91,0.913298648145537,62,0.2375,0.388188820792948,"Ajax|Total|7d"
87,"Pickering","1d","Elementary",1,-122.34,-119.16,1.79028495356878,0.58,0.577340016783084,26,0.1168,0.167389723513911,"Pickering|Elementary|1d"
87,"Ajax","1d","Elementary",1,-74.63,-75.91,1.8047142758826,0.71,0.711035576968601,17,0.3641,0.228986958859932,"Ajax|Elementary|1d"
87,"Pickering","3d","Elementary",-7,-228.35,-218.05,1.18688082957189,0.67,0.668497895376326,42,0.7073,0.318223957492617,"Pickering|Elementary|3d"
87,"Pickering","7d","Elementary",-4,-421.45,-394.06,0.950361656777219,0.86,0.860271928674983,72,0.0821,0.348367597167952,"Pickering|Elementary|7d"
87,"Ajax","7d","Elementary",4,-496.4,-470.54,0.572904869865643,0.97,0.965697977091622,71,0.4678,0.379910697230471,"Ajax|Elementary|7d"
87,"Pickering","1d","Secondary",1,-169.87,-167.3,0.729326394621396,0.53,0.526132544160739,28,0.5383,0.358669685386828,"Pickering|Secondary|1d"
87,"Ajax","1d","Secondary",-6,-83.29,-100.28,0.418579016740864,0.93,0.930276928727986,15,0.7531,-0.00694290013635579,"Ajax|Secondary|1d"
87,"Pickering","3d","Secondary",4,-350.47,-335.28,0.496896588770493,0.75,0.754029816753437,51,0.167,0.340434041452047,"Pickering|Secondary|3d"
87,"Ajax","7d","Secondary",-6,-487.45,-461.36,0.473722001572578,0.88,0.879736908087622,68,0.1139,0.391535496236122,"Ajax|Secondary|7d"
87,"Pickering","1d","Total",1,-134.13,-130.91,1.45911119847308,0.53,0.530239860622975,26,0.1042,0.194186145099568,"Pickering|Total|1d"
87,"Ajax","1d","Total",1,-79.91,-80.97,1.54414489328493,0.67,0.670431609383108,17,0.8044,0.272715683781771,"Ajax|Total|1d"
87,"Pickering","3d","Total",-5,-247.9,-238.32,1.00931020569549,0.66,0.662856892917448,42,0.4551,0.386321895785793,"Pickering|Total|3d"
88,"Pickering","1d","Elementary",-7,-96.96,-97.48,1.09373562852141,0.74,0.738906310218812,18,0.6108,0.197515529550422,"Pickering|Elementary|1d"
88,"Ajax","1d","Elementary",1,-83.57,-88.75,1.36997377458355,0.79,0.794540830278541,19,0.1475,-0.0838154365114234,"Ajax|Elementary|1d"
88,"Pickering","5d","Elementary",4,-441.51,-416.76,0.874887412987676,0.89,0.886338798756386,72,0.8467,0.336805592516226,"Pickering|Elementary|5d"
88,"Pickering","1d","Secondary",7,-109.49,-112.46,0.663238705089872,0.66,0.664508016714999,18,0.6217,0.00895947233976417,"Pickering|Secondary|1d"
88,"Ajax","1d","Secondary",-6,-100.5,-99.52,1.19358246249977,0.16,0.15623510983364,18,0.6539,0.335271635988162,"Ajax|Secondary|1d"
88,"Pickering","5d","Secondary",-2,-502.59,-480.5,0.493601848669098,0.72,0.722629198202111,69,0.0861,0.393218788714418,"Pickering|Secondary|5d"
88,"Ajax","7d","Secondary",-5,-537.85,-512.72,0.25664497727818,0.96,0.960427927878441,66,0.2043,0.171891853590315,"Ajax|Secondary|7d"
88,"Pickering","1d","Total",-6,-99.31,-101.45,1.07344548171844,0.8,0.7999965337685,19,0.7903,0.061226960012534,"Pickering|Total|1d"
88,"Ajax","1d","Total",1,-90.97,-96.77,1.04716553169451,0.81,0.81287061829567,19,0.8218,-0.04422231389736,"Ajax|Total|1d"
88,"Pickering","5d","Total",4,-462.87,-439,0.781016422960567,0.85,0.850270077591545,72,0.9974,0.361496069509212,"Pickering|Total|5d"
88,"Ajax","7d","Total",-7,-412.98,-390.72,0.596828444499046,0.91,0.906711922269546,62,0.5356,0.385197303290333,"Ajax|Total|7d"
89,"Pickering","1d","Elementary",-1,-78.87,-80.94,1.2024922027729,0.64,0.63533999786673,16,0.7521,0.357685789558305,"Pickering|Elementary|1d"
89,"Ajax","1d","Elementary",-6,-82.02,-82.03,1.90847648005221,0.5,0.496136273849934,19,0.9661,0.0778331599800869,"Ajax|Elementary|1d"
89,"Pickering","3d","Elementary",-3,-267.51,-252.91,1.46471502508301,0.58,0.578235829983682,52,0.7626,0.374689360356565,"Pickering|Elementary|3d"
89,"Pickering","5d","Elementary",7,-205.16,-196.83,1.10588725062749,0.74,0.740577696688501,39,0.1886,0.327441476415425,"Pickering|Elementary|5d"
89,"Ajax","5d","Elementary",-7,-222.18,-229.48,0.375301898341707,0.96,0.963775641135123,35,0.7424,0.153156169814619,"Ajax|Elementary|5d"
89,"Pickering","1d","Secondary",0,-125.19,-125.72,0.472659973943156,0.77,0.766290166035044,18,0.7694,0.119491301679343,"Pickering|Secondary|1d"
89,"Ajax","1d","Secondary",0,-86.58,-86.24,1.2203788348974,0.24,0.241114543119093,16,0.6161,0.350295425094803,"Ajax|Secondary|1d"
89,"Pickering","5d","Secondary",7,-284.48,-276.1,0.499197303927321,0.7,0.700259022310949,39,0.0756,0.35267298594249,"Pickering|Secondary|5d"
89,"Ajax","5d","Secondary",6,-300.63,-291.48,0.369391271071527,0.91,0.913872456520497,40,0.3684,0.233269278065514,"Ajax|Secondary|5d"
89,"Pickering","1d","Total",0,-78,-78.58,1.45359199239297,0.32,0.323261079228161,16,0.1093,0.194629763056488,"Pickering|Total|1d"
89,"Ajax","1d","Total",1,-91.75,-90.26,2.06935466097089,0.31,0.307368932623375,20,0.6027,0.38256303349901,"Ajax|Total|1d"
89,"Pickering","3d","Total",-3,-289.51,-276.02,1.16830667375772,0.57,0.570224936984552,51,0.3982,0.339937069793727,"Pickering|Total|3d"
89,"Pickering","5d","Total",2,-227.73,-222.14,0.741129896107979,0.71,0.714486818111336,39,0.119,0.395569654167408,"Pickering|Total|5d"
89,"Ajax","5d","Total",2,-259.27,-250.87,0.583521207065602,0.9,0.896737421542437,40,0.6302,0.299185808654068,"Ajax|Total|5d"
90,"Pickering","1d","Elementary",1,-92.96,-92.46,1.80442981423806,0.65,0.648914291783212,20,0.0802,0.254239560115343,"Pickering|Elementary|1d"
90,"Ajax","1d","Elementary",1,-82.3,-96.16,1.05466220967867,0.89,0.889051812945924,20,0.8767,-0.0086693920869027,"Ajax|Elementary|1d"
90,"Pickering","3d","Elementary",5,-235.15,-223.98,1.15717423194201,0.81,0.811498134493598,45,0.0645,0.163527515094214,"Pickering|Elementary|3d"
90,"Pickering","5d","Elementary",-6,-262.8,-250.33,0.945760017372583,0.75,0.752244191869151,46,0.1327,0.314512400533862,"Pickering|Elementary|5d"
90,"Pickering","1d","Secondary",1,-125.05,-123.11,1.13086301340288,0.16,0.155702491758757,22,0.291,0.309374338052477,"Pickering|Secondary|1d"
90,"Ajax","1d","Secondary",-6,-112.09,-113.45,0.758813314080923,0.7,0.698208957618383,19,0.2286,0.301268323258141,"Ajax|Secondary|1d"
90,"Pickering","3d","Secondary",2,-346.56,-333.44,0.469965058773971,0.72,0.716964469293611,48,0.1527,0.34635463411569,"Pickering|Secondary|3d"
90,"Pickering","5d","Secondary",1,-409.67,-393.08,0.344999516879363,0.82,0.820119564691522,53,0.1053,0.12367836883736,"Pickering|Secondary|5d"
90,"Pickering","1d","Total",1,-98.47,-98.29,1.50463826812974,0.58,0.578347602706697,20,0.053,0.237734827802374,"Pickering|Total|1d"
90,"Ajax","1d","Total",1,-89.06,-97.65,1.06821427641535,0.82,0.8178869153684,20,0.092,0.145331278281755,"Ajax|Total|1d"
90,"Pickering","3d","Total",4,-255.61,-246.36,0.78099773525482,0.82,0.820387507534764,44,0.1338,0.236279241608575,"Pickering|Total|3d"
90,"Pickering","5d","Total",-6,-280.18,-267.72,0.817447361290368,0.71,0.710611897735708,46,0.4634,0.382512782374011,"Pickering|Total|5d"
91,"Pickering","1d","Elementary",-7,-63.82,-71.07,0.696731725736931,0.83,0.831100863512252,12,0.844,-0.267528365523261,"Pickering|Elementary|1d"
91,"Ajax","1d","Elementary",1,-95.89,-94.93,1.54452374290282,0.74,0.736008279856052,19,0.1353,-0.000275173489102419,"Ajax|Elementary|1d"
91,"Pickering","3d","Elementary",-4,-204.96,-197.61,0.995364598715548,0.71,0.709322673074827,36,0.3674,0.376229835268294,"Pickering|Elementary|3d"
91,"Ajax","7d","Elementary",2,-417.99,-394.03,0.602260100790793,0.96,0.957457695446204,65,0.4907,0.393899423511909,"Ajax|Elementary|7d"
91,"Pickering","1d","Secondary",1,-104.01,-102.77,1.26441913886803,0.04,0.0372623791027234,19,0.153,0.235869989428702,"Pickering|Secondary|1d"
91,"Ajax","1d","Secondary",7,-89.66,-96.87,0.666947551153502,0.84,0.844913644939084,16,0.2367,-0.0100975093226364,"Ajax|Secondary|1d"
91,"Pickering","3d","Secondary",-1,-322.48,-311.03,0.513989915243646,0.72,0.721859218525234,45,0.0639,0.295827092149455,"Pickering|Secondary|3d"
91,"Pickering","5d","Secondary",7,-282.43,-274.89,0.394674595421557,0.84,0.843127557472961,39,0.2171,0.373171295451835,"Pickering|Secondary|5d"
91,"Ajax","7d","Secondary",-3,-484.58,-460.63,0.422141718787955,0.91,0.911962583957237,65,0.2162,0.293353639030677,"Ajax|Secondary|7d"
91,"Pickering","1d","Total",-4,-65.98,-75.2,0.743262736675695,0.82,0.820988660779305,13,0.9054,-0.126417196938291,"Pickering|Total|1d"
91,"Ajax","1d","Total",1,-101.21,-100.47,1.24963481830779,0.72,0.72155921366619,19,0.2533,0.0109625008289003,"Ajax|Total|1d"
91,"Pickering","3d","Total",-3,-216.67,-209.71,1.0863391291274,0.61,0.612681726976394,37,0.3306,0.321875157393728,"Pickering|Total|3d"
91,"Ajax","7d","Total",2,-455.19,-431.3,0.446173906469445,0.96,0.962936155175788,65,0.5187,0.319247236518037,"Ajax|Total|7d"
92,"Pickering","1d","Elementary",7,-83.81,-90.12,0.893930144657888,0.74,0.741790402102006,17,0.1055,-0.0266665799926956,"Pickering|Elementary|1d"
92,"Ajax","1d","Elementary",-6,-78.19,-79.42,1.49695781821295,0.42,0.415495967832757,17,0.1793,0.179968655357694,"Ajax|Elementary|1d"
92,"Ajax","5d","Elementary",1,-380.5,-357.44,0.801815215020838,0.93,0.932836067607834,63,0.6445,0.241126272190124,"Ajax|Elementary|5d"
92,"Ajax","7d","Elementary",7,-370.74,-350.4,0.807174720708842,0.93,0.925708231654178,60,0.9521,0.136409789243973,"Ajax|Elementary|7d"
92,"Pickering","1d","Secondary",1,-123.45,-123.03,0.677058445715197,0.5,0.496724340322146,19,0.9365,0.196555395659001,"Pickering|Secondary|1d"
92,"Ajax","1d","Secondary",-6,-93.49,-93.94,1.05777683640873,0.31,0.308061999415171,17,0.7842,0.206776225832688,"Ajax|Secondary|1d"
92,"Ajax","3d","Secondary",7,-295.59,-286.38,0.985532369549121,0.62,0.621238551370074,48,0.4527,0.367711166131797,"Ajax|Secondary|3d"
92,"Ajax","7d","Secondary",-4,-434.13,-412.58,0.452917293871188,0.87,0.865571860974737,61,0.0555,0.175903695896344,"Ajax|Secondary|7d"
92,"Pickering","1d","Total",0,-101.64,-106.11,0.538060240873549,0.87,0.870588234847129,16,0.4556,-0.211112635177804,"Pickering|Total|1d"
92,"Ajax","1d","Total",-6,-83.55,-84.11,1.38118816193739,0.35,0.352322957094201,17,0.2685,0.168905321917185,"Ajax|Total|1d"
92,"Ajax","5d","Total",0,-399.79,-376.77,0.65228568179338,0.92,0.922509311380531,63,0.6763,0.353656442659385,"Ajax|Total|5d"
92,"Ajax","7d","Total",4,-400.47,-382.01,0.717517464498761,0.89,0.893834322216013,61,0.82,0.372271304324315,"Ajax|Total|7d"
93,"Pickering","1d","Elementary",-7,-91.73,-98.87,1.09268714944958,0.74,0.742179516833911,21,0.2167,0.387018653142181,"Pickering|Elementary|1d"
93,"Ajax","1d","Elementary",-6,-80.56,-79.46,2.29452414609353,0.26,0.261802577814118,19,0.8729,0.373603391344394,"Ajax|Elementary|1d"
93,"Pickering","5d","Elementary",-1,-290.6,-278.55,0.849281426676603,0.69,0.687688843940734,47,0.3838,0.391710730159076,"Pickering|Elementary|5d"
93,"Pickering","1d","Secondary",1,-130.84,-128.92,1.14302811624905,0.02,0.0241203850664206,23,0.054,0.274757092960211,"Pickering|Secondary|1d"
93,"Ajax","1d","Secondary",7,-81.42,-81.77,1.34184173502502,0.29,0.292438171326577,16,0.6221,0.392788723687006,"Ajax|Secondary|1d"
93,"Ajax","3d","Secondary",7,-282.36,-270.08,0.840606547592602,0.73,0.725834662025471,46,0.5964,0.366104408077207,"Ajax|Secondary|3d"
93,"Pickering","5d","Secondary",-5,-350.86,-341.05,0.24198611868302,0.92,0.917541872669903,41,0.861,0.209714164942301,"Pickering|Secondary|5d"
93,"Ajax","5d","Secondary",-4,-432.98,-413.48,0.590423926203751,0.83,0.829677835832801,62,0.9547,0.381925765797124,"Ajax|Secondary|5d"
93,"Pickering","1d","Total",2,-81.45,-88.1,0.868108186041342,0.82,0.819008495075366,16,0.2523,0.0229183202808649,"Pickering|Total|1d"
93,"Ajax","1d","Total",-4,-74.29,-77.19,1.22306228815831,0.64,0.642069079729137,15,0.7627,0.116164976568816,"Ajax|Total|1d"
93,"Ajax","3d","Total",7,-268.96,-257.01,1.01182108577527,0.83,0.829812890369922,46,0.6877,0.383722551728113,"Ajax|Total|3d"
93,"Pickering","5d","Total",5,-278.8,-265.46,1.04170631697448,0.65,0.652369009260348,49,0.7614,0.355609608661864,"Pickering|Total|5d"
94,"Pickering","1d","Elementary",1,-61.03,-61.1,1.86263367577034,0,0.000110885818080553,13,0.1177,0.183058498902252,"Pickering|Elementary|1d"
94,"Ajax","1d","Elementary",-6,-86.32,-85.58,1.93280961534927,0.52,0.524074093071131,19,0.466,0.274959955422008,"Ajax|Elementary|1d"
94,"Ajax","5d","Elementary",6,-271.55,-257.01,1.275298069767,0.73,0.728176137745374,51,0.5919,0.376600337734627,"Ajax|Elementary|5d"
94,"Pickering","1d","Secondary",1,-91.98,-93.54,0.781353845693177,0.29,0.286700095468657,15,0.1595,0.364368644743133,"Pickering|Secondary|1d"
94,"Ajax","1d","Secondary",0,-83.67,-83.59,1.26528988537326,0.16,0.164657601586488,16,0.1798,0.318077891961381,"Ajax|Secondary|1d"
94,"Pickering","7d","Secondary",1,-541.2,-519.54,0.312199097135047,0.89,0.887670353460578,66,0.4543,0.325881602604701,"Pickering|Secondary|7d"
94,"Pickering","1d","Total",1,-68.77,-68.84,1.44529242611123,0,9.9622450866607e-05,13,0.1537,0.239189729401605,"Pickering|Total|1d"
94,"Ajax","1d","Total",-6,-94.85,-94.12,1.52403545682739,0.54,0.537583905601014,19,0.3232,0.361005946047663,"Ajax|Total|1d"
95,"Pickering","1d","Elementary",-6,-90.87,-92.82,0.933410289439306,0.88,0.882144762347913,16,0.7488,0.0782410990139631,"Pickering|Elementary|1d"
95,"Ajax","1d","Elementary",1,-72.27,-72.16,2.13838521717533,0.33,0.328066836623267,17,0.1299,0.309270710730174,"Ajax|Elementary|1d"
95,"Pickering","3d","Elementary",1,-246.38,-233.57,1.314080100535,0.61,0.605430527862158,47,0.3024,0.359622399040897,"Pickering|Elementary|3d"
95,"Ajax","3d","Elementary",-1,-281.12,-268.85,1.3679560841542,0.76,0.757530122298584,52,0.0935,0.334738849501461,"Ajax|Elementary|3d"
95,"Ajax","7d","Elementary",7,-351.76,-327.58,0.987714994633903,0.89,0.885509603469503,65,0.7181,0.267554835000052,"Ajax|Elementary|7d"
95,"Pickering","1d","Secondary",1,-132.69,-130.91,0.878190964315302,0.33,0.328596497130746,22,0.5361,0.36446802529556,"Pickering|Secondary|1d"
95,"Ajax","1d","Secondary",-1,-69.93,-77.45,0.572584859602769,0.83,0.82735507475719,12,0.1554,-0.0706196916661966,"Ajax|Secondary|1d"
95,"Ajax","5d","Secondary",-7,-418.72,-396.91,0.574790254878789,0.82,0.822169261595594,62,0.5649,0.394184934862757,"Ajax|Secondary|5d"
95,"Ajax","7d","Secondary",-5,-513.22,-485.83,0.426152670131646,0.9,0.896873460214619,70,0.5506,0.340695616461889,"Ajax|Secondary|7d"
95,"Pickering","1d","Total",-6,-94.99,-97.03,0.792726810187586,0.86,0.855686707858183,16,0.917,0.119482500389881,"Pickering|Total|1d"
95,"Ajax","1d","Total",-1,-62.07,-69.59,0.807785300878732,0.8,0.800168701928713,12,0.5383,-0.240925366953053,"Ajax|Total|1d"
95,"Pickering","3d","Total",-3,-270.97,-259.65,0.756583507055721,0.74,0.736430884121932,46,0.3005,0.18422320576687,"Pickering|Total|3d"
95,"Ajax","3d","Total",0,-315.74,-303.79,1.04933467918663,0.78,0.779038338734286,53,0.2281,0.3554840847331,"Ajax|Total|3d"
95,"Ajax","7d","Total",6,-374.8,-348.96,0.960819360655419,0.84,0.839734249014024,67,0.3769,0.375841754814144,"Ajax|Total|7d"
96,"Pickering","1d","Elementary",7,-70.33,-71.11,1.44138392723215,0.17,0.168661542264536,14,0.3373,0.0391208567814262,"Pickering|Elementary|1d"
96,"Ajax","1d","Elementary",-6,-82.83,-82,2.10689543140595,0.41,0.40894690573001,19,0.3588,0.270068738909671,"Ajax|Elementary|1d"
96,"Pickering","3d","Elementary",-1,-231.96,-222.86,1.02201026582062,0.73,0.725567820018291,40,0.7431,0.11652407248228,"Pickering|Elementary|3d"
96,"Ajax","3d","Elementary",-7,-255.36,-243.02,1.34374311577659,0.71,0.712150908303282,48,0.3296,0.389083193279816,"Ajax|Elementary|3d"
96,"Pickering","1d","Secondary",4,-88.58,-89.55,0.580324368520593,0.78,0.780213086018193,13,0.9161,0.082018848761098,"Pickering|Secondary|1d"
96,"Ajax","1d","Secondary",0,-87.86,-90.16,1.04102730898138,0.47,0.471793306752754,17,0.6037,0.350102648141185,"Ajax|Secondary|1d"
96,"Pickering","3d","Secondary",1,-317.31,-309.9,0.250952518771468,0.91,0.914131877144292,39,0.534,0.0690539053247327,"Pickering|Secondary|3d"
96,"Pickering","5d","Secondary",0,-387.29,-372.64,0.317964284881477,0.89,0.888475793489917,50,0.0837,0.249630552793375,"Pickering|Secondary|5d"
96,"Ajax","5d","Secondary",-3,-402.44,-388.12,0.327422781882675,0.94,0.944086008677374,50,0.7398,0.285455839974587,"Ajax|Secondary|5d"
96,"Ajax","7d","Secondary",7,-470.34,-445.93,0.441109693877076,0.91,0.906222879940044,65,0.4722,0.394818332682024,"Ajax|Secondary|7d"
96,"Pickering","1d","Total",-6,-60.78,-63.83,1.24900848647181,0.59,0.588303009361461,13,0.1124,0.103556661575127,"Pickering|Total|1d"
96,"Ajax","1d","Total",-6,-91,-90.17,1.66617771676575,0.42,0.416182684363702,19,0.06,0.302640784750972,"Ajax|Total|1d"
96,"Pickering","3d","Total",0,-248.44,-239.65,0.760963765763652,0.81,0.809623494257437,39,0.2695,0.220109431666283,"Pickering|Total|3d"
96,"Ajax","5d","Total",-4,-345.96,-331.43,0.506096437330173,0.93,0.928540168197196,50,0.5184,0.390364397736457,"Ajax|Total|5d"
97,"Pickering","1d","Elementary",1,-60.8,-73.56,0.732215650805805,0.92,0.917850477732784,13,0.255,-0.311799247315228,"Pickering|Elementary|1d"
97,"Ajax","1d","Elementary",1,-94.25,-98.02,1.3436405621353,0.81,0.809519732374016,21,0.365,-0.141499224131468,"Ajax|Elementary|1d"
97,"Pickering","3d","Elementary",-3,-303.5,-288.5,0.787953904990006,0.87,0.867775738443065,51,0.5222,0.181699282432734,"Pickering|Elementary|3d"
97,"Pickering","5d","Elementary",-7,-318.28,-301.67,1.08040545617953,0.7,0.697743856738876,56,0.9123,0.394894397052254,"Pickering|Elementary|5d"
97,"Ajax","5d","Elementary",-3,-364.26,-347.37,1.1050371125813,0.82,0.821217594916647,63,0.8037,0.299181605738181,"Ajax|Elementary|5d"
97,"Ajax","7d","Elementary",4,-373.56,-356.41,0.687527491259534,0.93,0.93185414132036,57,0.7224,0.213410230483402,"Ajax|Elementary|7d"
97,"Pickering","1d","Secondary",1,-86.65,-91.65,0.580822234054053,0.69,0.689036719868955,14,0.5402,0.140694031977675,"Pickering|Secondary|1d"
97,"Ajax","1d","Secondary",-6,-103.39,-106.41,0.859538022276532,0.61,0.614123747814258,19,0.9024,0.316969584224514,"Ajax|Secondary|1d"
97,"Pickering","3d","Secondary",6,-428.86,-413.44,0.495005870038374,0.78,0.77885981289473,58,0.7002,0.352865622083137,"Pickering|Secondary|3d"
97,"Ajax","3d","Secondary",0,-314.74,-300.23,0.85058374699577,0.72,0.71988330482811,51,0.7268,0.37063879128789,"Ajax|Secondary|3d"
97,"Ajax","5d","Secondary",6,-386.62,-367.2,0.516617015181866,0.88,0.875744492696307,59,0.6873,0.269549498399249,"Ajax|Secondary|5d"
97,"Pickering","7d","Secondary",5,-518.73,-490.5,0.362702661515147,0.87,0.869253397172341,71,0.3661,0.356299864385927,"Pickering|Secondary|7d"
97,"Ajax","7d","Secondary",-4,-418.48,-398.15,0.453338783061476,0.89,0.887734785364454,59,0.5252,0.280738924836387,"Ajax|Secondary|7d"
97,"Pickering","1d","Total",7,-53.75,-62.36,0.776910305632615,0.79,0.792739985204897,11,0.3093,-0.0924975934693876,"Pickering|Total|1d"
97,"Ajax","1d","Total",1,-101.42,-104.8,1.10892798319664,0.79,0.792696703598912,21,0.7608,0.00344222008239079,"Ajax|Total|1d"
97,"Pickering","3d","Total",-1,-340.72,-322.26,0.808255809873235,0.8,0.801842955506081,56,0.0815,0.275522737006419,"Pickering|Total|3d"
97,"Ajax","5d","Total",-3,-386.89,-370.18,0.916038598391904,0.8,0.803800279088878,63,0.4192,0.34810995139686,"Ajax|Total|5d"
97,"Ajax","7d","Total",4,-405.78,-389.92,0.52416472645899,0.94,0.935057523279698,57,0.0906,0.0912200830536189,"Ajax|Total|7d"
98,"Pickering","1d","Elementary",1,-94.56,-98.44,1.31504058186629,0.73,0.730225175912445,21,0.5466,0.0104720199570522,"Pickering|Elementary|1d"
98,"Ajax","1d","Elementary",-4,-64.23,-66.87,1.14698268602138,0.67,0.670035310524069,13,0.3376,-0.0359718176119173,"Ajax|Elementary|1d"
98,"Ajax","3d","Elementary",7,-258.19,-242.42,1.31552303562664,0.79,0.793692612948646,52,0.1208,0.392058944647861,"Ajax|Elementary|3d"
98,"Ajax","5d","Elementary",-2,-391.19,-371.55,0.702065141918915,0.93,0.93323123425731,60,0.7503,0.387605257510623,"Ajax|Elementary|5d"
98,"Pickering","7d","Elementary",5,-212.51,-203.71,1.05481312484163,0.72,0.71889134281895,39,0.5837,0.336062837257474,"Pickering|Elementary|7d"
98,"Ajax","7d","Elementary",2,-410.16,-386.32,1.1492887719939,0.86,0.857325442048586,72,0.5771,0.399142105577432,"Ajax|Elementary|7d"
98,"Pickering","1d","Secondary",1,-129.49,-130.43,0.718258181141849,0.65,0.653744191721933,22,0.6488,0.242478025712391,"Pickering|Secondary|1d"
98,"Ajax","1d","Secondary",-6,-83.27,-87.35,0.944728567438054,0.57,0.571678625727239,16,0.8792,0.217478820328557,"Ajax|Secondary|1d"
98,"Ajax","5d","Secondary",7,-391.86,-374.38,0.566971559477498,0.87,0.867076466995608,56,0.9413,0.39785028384823,"Ajax|Secondary|5d"
98,"Ajax","7d","Secondary",6,-473.45,-458.43,0.639225963936621,0.8,0.800344302282016,67,0.1141,0.269993960429138,"Ajax|Secondary|7d"
98,"Pickering","1d","Total",1,-105.45,-109.34,1.0354932196507,0.74,0.742311458187081,21,0.6307,0.166410750188761,"Pickering|Total|1d"
98,"Ajax","1d","Total",-4,-68.93,-78.89,0.603518390743695,0.87,0.872708991371625,13,0.2567,-0.063261594757891,"Ajax|Total|1d"
98,"Pickering","7d","Total",6,-228.25,-219.53,0.837433251402247,0.74,0.738503014002109,39,0.362,0.346998537182147,"Pickering|Total|7d"
99,"Pickering","1d","Elementary",6,-64.01,-65.01,1.8170267780678,0.43,0.42519000748632,15,0.7603,0.114945842420243,"Pickering|Elementary|1d"
99,"Ajax","1d","Elementary",1,-67.68,-68.72,1.75986877803982,0.38,0.384759896902981,15,0.9298,-0.116854133062191,"Ajax|Elementary|1d"
99,"Pickering","3d","Elementary",2,-245.1,-233.52,1.07429604185908,0.88,0.877828782526492,45,0.8147,0.141059567784218,"Pickering|Elementary|3d"
99,"Pickering","5d","Elementary",-1,-182.14,-176.57,1.0865284447232,0.51,0.508223955119975,32,0.0595,0.254279038894912,"Pickering|Elementary|5d"
99,"Pickering","7d","Elementary",-6,-219.7,-215.61,0.653230746866587,0.96,0.960357649210145,36,0.8487,0.297089767463067,"Pickering|Elementary|7d"
99,"Pickering","1d","Secondary",0,-105.18,-104.49,0.906236836900022,0.18,0.180238789911472,17,0.6554,0.254733123242211,"Pickering|Secondary|1d"
99,"Ajax","1d","Secondary",0,-72.38,-73.67,0.974853814636301,0.29,0.286644240965305,13,0.0597,0.167897498495458,"Ajax|Secondary|1d"
99,"Pickering","3d","Secondary",2,-347.96,-334.93,0.40080173133669,0.85,0.852200805901009,47,0.4826,0.204064164688715,"Pickering|Secondary|3d"
99,"Ajax","3d","Secondary",-2,-312.61,-295.69,0.934911687926035,0.75,0.748695637097258,54,0.1319,0.335721272384512,"Ajax|Secondary|3d"
99,"Pickering","5d","Secondary",-1,-241.52,-237.65,0.330880075688473,0.77,0.770985091356361,32,0.1883,0.20821705570088,"Pickering|Secondary|5d"
99,"Ajax","5d","Secondary",-7,-363,-343.92,0.688888060322462,0.78,0.781109024136908,57,0.0527,0.386681371710126,"Ajax|Secondary|5d"
99,"Pickering","7d","Secondary",-1,-300.09,-289.85,0.455052585169836,0.82,0.819541365043702,43,0.2241,0.274077866595936,"Pickering|Secondary|7d"
99,"Pickering","1d","Total",7,-90.08,-92.83,0.935532842608335,0.69,0.688173421164847,17,0.7687,0.277398152838655,"Pickering|Total|1d"
99,"Ajax","1d","Total",1,-75.54,-76.58,1.32038201967685,0.37,0.374105731399529,15,0.9424,-0.10657367574859,"Ajax|Total|1d"
99,"Pickering","3d","Total",2,-264.3,-253.48,0.807997954059651,0.89,0.890573720694234,44,0.8328,-0.0223127899357328,"Pickering|Total|3d"
99,"Pickering","5d","Total",1,-214.36,-207.91,0.77494651869353,0.52,0.521151526046211,34,0.0956,0.35727582516067,"Pickering|Total|5d"
99,"Pickering","7d","Total",-6,-231.87,-226.16,0.593003456814136,0.94,0.943534636448905,36,0.8673,0.33958668631091,"Pickering|Total|7d"
100,"Pickering","1d","Elementary",-1,-80.58,-79.97,1.71788504125105,0.11,0.107451533861938,17,0.2495,-0.0074183249657582,"Pickering|Elementary|1d"
100,"Ajax","1d","Elementary",1,-97.44,-99.14,1.20026763357427,0.81,0.812170347164757,20,0.3564,0.0441573202973999,"Ajax|Elementary|1d"
100,"Pickering","3d","Elementary",3,-166.02,-159.9,1.42014856230832,0.62,0.624366157584222,34,0.447,0.365200923937462,"Pickering|Elementary|3d"
100,"Ajax","3d","Elementary",-1,-296.07,-280.11,0.940249051135366,0.9,0.898988435992982,54,0.9957,0.215959143957741,"Ajax|Elementary|3d"
100,"Pickering","1d","Secondary",0,-105.47,-106.72,0.828629909353622,0.43,0.433841897387504,18,0.3619,0.330911016769998,"Pickering|Secondary|1d"
100,"Ajax","1d","Secondary",-6,-107.08,-107.42,0.797655801952248,0.61,0.60730969932861,18,0.2045,-0.0735645738369055,"Ajax|Secondary|1d"
100,"Pickering","3d","Secondary",6,-239.93,-233.9,0.477192445857769,0.73,0.734974137788052,34,0.6275,0.300539002595723,"Pickering|Secondary|3d"
100,"Ajax","3d","Secondary",-5,-346.77,-331.44,0.65342514173858,0.82,0.821265003609492,52,0.579,0.272905690509549,"Ajax|Secondary|3d"
100,"Ajax","5d","Secondary",-7,-389.53,-375.78,0.330795226060115,0.94,0.938939343716484,53,0.3471,0.274994267342133,"Ajax|Secondary|5d"
100,"Pickering","1d","Total",7,-79.69,-88.11,0.861105867977612,0.75,0.745394925030857,17,0.1832,0.357810343703442,"Pickering|Total|1d"
100,"Ajax","1d","Total",1,-99.75,-100.65,1.19017789008466,0.72,0.722245183685981,20,0.9036,0.268966507846963,"Ajax|Total|1d"
100,"Pickering","3d","Total",-5,-131.75,-131.64,0.863536500201208,0.7,0.703463814975499,23,0.2266,0.301047590153647,"Pickering|Total|3d"
100,"Ajax","3d","Total",-1,-323.13,-306.06,0.791132381373419,0.88,0.884281237922922,54,0.6425,0.289884322028184,"Ajax|Total|3d"
101,"Pickering","1d","Elementary",-7,-100.2,-100.18,1.11621936263444,0.73,0.731099314189143,18,0.1497,-0.201437465774821,"Pickering|Elementary|1d"
101,"Ajax","1d","Elementary",1,-63.81,-73.95,0.750263018615383,0.86,0.857808508598773,13,0.0765,0.072301740042827,"Ajax|Elementary|1d"
101,"Ajax","7d","Elementary",-5,-483.29,-460.49,0.593551150163248,0.94,0.941777747988646,69,0.3022,0.270060777235974,"Ajax|Elementary|7d"
101,"Pickering","1d","Secondary",-7,-112.09,-117.84,0.423049613470249,0.85,0.851811428243319,17,0.8646,-0.175861949241763,"Pickering|Secondary|1d"
101,"Ajax","1d","Secondary",-6,-80.06,-84.92,0.541743810503196,0.7,0.698652769101955,13,0.6056,0.196148980345212,"Ajax|Secondary|1d"
101,"Pickering","1d","Total",2,-103.34,-103.24,1.13103607947162,0.55,0.54570750203763,19,0.5957,0.285821971123665,"Pickering|Total|1d"
101,"Ajax","1d","Total",1,-66.94,-76.53,0.67967827223871,0.77,0.772195917412871,13,0.188,0.257440045320707,"Ajax|Total|1d"
101,"Pickering","7d","Total",6,-510.8,-484.09,0.740188871082033,0.85,0.853534756354151,78,0.1357,0.392929231877451,"Pickering|Total|7d"
101,"Ajax","7d","Total",-5,-492.25,-466.92,0.51469825757635,0.93,0.933753226609226,69,0.4086,0.383552357529473,"Ajax|Total|7d"
102,"Pickering","1d","Elementary",-7,-82.41,-86.35,1.06111997579204,0.7,0.698794030531169,16,0.7965,0.161138862577996,"Pickering|Elementary|1d"
102,"Ajax","1d","Elementary",-6,-76.11,-76.55,1.93335800841567,0.45,0.451592359937113,18,0.7707,0.31748880246232,"Ajax|Elementary|1d"
102,"Ajax","3d","Elementary",0,-283.48,-268.53,1.22147760776911,0.8,0.800693596416475,52,0.2845,0.365113590623175,"Ajax|Elementary|3d"
102,"Pickering","7d","Elementary",7,-295.83,-283.37,0.678692737882682,0.91,0.913788113797044,46,0.108,0.237653009675407,"Pickering|Elementary|7d"
102,"Pickering","1d","Secondary",-7,-101.48,-118.17,0.223258930041369,0.96,0.964008454755357,15,0.6029,-0.0071267685084656,"Pickering|Secondary|1d"
102,"Ajax","1d","Secondary",-6,-103.76,-106.52,0.731413377632114,0.72,0.718970579598737,18,0.9268,0.123944970470317,"Ajax|Secondary|1d"
102,"Ajax","3d","Secondary",7,-324.15,-311.81,0.845126152493728,0.74,0.739911584930851,51,0.7602,0.322723572660883,"Ajax|Secondary|3d"
102,"Pickering","7d","Secondary",-7,-269.41,-262.77,0.408904394749991,0.7,0.695229766883099,35,0.0955,0.388254213820076,"Pickering|Secondary|7d"
102,"Ajax","7d","Secondary",-6,-505.99,-478.79,0.399556566974167,0.92,0.91613258003846,69,0.0742,0.249321059129376,"Ajax|Secondary|7d"
102,"Pickering","1d","Total",-7,-80.29,-88.18,0.754992227604803,0.79,0.793924690693636,15,0.6912,0.282812903891392,"Pickering|Total|1d"
102,"Ajax","1d","Total",-6,-82.94,-84.74,1.39632671624103,0.54,0.540026692537505,18,0.4045,0.297102552543617,"Ajax|Total|1d"
102,"Pickering","7d","Total",7,-309.9,-297.43,0.58485060521518,0.9,0.896159264927144,46,0.2565,0.337516847400014,"Pickering|Total|7d"
103,"Pickering","1d","Elementary",1,-123.08,-120.99,1.63521353145301,0.69,0.689476854453888,26,0.0528,0.108858626959684,"Pickering|Elementary|1d"
103,"Ajax","1d","Elementary",-6,-83.68,-83.34,1.93637577496781,0.5,0.503868795778675,19,0.2515,0.324887520909487,"Ajax|Elementary|1d"
103,"Pickering","3d","Elementary",-3,-270.78,-256.77,1.36808909753462,0.67,0.666782480893235,52,0.1536,0.395096548976144,"Pickering|Elementary|3d"
103,"Ajax","5d","Elementary",-6,-381.47,-357.08,0.850271133221771,0.88,0.881280204742052,65,0.195,0.371549260352002,"Ajax|Elementary|5d"
103,"Pickering","7d","Elementary",0,-436.49,-413.94,0.624968512540247,0.88,0.876819673971192,65,0.1787,0.288347562609492,"Pickering|Elementary|7d"
103,"Pickering","1d","Secondary",1,-160.4,-156.8,0.864827340221006,0.46,0.464668248507519,27,0.0529,0.133569783513486,"Pickering|Secondary|1d"
103,"Ajax","1d","Secondary",2,-77.42,-80.86,0.89594200210493,0.68,0.677453797509696,14,0.6239,-0.0225141784714223,"Ajax|Secondary|1d"
103,"Pickering","3d","Secondary",5,-391.98,-374.31,0.479009056384573,0.81,0.810399798535893,55,0.5089,0.389072691983079,"Pickering|Secondary|3d"
103,"Ajax","3d","Secondary",-6,-220.71,-214.01,0.811921178346693,0.61,0.608638908663285,35,0.6463,0.325582500414781,"Ajax|Secondary|3d"
103,"Pickering","7d","Secondary",-3,-469.53,-449.14,0.289387519338536,0.9,0.89520476055712,59,0.1044,0.23409160373035,"Pickering|Secondary|7d"
103,"Ajax","7d","Secondary",-7,-450.38,-428.84,0.493875840496239,0.86,0.858726560048124,63,0.1306,0.2084321217685,"Ajax|Secondary|7d"
103,"Pickering","1d","Total",-1,-94.2,-95.98,1.0365721707454,0.66,0.664203773207378,18,0.579,0.15953786852326,"Pickering|Total|1d"
103,"Ajax","1d","Total",-6,-91.92,-91.88,1.46883841622064,0.54,0.539727693968101,19,0.4467,0.39186195122317,"Ajax|Total|1d"
103,"Pickering","3d","Total",-3,-293.99,-279.02,1.08855420361819,0.66,0.66447018506475,52,0.2862,0.340804980557825,"Pickering|Total|3d"
103,"Ajax","5d","Total",-5,-402.87,-378.46,0.683700480645881,0.88,0.884563847492915,65,0.1064,0.316179854091943,"Ajax|Total|5d"
103,"Pickering","7d","Total",-2,-458.02,-436.31,0.370147489052714,0.94,0.935584314902082,61,0.5677,0.0958022754538347,"Pickering|Total|7d"
104,"Pickering","1d","Elementary",1,-78.19,-82.37,1.54775139382706,0.63,0.629351502577244,18,0.5491,0.250066875961371,"Pickering|Elementary|1d"
104,"Ajax","1d","Elementary",0,-64.56,-69.61,1.74412122023095,0.77,0.768259943228838,16,0.6832,0.353204551959431,"Ajax|Elementary|1d"
104,"Pickering","3d","Elementary",-1,-269.5,-256.31,1.13754062446295,0.69,0.691726826616139,48,0.2584,0.397546658560103,"Pickering|Elementary|3d"
104,"Pickering","5d","Elementary",7,-319.15,-302.01,0.891741675541905,0.79,0.793612654338314,54,0.5908,0.345377344951831,"Pickering|Elementary|5d"
104,"Pickering","7d","Elementary",-4,-361.33,-353.61,0.302466056356205,0.97,0.973534688795507,49,0.7374,0.34232373415221,"Pickering|Elementary|7d"
104,"Ajax","7d","Elementary",-7,-322,-305.02,1.02688894681535,0.81,0.814912923423543,56,0.1546,0.356098537726887,"Ajax|Elementary|7d"
104,"Pickering","1d","Secondary",-6,-115.43,-116.46,0.543452879763999,0.83,0.825242159866596,17,0.3227,-0.0642219094947177,"Pickering|Secondary|1d"
104,"Ajax","1d","Secondary",0,-76.9,-90.52,0.71659545045309,0.79,0.792966074804096,16,0.9086,0.151964858301012,"Ajax|Secondary|1d"
104,"Pickering","3d","Secondary",-2,-336.83,-328.45,0.584549985240711,0.59,0.592242358544684,47,0.3451,0.36993107655922,"Pickering|Secondary|3d"
104,"Pickering","5d","Secondary",2,-390.37,-374.41,0.389466298749965,0.84,0.844298684816216,55,0.2536,0.205227639067647,"Pickering|Secondary|5d"
104,"Pickering","7d","Secondary",1,-530.5,-513.73,0.126119211900894,0.98,0.981557424551093,57,0.3121,0.0878794332570152,"Pickering|Secondary|7d"
104,"Ajax","7d","Secondary",-4,-466.07,-443.75,0.358781927251682,0.91,0.907656797420136,62,0.1259,0.325112288703435,"Ajax|Secondary|7d"
104,"Pickering","1d","Total",1,-86.05,-88.72,1.36911945688148,0.53,0.527437702719954,18,0.1205,0.255503958951748,"Pickering|Total|1d"
104,"Ajax","1d","Total",-6,-85.27,-91.79,1.01399445940494,0.77,0.769189685878933,18,0.3173,0.303011398420278,"Ajax|Total|1d"
104,"Pickering","3d","Total",1,-265.37,-253.47,0.96136393343637,0.73,0.734651348762708,45,0.1542,0.365904821837591,"Pickering|Total|3d"
104,"Pickering","5d","Total",7,-343.31,-326.24,0.715595750424515,0.79,0.793793744908371,54,0.3896,0.284406019996616,"Pickering|Total|5d"
104,"Pickering","7d","Total",-4,-401.61,-393.53,0.198995904255374,0.98,0.984264367778311,49,0.9935,0.185093531805213,"Pickering|Total|7d"
104,"Ajax","7d","Total",-7,-358.18,-341.23,0.736305653489721,0.86,0.855978386297825,56,0.1437,0.332963754116091,"Ajax|Total|7d"
105,"Pickering","1d","Elementary",1,-104.04,-102.15,1.653437069896,0.54,0.535488309690046,22,0.3453,0.307979103402673,"Pickering|Elementary|1d"
105,"Ajax","1d","Elementary",7,-78.5,-83.36,0.902978007390061,0.94,0.937067468136196,15,0.134,0.15394889372101,"Ajax|Elementary|1d"
105,"Pickering","3d","Elementary",3,-335.63,-314.58,0.990771326616244,0.84,0.84182133387294,60,0.9842,0.263416587406956,"Pickering|Elementary|3d"
105,"Ajax","3d","Elementary",6,-152.04,-154.32,0.825802469450981,0.9,0.897048660784662,29,0.7098,0.0999173240463101,"Ajax|Elementary|3d"
105,"Pickering","7d","Elementary",-3,-277.15,-265.46,0.951010740471385,0.74,0.743189717896927,47,0.3583,0.225123124747879,"Pickering|Elementary|7d"
105,"Pickering","1d","Secondary",1,-143.81,-141.31,0.842818155272402,0.43,0.431120344636473,24,0.09,0.0585306836213087,"Pickering|Secondary|1d"
105,"Ajax","1d","Secondary",-6,-96.63,-99.14,0.759829190114773,0.58,0.579942667765816,17,0.2808,0.128471404417374,"Ajax|Secondary|1d"
105,"Pickering","3d","Secondary",-1,-423.8,-406.9,0.57583583833587,0.63,0.631164763670664,60,0.722,0.390027174715043,"Pickering|Secondary|3d"
105,"Ajax","3d","Secondary",0,-184.55,-180.17,0.747627761911681,0.64,0.639245546689332,29,0.2249,0.396295737580443,"Ajax|Secondary|3d"
105,"Pickering","5d","Secondary",-5,-307.24,-297.4,0.536479958407281,0.72,0.719288124277626,43,0.0805,0.289220412578087,"Pickering|Secondary|5d"
105,"Pickering","7d","Secondary",0,-498.96,-482.38,0.150103955546082,0.97,0.970722117681314,53,0.5743,-0.0400916953531214,"Pickering|Secondary|7d"
105,"Ajax","7d","Secondary",7,-430.26,-406.35,0.682566948531613,0.76,0.760953085009964,66,0.7671,0.392299774276588,"Ajax|Secondary|7d"
105,"Pickering","1d","Total",1,-116.53,-114.7,1.28289990078324,0.58,0.576036749696715,22,0.6933,0.315243353948725,"Pickering|Total|1d"
105,"Ajax","1d","Total",7,-94.12,-95.29,0.703089779927737,0.94,0.937281675023659,15,0.3563,0.0904397619110118,"Ajax|Total|1d"
105,"Pickering","3d","Total",3,-344.78,-324.79,0.945783558069493,0.76,0.763500480882042,59,0.778,0.399975274835013,"Pickering|Total|3d"
105,"Ajax","3d","Total",7,-163.92,-161,0.853695220809281,0.84,0.838288221112032,29,0.0629,0.0584077366365167,"Ajax|Total|3d"
105,"Pickering","7d","Total",-2,-313.58,-300.57,0.767038575294342,0.78,0.780766156961363,49,0.052,0.146683704610033,"Pickering|Total|7d"
105,"Ajax","7d","Total",3,-423.59,-397.83,0.972474431411553,0.83,0.829904145527339,72,0.5071,0.385935601255322,"Ajax|Total|7d"
106,"Pickering","1d","Elementary",3,-79.12,-77.87,2.41354256737175,0.05,0.0523668623583475,19,0.1535,0.270466563777098,"Pickering|Elementary|1d"
106,"Ajax","1d","Elementary",1,-88.4,-90.47,1.3608072346644,0.7,0.703389594547202,19,0.5873,0.236579716357557,"Ajax|Elementary|1d"
106,"Ajax","7d","Elementary",-7,-474.51,-450.3,0.484655815554832,0.96,0.959064519674681,66,0.5792,0.238620046400898,"Ajax|Elementary|7d"
106,"Pickering","1d","Secondary",0,-129.26,-127.51,0.926259430442968,0.13,0.131949717036539,21,0.9637,0.397880280675388,"Pickering|Secondary|1d"
106,"Ajax","1d","Secondary",-6,-100.17,-109.33,0.506953739749255,0.86,0.861360692261407,17,0.1922,-0.0577963001434223,"Ajax|Secondary|1d"
106,"Pickering","7d","Secondary",7,-418.03,-398.03,0.486456961710761,0.75,0.754822050947973,59,0.8043,0.359802880919527,"Pickering|Secondary|7d"
106,"Ajax","7d","Secondary",-4,-506.94,-477.57,0.4606892246444,0.89,0.888406458995355,72,0.2931,0.330337989497776,"Ajax|Secondary|7d"
106,"Pickering","1d","Total",3,-84.98,-83.96,1.94552544829315,0.03,0.0348852161630624,18,0.1927,0.289394823249358,"Pickering|Total|1d"
106,"Ajax","1d","Total",1,-93.39,-95.08,1.22258337468316,0.68,0.677128561052371,19,0.9348,0.345031807653289,"Ajax|Total|1d"
106,"Ajax","7d","Total",-7,-483.21,-458.29,0.422822619120372,0.95,0.951984294163172,66,0.6018,0.22650437807074,"Ajax|Total|7d"
107,"Pickering","1d","Elementary",-7,-53.85,-63.5,0.78116433494504,0.87,0.870083406613601,11,0.5269,0.277504937454291,"Pickering|Elementary|1d"
107,"Ajax","1d","Elementary",7,-60.48,-67.35,1.48585234609837,0.83,0.829040150597396,15,0.3388,-0.142576085936013,"Ajax|Elementary|1d"
107,"Pickering","3d","Elementary",-6,-148.34,-146.5,1.05105270439356,0.81,0.811676887448357,28,0.0633,0.255509482556527,"Pickering|Elementary|3d"
107,"Ajax","3d","Elementary",-3,-280.34,-264.43,1.32598767818057,0.77,0.767622749964825,53,0.3653,0.326057591451098,"Ajax|Elementary|3d"
107,"Ajax","7d","Elementary",4,-346.7,-349.07,0.34714233789194,0.99,0.985745253130602,55,0.9408,0.00128103426391083,"Ajax|Elementary|7d"
107,"Pickering","1d","Secondary",-6,-81.36,-83.97,0.695366070287412,0.7,0.695281861426681,13,0.7214,-0.0664357379857578,"Pickering|Secondary|1d"
107,"Ajax","1d","Secondary",1,-78.61,-88.66,1.24164941804106,0.79,0.794966276128742,19,0.6179,0.251614764421446,"Ajax|Secondary|1d"
107,"Pickering","3d","Secondary",-1,-237.9,-231.05,0.612980449240809,0.52,0.519677669560854,35,0.1117,0.371956079874313,"Pickering|Secondary|3d"
107,"Ajax","3d","Secondary",7,-322.17,-307.02,0.74909128650302,0.79,0.786238715729164,51,0.2494,0.379391746719212,"Ajax|Secondary|3d"
107,"Pickering","5d","Secondary",-5,-241.54,-245.86,0.299684592236904,0.89,0.887571176953058,35,0.7603,-0.0117719811272791,"Pickering|Secondary|5d"
107,"Ajax","7d","Secondary",7,-399.64,-384.42,0.312350664691527,0.94,0.944508199461741,51,0.2875,0.00706079228831017,"Ajax|Secondary|7d"
107,"Pickering","1d","Total",3,-63.58,-65.33,1.71305128472297,0.46,0.457279193202177,14,0.7688,-0.0862143963406393,"Pickering|Total|1d"
107,"Ajax","1d","Total",7,-67.66,-73.2,1.20871347407106,0.8,0.799269590949953,15,0.2037,-0.0631095453820203,"Ajax|Total|1d"
107,"Pickering","3d","Total",-1,-190.74,-184.29,1.05058414906615,0.63,0.629234203037627,34,0.2489,0.355150560057103,"Pickering|Total|3d"
107,"Ajax","3d","Total",-2,-304.17,-288.33,0.852499782368229,0.85,0.850447044309889,54,0.4846,0.359478410295251,"Ajax|Total|3d"
107,"Pickering","5d","Total",-5,-223.86,-226.8,0.414418967696613,0.89,0.894993265091817,35,0.5746,0.232342337979751,"Pickering|Total|5d"
107,"Ajax","7d","Total",4,-375.86,-371.27,0.302284985073314,0.98,0.982339956424181,55,0.891,0.055141675890535,"Ajax|Total|7d"
108,"Pickering","1d","Elementary",-7,-89.96,-94.17,0.802618090024993,0.79,0.792785764996332,16,0.3013,-0.0856635759048007,"Pickering|Elementary|1d"
108,"Ajax","1d","Elementary",-6,-67.65,-75.74,1.04270594689637,0.81,0.808229004147573,15,0.6871,-0.146727430362091,"Ajax|Elementary|1d"
108,"Ajax","3d","Elementary",7,-273.63,-260.76,1.05856886767885,0.87,0.872195705943885,48,0.0848,0.345078659315874,"Ajax|Elementary|3d"
108,"Ajax","7d","Elementary",-2,-264.78,-259.87,0.498978969187452,0.95,0.946221808213816,42,0.0778,0.0443147047264095,"Ajax|Elementary|7d"
108,"Pickering","1d","Secondary",-6,-117.67,-119.76,0.640357561730359,0.58,0.58391622784237,19,0.4639,0.0320455679733007,"Pickering|Secondary|1d"
108,"Ajax","1d","Secondary",-6,-78.79,-85.76,0.793564140714365,0.6,0.598668495453155,15,0.8614,0.329448828865323,"Ajax|Secondary|1d"
108,"Ajax","7d","Secondary",5,-336.12,-332.95,0.210575131826424,0.96,0.964740304173428,42,0.6149,-0.121036978143324,"Ajax|Secondary|7d"
108,"Pickering","1d","Total",1,-119.8,-118.11,1.17177270237366,0.6,0.595373058168122,21,0.0825,-0.0157902259078668,"Pickering|Total|1d"
108,"Ajax","1d","Total",-6,-73.37,-78.95,1.03545537428916,0.73,0.7306528876654,15,0.5037,0.0226275013657368,"Ajax|Total|1d"
108,"Ajax","3d","Total",7,-291.71,-279.13,0.885647844450745,0.86,0.857597386336139,48,0.0838,0.350912534601468,"Ajax|Total|3d"
108,"Ajax","7d","Total",5,-289.15,-279.09,0.477621610362099,0.96,0.957561406373995,42,0.0906,-0.0325145601257915,"Ajax|Total|7d"
109,"Pickering","1d","Elementary",1,-101.17,-100.5,1.66502826827686,0.57,0.567453522135791,22,0.2294,0.292024005391356,"Pickering|Elementary|1d"
109,"Ajax","1d","Elementary",1,-81.27,-80.57,2.17584654369764,0.47,0.469246444684525,19,0.3014,0.370234227438283,"Ajax|Elementary|1d"
109,"Pickering","3d","Elementary",-2,-261.47,-250.48,0.927558042116267,0.59,0.592310365043972,44,0.3116,0.239018241546516,"Pickering|Elementary|3d"
109,"Ajax","5d","Elementary",-5,-361.34,-342.01,0.753569541952787,0.91,0.905486435249736,58,0.4289,0.198765205022943,"Ajax|Elementary|5d"
109,"Pickering","1d","Secondary",1,-146.22,-147.15,0.525354482898746,0.8,0.797183181178278,23,0.2229,-0.0644816256568358,"Pickering|Secondary|1d"
109,"Ajax","1d","Secondary",-6,-103.96,-110.61,0.623554747672816,0.79,0.793653627923715,18,0.2417,0.143501002877847,"Ajax|Secondary|1d"
109,"Pickering","3d","Secondary",7,-331.25,-318.54,0.583319427638372,0.66,0.663229972923881,48,0.6497,0.349317425684834,"Pickering|Secondary|3d"
109,"Pickering","5d","Secondary",6,-414.01,-395.18,0.48433367514196,0.74,0.737655074371867,58,0.1026,0.314520557340556,"Pickering|Secondary|5d"
109,"Ajax","5d","Secondary",2,-406.99,-386.65,0.523897699806719,0.87,0.872648505656427,59,0.8564,0.248615122732194,"Ajax|Secondary|5d"
109,"Pickering","1d","Total",1,-111.29,-111.6,1.26402177927002,0.62,0.617683926021134,22,0.1055,0.311654470432317,"Pickering|Total|1d"
109,"Ajax","1d","Total",2,-54.16,-60.56,1.18557141267448,0.56,0.555873187043318,12,0.753,0.210864892898078,"Ajax|Total|1d"
109,"Pickering","3d","Total",-2,-272.42,-262.07,0.779560740958511,0.58,0.582926166923215,43,0.336,0.293746972646706,"Pickering|Total|3d"
109,"Ajax","5d","Total",-5,-371.65,-352.66,0.691924511797508,0.87,0.870945229548033,58,0.4359,0.306228049819551,"Ajax|Total|5d"
110,"Pickering","1d","Elementary",4,-60.26,-68.03,1.2221503197119,0.78,0.783782131839049,14,0.7025,0.280689593822669,"Pickering|Elementary|1d"
110,"Ajax","1d","Elementary",-4,-82.53,-84.41,0.786444806253208,0.81,0.808632903450345,14,0.2173,0.0430864142275017,"Ajax|Elementary|1d"
110,"Pickering","5d","Elementary",-3,-323.38,-305.61,0.851286642050025,0.8,0.801088517610312,55,0.391,0.357636445969524,"Pickering|Elementary|5d"
110,"Ajax","5d","Elementary",3,-363.14,-349.36,1.10855361978918,0.84,0.838002829377386,61,0.4128,0.380909584789899,"Ajax|Elementary|5d"
110,"Pickering","1d","Secondary",7,-93.12,-92.93,1.01387759889772,0.15,0.149267322185909,16,0.312,0.269062804947126,"Pickering|Secondary|1d"
110,"Ajax","1d","Secondary",-6,-101.78,-104.37,0.826063152058396,0.63,0.626991336447882,18,0.5038,0.337298854973277,"Ajax|Secondary|1d"
110,"Pickering","5d","Secondary",-5,-401.31,-383.48,0.408932259018321,0.8,0.796175897672444,55,0.3511,0.295314816738645,"Pickering|Secondary|5d"
110,"Pickering","1d","Total",-6,-71.89,-72.17,1.60710724080684,0.34,0.344686021066874,15,0.089,0.364696284411412,"Pickering|Total|1d"
110,"Ajax","1d","Total",-6,-92,-91.66,1.37691020410833,0.51,0.50539115652279,18,0.9571,0.24630047061086,"Ajax|Total|1d"
110,"Ajax","3d","Total",5,-291.06,-274.16,1.11994205200398,0.77,0.765708496894439,54,0.2802,0.310765442517725,"Ajax|Total|3d"
110,"Pickering","5d","Total",-6,-340.6,-324.94,0.757462076704484,0.71,0.711293634065091,53,0.3619,0.274814230665254,"Pickering|Total|5d"
111,"Pickering","1d","Elementary",-6,-78.17,-87.93,0.469229502947179,0.94,0.935039379238752,13,0.8239,-0.274007684050436,"Pickering|Elementary|1d"
111,"Ajax","1d","Elementary",-6,-83.01,-84.16,1.76517468546008,0.61,0.605577256035164,19,0.5422,0.0795304936333569,"Ajax|Elementary|1d"
111,"Pickering","3d","Elementary",1,-289.47,-274,1.71217345382379,0.55,0.550562527038322,59,0.0529,0.360110627748275,"Pickering|Elementary|3d"
111,"Pickering","5d","Elementary",-2,-298.6,-285.17,1.022669372168,0.69,0.693769095611746,51,0.3908,0.32276600482531,"Pickering|Elementary|5d"
111,"Ajax","5d","Elementary",-6,-395.3,-370.43,0.849662950479434,0.89,0.889211009559323,66,0.914,0.393122191760145,"Ajax|Elementary|5d"
111,"Pickering","7d","Elementary",6,-320.65,-303.45,0.867311661467771,0.9,0.89623721424817,54,0.0528,0.137101518949425,"Pickering|Elementary|7d"
111,"Pickering","1d","Secondary",7,-98.2,-97.76,1.05756809495879,0.19,0.185181525258298,17,0.6192,0.248176512981061,"Pickering|Secondary|1d"
111,"Ajax","1d","Secondary",-6,-112.38,-114.81,0.72020386365217,0.74,0.743834872266095,19,0.5335,0.161681478920626,"Ajax|Secondary|1d"
111,"Pickering","3d","Secondary",-1,-404.77,-386.26,0.678154310583961,0.54,0.537280226422159,61,0.4329,0.351487284654515,"Pickering|Secondary|3d"
111,"Ajax","3d","Secondary",-6,-269.36,-263.01,0.485892639166159,0.85,0.850246314222857,36,0.9312,0.205660112595125,"Ajax|Secondary|3d"
111,"Pickering","5d","Secondary",2,-404.6,-388.02,0.353289662231828,0.85,0.849932351887828,53,0.8585,0.297815892915388,"Pickering|Secondary|5d"
111,"Pickering","7d","Secondary",2,-436.17,-418.43,0.319696704024566,0.9,0.89588281128485,55,0.1776,0.185062282572124,"Pickering|Secondary|7d"
111,"Pickering","1d","Total",-7,-79.52,-84.1,0.439876032373403,0.82,0.823238055136778,12,0.7542,0.297952792597542,"Pickering|Total|1d"
111,"Ajax","1d","Total",-6,-94.66,-96.56,1.21449621189766,0.71,0.708998615047572,19,0.6647,0.0300755558721753,"Ajax|Total|1d"
111,"Pickering","3d","Total",-2,-323.82,-309.35,1.26992651828083,0.53,0.534556647950944,58,0.5372,0.393258092454704,"Pickering|Total|3d"
111,"Pickering","5d","Total",-3,-306.02,-292.63,0.893746689983524,0.67,0.669460492718655,50,0.6311,0.396740409852795,"Pickering|Total|5d"
111,"Ajax","5d","Total",-6,-437.56,-413.27,0.641880384817637,0.9,0.904494029111399,66,0.9117,0.367310998617034,"Ajax|Total|5d"
111,"Pickering","7d","Total",-2,-358.3,-343.56,0.435293232377123,0.94,0.939086344924266,51,0.2381,-0.0358978743778125,"Pickering|Total|7d"
112,"Pickering","1d","Elementary",7,-71.06,-72.2,1.83316310184346,0.39,0.388346532951657,17,0.4028,0.368797874429975,"Pickering|Elementary|1d"
112,"Ajax","1d","Elementary",1,-84.95,-85.35,1.9355907021915,0.63,0.625070109349722,20,0.2621,0.134147278233607,"Ajax|Elementary|1d"
112,"Pickering","1d","Secondary",-6,-109.89,-110.52,0.790537570576087,0.63,0.632291479121504,18,0.458,0.342629524704638,"Pickering|Secondary|1d"
112,"Ajax","1d","Secondary",0,-85.96,-89.78,0.88706815388827,0.64,0.636600487162303,16,0.7338,0.0795375138302672,"Ajax|Secondary|1d"
112,"Pickering","7d","Secondary",6,-544.97,-520.44,0.265620604163263,0.93,0.928080615758693,66,0.2978,0.29372484407999,"Pickering|Secondary|7d"
112,"Ajax","7d","Secondary",-3,-493.27,-466.75,0.414051448083924,0.9,0.901326931064798,68,0.685,0.134306806963082,"Ajax|Secondary|7d"
112,"Pickering","1d","Total",3,-70.68,-70.82,1.6232719936501,0.1,0.104135307576965,15,0.2599,0.316778088581028,"Pickering|Total|1d"
112,"Ajax","1d","Total",1,-93.63,-94.14,1.4667482238936,0.65,0.648719429888596,20,0.9973,0.305933496804806,"Ajax|Total|1d"
113,"Pickering","1d","Elementary",-7,-56.8,-76.21,0.73554077152436,0.86,0.8627726314055,14,0.226,-0.324379228665123,"Pickering|Elementary|1d"
113,"Ajax","1d","Elementary",-4,-63.36,-68.59,1.08486242118819,0.68,0.68438253238165,13,0.9668,0.205902494104009,"Ajax|Elementary|1d"
113,"Pickering","3d","Elementary",-6,-225.84,-217.55,0.923888317974662,0.76,0.759929366775079,38,0.1067,0.109887525980592,"Pickering|Elementary|3d"
113,"Ajax","3d","Elementary",-5,-250.51,-239.93,1.40040849485785,0.75,0.754075969381745,46,0.1628,0.310907214906951,"Ajax|Elementary|3d"
113,"Ajax","7d","Elementary",-3,-342.64,-330.11,0.473365577868536,0.95,0.953092446865834,52,0.7683,0.333268423724557,"Ajax|Elementary|7d"
113,"Pickering","1d","Secondary",7,-116.4,-116.24,0.676012769126411,0.61,0.611449975768163,18,0.818,0.183802463126547,"Pickering|Secondary|1d"
113,"Ajax","1d","Secondary",0,-54.86,-97.63,0.270889583064441,0.96,0.96033305557542,14,0.251,0.130960597313943,"Ajax|Secondary|1d"
113,"Pickering","3d","Secondary",-5,-295.37,-287.35,0.362281262687142,0.86,0.863393728992819,40,0.0544,0.212393136803868,"Pickering|Secondary|3d"
113,"Pickering","5d","Secondary",-3,-274.18,-267.39,0.35833677226221,0.86,0.864597810475633,36,0.7054,0.333573606985571,"Pickering|Secondary|5d"
113,"Ajax","7d","Secondary",-4,-460.71,-444.88,0.206784660202749,0.97,0.974486798472544,52,0.9807,0.30942900658437,"Ajax|Secondary|7d"
113,"Pickering","1d","Total",-1,-81.2,-81.37,1.38810731850694,0.25,0.251435276617783,16,0.8904,0.187145823326092,"Pickering|Total|1d"
113,"Ajax","1d","Total",3,-74.3,-77,0.888203566591287,0.84,0.841848628071266,13,0.55,-0.0588565972605252,"Ajax|Total|1d"
113,"Pickering","3d","Total",-6,-232.71,-224.4,0.882547475450525,0.69,0.687211654316014,38,0.0624,0.36642400538068,"Pickering|Total|3d"
113,"Ajax","3d","Total",-6,-280.73,-268.28,0.850467152281458,0.84,0.837360932406002,46,0.8619,0.37212985281213,"Ajax|Total|3d"
113,"Ajax","7d","Total",-4,-382.36,-367.46,0.363741620758505,0.96,0.961386140771356,52,0.0593,0.309534771217613,"Ajax|Total|7d"
114,"Pickering","1d","Elementary",-7,-89.8,-90.34,1.07251257072769,0.75,0.747605151905979,16,0.4435,-0.126064491795219,"Pickering|Elementary|1d"
114,"Ajax","1d","Elementary",1,-79.72,-82.88,1.44584314933224,0.78,0.782153122246816,18,0.6224,0.214429300224971,"Ajax|Elementary|1d"
114,"Pickering","7d","Elementary",-4,-352.38,-336.7,0.574764953706018,0.89,0.894455553587208,57,0.6304,0.397348141145239,"Pickering|Elementary|7d"
114,"Pickering","1d","Secondary",7,-106.63,-106.44,0.888300336079126,0.47,0.473207868405098,18,0.587,0.218434909991913,"Pickering|Secondary|1d"
114,"Ajax","1d","Secondary",1,-83.67,-82.71,1.65569192633992,0.45,0.451040049890049,18,0.1261,0.206758882555286,"Ajax|Secondary|1d"
114,"Pickering","7d","Secondary",6,-500.83,-482.38,0.184537204635237,0.96,0.959389831347195,56,0.1451,0.0693920460472617,"Pickering|Secondary|7d"
114,"Pickering","1d","Total",-3,-58.85,-77.02,0.396788318505414,0.95,0.952389374395647,11,0.0899,0.136459684245432,"Pickering|Total|1d"
114,"Ajax","1d","Total",1,-83.73,-88.79,1.13197672153125,0.8,0.79789736998066,18,0.1631,0.228328654036098,"Ajax|Total|1d"
114,"Pickering","5d","Total",-4,-340.39,-323.19,0.694625415945207,0.77,0.773555353638474,54,0.1587,0.367018612093402,"Pickering|Total|5d"
115,"Pickering","1d","Elementary",2,-75.37,-77.78,1.23687080449756,0.52,0.519504517791975,15,0.745,0.341176913400287,"Pickering|Elementary|1d"
115,"Ajax","1d","Elementary",1,-85.71,-87.53,1.57749411791333,0.77,0.765787110847379,19,0.4457,0.0663936559253018,"Ajax|Elementary|1d"
115,"Ajax","5d","Elementary",-5,-293.82,-284.63,0.549757779717294,0.9,0.897322401352313,41,0.0847,0.0981278793099623,"Ajax|Elementary|5d"
115,"Pickering","1d","Secondary",0,-107.55,-106.53,1.03070733034078,0.06,0.0619630337020801,18,0.9423,0.305653660115452,"Pickering|Secondary|1d"
115,"Ajax","1d","Secondary",-6,-89.74,-92.22,1.00801384816228,0.52,0.515834289006113,17,0.6864,0.197949404400399,"Ajax|Secondary|1d"
115,"Ajax","5d","Secondary",4,-295.9,-286.17,0.51010187152085,0.79,0.791999592110345,41,0.5359,0.34920515943534,"Ajax|Secondary|5d"
115,"Pickering","7d","Secondary",0,-425.87,-407.48,0.347940409763448,0.87,0.87193803082357,56,0.0794,0.373448650030935,"Pickering|Secondary|7d"
115,"Pickering","1d","Total",-4,-66.07,-69.74,0.687715764241139,0.56,0.56176342914031,11,0.9548,-0.269674645044481,"Pickering|Total|1d"
115,"Ajax","1d","Total",1,-93.17,-95.38,1.21803907153449,0.78,0.775768419483377,19,0.8395,0.00289091362215287,"Ajax|Total|1d"
115,"Ajax","5d","Total",-4,-312.95,-303.32,0.367861082601604,0.95,0.945586063686776,41,0.0545,0.183016916861877,"Ajax|Total|5d"
116,"Pickering","1d","Elementary",-7,-70.28,-88.35,0.50202321100996,0.95,0.947370936968021,14,0.8517,0.136475820678207,"Pickering|Elementary|1d"
116,"Ajax","1d","Elementary",-6,-79.98,-84.18,1.13283368903235,0.69,0.693812970183968,17,0.6918,-0.114176542657893,"Ajax|Elementary|1d"
116,"Ajax","3d","Elementary",-1,-279.05,-265.18,1.26628632122564,0.82,0.818646574864828,51,0.3786,0.140879379522923,"Ajax|Elementary|3d"
116,"Pickering","5d","Elementary",0,-382.54,-359.95,0.899034117086943,0.83,0.827543254745361,64,0.4099,0.261856776899286,"Pickering|Elementary|5d"
116,"Ajax","5d","Elementary",6,-231.61,-219.67,1.30924685174212,0.83,0.832293752132061,45,0.1445,0.318804867505645,"Ajax|Elementary|5d"
116,"Pickering","1d","Secondary",1,-130.67,-129.34,0.726368601967801,0.53,0.525354985536419,20,0.6254,0.135108565519602,"Pickering|Secondary|1d"
116,"Ajax","1d","Secondary",-6,-106.94,-121.67,0.296874911781928,0.94,0.940022328047631,17,0.3094,-0.128145114160122,"Ajax|Secondary|1d"
116,"Pickering","3d","Secondary",4,-211.09,-205.45,0.826040028251651,0.27,0.267163841908104,33,0.1738,0.361482644947026,"Pickering|Secondary|3d"
116,"Ajax","3d","Secondary",-5,-308.73,-293.6,0.767374692958004,0.77,0.76719980308357,51,0.58,0.340779945457635,"Ajax|Secondary|3d"
116,"Pickering","5d","Secondary",1,-476.31,-452.56,0.376091993311609,0.84,0.842670237946368,64,0.1962,0.307547751873544,"Pickering|Secondary|5d"
116,"Ajax","5d","Secondary",-7,-288.85,-277.71,0.622732103876812,0.79,0.792067611453869,44,0.6665,0.330698852143717,"Ajax|Secondary|5d"
116,"Ajax","7d","Secondary",-4,-449.55,-427.18,0.421642998726392,0.9,0.90229855834257,62,0.6891,0.29699763250058,"Ajax|Secondary|7d"
116,"Pickering","1d","Total",4,-72.38,-93.98,0.422797714813549,0.96,0.960108734162292,14,0.2895,-0.0272151139145084,"Pickering|Total|1d"
116,"Ajax","1d","Total",-6,-87.71,-93.39,0.845979676788019,0.78,0.775994973645932,17,0.2052,-0.0918486641420679,"Ajax|Total|1d"
116,"Ajax","3d","Total",0,-303.07,-287.13,0.882702464780362,0.85,0.851164707041116,52,0.109,0.160760120778976,"Ajax|Total|3d"
116,"Pickering","5d","Total",0,-417.04,-394.87,0.707456842574776,0.82,0.822696564716335,64,0.3979,0.288680291195251,"Pickering|Total|5d"
116,"Ajax","5d","Total",6,-249.67,-237.81,1.1150025201299,0.81,0.811385504349409,45,0.2252,0.398990990884407,"Ajax|Total|5d"
117,"Pickering","1d","Elementary",-6,-66.37,-66.85,2.04912059264369,0.4,0.395281318046607,16,0.8255,0.254764884911185,"Pickering|Elementary|1d"
117,"Ajax","1d","Elementary",1,-80.67,-83.74,1.90060273770386,0.6,0.601549329437528,21,0.7575,0.285948121682437,"Ajax|Elementary|1d"
117,"Pickering","3d","Elementary",7,-330.54,-312.54,1.13341278623262,0.77,0.774690602431273,59,0.3369,0.334421797151969,"Pickering|Elementary|3d"
117,"Pickering","5d","Elementary",3,-259.75,-250.26,0.708749986292972,0.9,0.901203398259209,41,0.6115,0.245144806364904,"Pickering|Elementary|5d"
117,"Ajax","7d","Elementary",4,-450.45,-435.95,0.366685658920847,0.98,0.984871240451247,68,0.5792,0.105539177909519,"Ajax|Elementary|7d"
117,"Pickering","1d","Secondary",1,-134.19,-132.47,0.848386991978826,0.22,0.216896766526751,21,0.6355,0.347517438499187,"Pickering|Secondary|1d"
117,"Ajax","1d","Secondary",-6,-111.61,-113.07,0.743965692654617,0.7,0.695621760331791,19,0.7597,0.273106937345784,"Ajax|Secondary|1d"
117,"Ajax","3d","Secondary",2,-288.51,-272.76,1.10574604585137,0.66,0.656442947776311,53,0.1307,0.367194707063898,"Ajax|Secondary|3d"
117,"Pickering","5d","Secondary",-2,-311.17,-305.48,0.25569431524549,0.92,0.915831818821255,39,0.2634,0.386081131914938,"Pickering|Secondary|5d"
117,"Ajax","7d","Secondary",-3,-539.5,-512.11,0.355811828247375,0.93,0.932129698659239,70,0.0541,0.321978889719016,"Ajax|Secondary|7d"
117,"Pickering","1d","Total",-2,-73.03,-73.41,1.69389487617682,0.17,0.166512111128606,15,0.1779,0.366566225012033,"Pickering|Total|1d"
117,"Ajax","1d","Total",-6,-86.66,-86.97,1.57141590567703,0.43,0.429361602423556,19,0.7767,0.359009101339164,"Ajax|Total|1d"
117,"Pickering","5d","Total",1,-268.91,-260.23,0.563853394275994,0.88,0.879381957048381,41,0.3682,0.278169751534693,"Pickering|Total|5d"
117,"Ajax","7d","Total",-5,-492.19,-467.73,0.505365676018383,0.95,0.945332660165894,68,0.22,0.300809458703844,"Ajax|Total|7d"
118,"Pickering","1d","Elementary",1,-93.85,-93.32,1.59874039743267,0.69,0.691927647955586,19,0.703,0.307906683759586,"Pickering|Elementary|1d"
118,"Ajax","1d","Elementary",1,-85.06,-84.34,2.26379729244371,0.45,0.453340838729996,21,0.3171,0.393075899758301,"Ajax|Elementary|1d"
118,"Pickering","3d","Elementary",6,-250.64,-238.18,1.10569079085169,0.79,0.793672360165472,46,0.472,0.391051834892059,"Pickering|Elementary|3d"
118,"Ajax","3d","Elementary",4,-234.79,-221.21,1.3868745893644,0.8,0.798445772685082,48,0.8741,0.367834915059256,"Ajax|Elementary|3d"
118,"Ajax","7d","Elementary",4,-376.92,-349.91,1.16498991354321,0.83,0.826707482838846,71,0.1414,0.38112984882425,"Ajax|Elementary|7d"
118,"Pickering","1d","Secondary",1,-139.1,-137.68,0.691274186213047,0.61,0.613881375054183,21,0.1963,0.0773394919152044,"Pickering|Secondary|1d"
118,"Ajax","1d","Secondary",-1,-83.75,-96.35,0.525734139877068,0.88,0.880550805671352,15,0.6724,0.374252981181601,"Ajax|Secondary|1d"
118,"Pickering","3d","Secondary",2,-344.32,-331.49,0.614276049081871,0.63,0.625592293621139,50,0.0558,0.319159122489581,"Pickering|Secondary|3d"
118,"Pickering","1d","Total",1,-102.49,-101.68,1.31690121150744,0.64,0.64272315078038,19,0.4983,0.283723515582451,"Pickering|Total|1d"
118,"Ajax","1d","Total",1,-94.92,-94.6,1.70834106567463,0.54,0.537132154587515,21,0.2829,0.287031301435947,"Ajax|Total|1d"
118,"Pickering","3d","Total",7,-257.18,-245.8,0.967877036358225,0.71,0.711920976789104,44,0.1022,0.372887129088333,"Pickering|Total|3d"
119,"Pickering","1d","Elementary",1,-82.93,-83.29,1.72106756369311,0.56,0.556183172433159,18,0.7436,0.239039517247871,"Pickering|Elementary|1d"
119,"Ajax","1d","Elementary",1,-74.36,-74.4,2.19631077217643,0.39,0.392924027735576,18,0.7518,0.399384868633512,"Ajax|Elementary|1d"
119,"Pickering","5d","Elementary",6,-284.54,-272.64,0.654131919714042,0.92,0.920792408700251,46,0.0623,0.0375027541091132,"Pickering|Elementary|5d"
119,"Ajax","7d","Elementary",7,-374.48,-357.34,0.512005543315063,0.97,0.97371233927325,56,0.2314,0.217292750474049,"Ajax|Elementary|7d"
119,"Pickering","1d","Secondary",1,-115.5,-114.47,0.911542928360202,0.29,0.292040454194069,19,0.0908,0.239823527713111,"Pickering|Secondary|1d"
119,"Ajax","1d","Secondary",-6,-92.15,-93.24,0.886450708244302,0.44,0.443571134197342,16,0.4766,0.353116032944761,"Ajax|Secondary|1d"
119,"Pickering","5d","Secondary",-4,-289.76,-280.5,0.585325509706267,0.63,0.632710246124046,42,0.7176,0.342009344901641,"Pickering|Secondary|5d"
119,"Ajax","7d","Secondary",-4,-443.53,-421.96,0.425224849968508,0.88,0.878420831746304,62,0.2366,0.39997931424955,"Ajax|Secondary|7d"
119,"Pickering","1d","Total",1,-89.05,-89.35,1.44929534554573,0.46,0.457321729786259,18,0.3509,0.270957864844362,"Pickering|Total|1d"
119,"Ajax","1d","Total",5,-70.46,-78.03,0.527894942564832,0.96,0.959451584316329,12,0.1438,-0.294564609668333,"Ajax|Total|1d"
119,"Pickering","5d","Total",6,-307.41,-296.81,0.474885572253233,0.93,0.933531908916527,46,0.0667,0.143829319432335,"Pickering|Total|5d"
119,"Ajax","7d","Total",7,-414.2,-396.19,0.376035277129919,0.98,0.976917344446783,56,0.6056,0.218266118910545,"Ajax|Total|7d"
120,"Pickering","1d","Elementary",1,-78.7,-78.94,1.74728510200437,0.24,0.238165498993301,17,0.8985,0.370489816015684,"Pickering|Elementary|1d"
120,"Ajax","1d","Elementary",1,-80.13,-82.04,1.57088138307042,0.75,0.753426772067318,18,0.4375,-0.136412306090195,"Ajax|Elementary|1d"
120,"Pickering","3d","Elementary",6,-202.09,-194.34,1.46306886635055,0.63,0.632045824541388,39,0.542,0.206281205105907,"Pickering|Elementary|3d"
120,"Pickering","5d","Elementary",-3,-267.19,-258.79,0.584458252002073,0.87,0.870774175339756,43,0.4873,0.26208358985196,"Pickering|Elementary|5d"
120,"Pickering","7d","Elementary",-5,-284.04,-271.06,0.817272889013186,0.88,0.87866289374724,48,0.0569,0.0215634470503705,"Pickering|Elementary|7d"
120,"Ajax","7d","Elementary",-4,-407.14,-381.37,0.984941812271685,0.85,0.854015589996705,70,0.0681,0.371605538168101,"Ajax|Elementary|7d"
120,"Pickering","1d","Secondary",-6,-111.12,-114,0.543351198513043,0.66,0.664602107608422,17,0.7066,0.0885433276062821,"Pickering|Secondary|1d"
120,"Ajax","1d","Secondary",0,-66.99,-81.61,0.765185056851889,0.74,0.742521272318853,15,0.323,0.206127183836472,"Ajax|Secondary|1d"
120,"Pickering","3d","Secondary",2,-282.58,-273.28,0.50113858250533,0.72,0.724069456052025,40,0.2035,0.259755480353669,"Pickering|Secondary|3d"
120,"Pickering","5d","Secondary",-4,-314.08,-303.75,0.406570494926703,0.83,0.831778874397807,42,0.4079,0.174688876052853,"Pickering|Secondary|5d"
120,"Ajax","5d","Secondary",-5,-390.44,-373.04,0.54818430983442,0.83,0.832012697325989,56,0.5101,0.387261483175355,"Ajax|Secondary|5d"
120,"Ajax","7d","Secondary",-4,-518.91,-494.23,0.461721215196854,0.88,0.883816181283959,70,0.895,0.207751246404518,"Ajax|Secondary|7d"
120,"Pickering","1d","Total",1,-83.31,-83.41,1.53106930917873,0.19,0.189912412210441,17,0.8291,0.343241160163691,"Pickering|Total|1d"
120,"Ajax","1d","Total",1,-83.72,-85.34,1.43117345782628,0.69,0.693307323142641,18,0.9134,0.0324425528481688,"Ajax|Total|1d"
120,"Pickering","3d","Total",6,-223.84,-216.21,1.13140592414325,0.59,0.587654288547445,39,0.5388,0.267984057741423,"Pickering|Total|3d"
120,"Pickering","5d","Total",-4,-287.33,-277.62,0.490908046465833,0.86,0.863736169539574,42,0.8777,0.299040799364,"Pickering|Total|5d"
120,"Pickering","7d","Total",-4,-310.12,-295.85,0.702974730268097,0.83,0.83336270775469,50,0.0548,0.263177867197421,"Pickering|Total|7d"
120,"Ajax","7d","Total",2,-444.32,-420.55,0.786163553129556,0.89,0.891946020037418,70,0.142,0.330208074109682,"Ajax|Total|7d"
121,"Pickering","1d","Elementary",-6,-77.81,-78.4,1.77685359197905,0.54,0.542709036077377,17,0.5807,0.223446420562861,"Pickering|Elementary|1d"
121,"Ajax","1d","Elementary",1,-83.32,-84.31,1.80163616163387,0.66,0.658609731029508,19,0.1156,0.11498922449274,"Ajax|Elementary|1d"
121,"Pickering","5d","Elementary",0,-350.28,-333.3,0.687903742709831,0.89,0.89219410877575,54,0.7732,0.211951573022077,"Pickering|Elementary|5d"
121,"Pickering","1d","Secondary",0,-121.49,-120.26,0.840219722248375,0.3,0.303306404757086,19,0.8019,0.244806605995392,"Pickering|Secondary|1d"
121,"Ajax","1d","Secondary",0,-83.76,-84.15,1.21150887297288,0.29,0.293826996808496,16,0.9394,0.160750156226638,"Ajax|Secondary|1d"
121,"Pickering","5d","Secondary",1,-420.6,-404.6,0.376492111055357,0.84,0.841213889817554,54,0.3705,0.312981961540019,"Pickering|Secondary|5d"
121,"Ajax","5d","Secondary",6,-393.46,-373.66,0.665810247790986,0.8,0.801698215114712,60,0.0664,0.285527675504587,"Ajax|Secondary|5d"
121,"Pickering","1d","Total",-6,-82.27,-83.06,1.5070323628379,0.48,0.476266284070865,17,0.6319,0.293165009663238,"Pickering|Total|1d"
121,"Ajax","1d","Total",1,-89.05,-90.82,1.41734973393963,0.66,0.662205545515415,19,0.856,0.182730134287638,"Ajax|Total|1d"
121,"Pickering","5d","Total",1,-373.43,-356.37,0.544501683419622,0.9,0.89948381203175,54,0.1486,0.107659376826676,"Pickering|Total|5d"
122,"Pickering","1d","Elementary",1,-114.25,-113.78,1.48697195802116,0.75,0.747744771623964,24,0.5623,0.18327900494706,"Pickering|Elementary|1d"
122,"Ajax","1d","Elementary",1,-90.79,-90.09,1.74490196488828,0.67,0.673414619960066,19,0.2985,0.115470237521651,"Ajax|Elementary|1d"
122,"Pickering","1d","Secondary",0,-122.21,-121.25,0.850024661490452,0.47,0.467691145488861,20,0.8047,0.0491702806131966,"Pickering|Secondary|1d"
122,"Ajax","1d","Secondary",-6,-102.7,-105.48,0.763595986774526,0.66,0.658237217111764,18,0.921,-0.0540027592507103,"Ajax|Secondary|1d"
122,"Ajax","3d","Secondary",4,-330.39,-313.38,0.786523544252246,0.84,0.840825662449989,54,0.3934,0.114328418280518,"Ajax|Secondary|3d"
122,"Pickering","5d","Secondary",-4,-378.89,-364.96,0.415342484157368,0.73,0.73103048354779,50,0.6631,0.332719908705639,"Pickering|Secondary|5d"
122,"Ajax","5d","Secondary",3,-433.77,-413.82,0.481510745097474,0.89,0.885827973606763,60,0.3331,0.350528904267543,"Ajax|Secondary|5d"
122,"Pickering","1d","Total",1,-125.36,-123.74,1.28933331499889,0.68,0.683133241018998,24,0.6957,0.179118136447297,"Pickering|Total|1d"
122,"Ajax","1d","Total",1,-93.23,-93.35,1.44731680503016,0.65,0.65419771857137,19,0.3996,0.211006872646869,"Ajax|Total|1d"
122,"Ajax","3d","Total",6,-308.82,-295.64,1.09603414409308,0.83,0.831450633307269,52,0.1172,0.366034864596767,"Ajax|Total|3d"
122,"Ajax","5d","Total",-6,-391.35,-371.69,0.557932277147949,0.92,0.915692848814916,58,0.6061,0.307107821521399,"Ajax|Total|5d"
123,"Pickering","1d","Elementary",7,-96.58,-97.86,1.34585857690915,0.76,0.759961349994915,20,0.3999,-0.0913697813144799,"Pickering|Elementary|1d"
123,"Ajax","1d","Elementary",1,-81.84,-82.21,1.77467732026987,0.67,0.667287311352016,18,0.7995,0.359119359611935,"Ajax|Elementary|1d"
123,"Pickering","5d","Elementary",4,-311.39,-295.54,0.846742279083757,0.83,0.830132923939816,52,0.7173,0.317320309104642,"Pickering|Elementary|5d"
123,"Ajax","5d","Elementary",5,-295.13,-284.91,0.54131083378794,0.96,0.960635799583866,46,0.763,0.188974057608397,"Ajax|Elementary|5d"
123,"Pickering","1d","Secondary",1,-157.28,-154.06,0.904846689654829,0.46,0.463176212611913,26,0.1752,0.308742827370719,"Pickering|Secondary|1d"
123,"Ajax","1d","Secondary",0,-82.69,-82.74,1.12133402086527,0.36,0.356664606751273,15,0.3532,-0.129869471000475,"Ajax|Secondary|1d"
123,"Pickering","3d","Secondary",7,-370.22,-353.31,0.556164793972873,0.71,0.71097015688907,54,0.7443,0.349371055928332,"Pickering|Secondary|3d"
123,"Pickering","5d","Secondary",7,-384.7,-369.65,0.429533811213566,0.76,0.761532728515852,52,0.0856,0.301319221948597,"Pickering|Secondary|5d"
123,"Pickering","1d","Total",7,-110,-112.09,0.86520337606712,0.81,0.805152276780668,20,0.191,-0.128008381816673,"Pickering|Total|1d"
123,"Ajax","1d","Total",-6,-95.3,-97.58,1.02900090207321,0.74,0.741036665277012,18,0.7963,0.359992478168577,"Ajax|Total|1d"
123,"Ajax","5d","Total",5,-298.94,-288.04,0.543525087166355,0.94,0.942022487667874,46,0.8381,0.310710050032387,"Ajax|Total|5d"
124,"Pickering","1d","Elementary",-6,-76.94,-79.05,1.41079104023262,0.73,0.727011056710686,16,0.2062,0.0811907627724493,"Pickering|Elementary|1d"
124,"Ajax","1d","Elementary",1,-59.13,-60.03,2.29130519286728,0.36,0.35797258529427,15,0.5757,0.25661234650497,"Ajax|Elementary|1d"
124,"Pickering","1d","Secondary",0,-107.74,-106.96,0.872461287753261,0.04,0.0403763461225308,17,0.9024,0.234185368703999,"Pickering|Secondary|1d"
124,"Ajax","1d","Secondary",-6,-71.18,-72.74,1.07268851775088,0.19,0.194857691306219,13,0.9913,-0.0304412337111956,"Ajax|Secondary|1d"
124,"Pickering","3d","Secondary",-7,-351.14,-336.19,0.553015602832362,0.71,0.705023703667336,51,0.2809,0.393205748822451,"Pickering|Secondary|3d"
124,"Ajax","5d","Secondary",5,-432.66,-409.12,0.672690318876964,0.79,0.793881818639032,66,0.1121,0.371264934868065,"Ajax|Secondary|5d"
124,"Ajax","7d","Secondary",-7,-436.33,-419.79,0.259284269372909,0.96,0.96145776559057,53,0.7121,0.357127899564785,"Ajax|Secondary|7d"
124,"Pickering","1d","Total",-4,-83.27,-86.27,0.75494382791363,0.63,0.628967678428646,14,0.4613,0.0431529871067656,"Pickering|Total|1d"
124,"Ajax","1d","Total",1,-66.18,-67.15,1.77987141133248,0.42,0.417094874859959,15,0.4009,0.300859317132545,"Ajax|Total|1d"
125,"Pickering","1d","Elementary",1,-77.91,-80.04,1.01317096086273,0.86,0.857959601187172,14,0.3672,0.235694138303574,"Pickering|Elementary|1d"
125,"Ajax","1d","Elementary",1,-83.81,-83.35,1.85418851148415,0.63,0.626528580078163,18,0.3245,0.28189888428904,"Ajax|Elementary|1d"
125,"Pickering","3d","Elementary",-7,-247.62,-237.8,1.38859889019863,0.6,0.596201374008233,46,0.6803,0.379316258316502,"Pickering|Elementary|3d"
125,"Pickering","5d","Elementary",-2,-235.68,-226.09,0.881999376266247,0.86,0.862232842929425,41,0.2324,0.0308194758646797,"Pickering|Elementary|5d"
125,"Pickering","1d","Secondary",1,-82.5,-85.86,0.754514232212583,0.49,0.492619186445984,14,0.5323,0.280552527063463,"Pickering|Secondary|1d"
125,"Ajax","1d","Secondary",0,-89.52,-89.57,0.937110541472836,0.52,0.523074220116818,15,0.7904,0.30789859523205,"Ajax|Secondary|1d"
125,"Pickering","5d","Secondary",-2,-304.72,-296.11,0.363140914110901,0.9,0.896921644860122,41,0.4742,0.114581198764159,"Pickering|Secondary|5d"
125,"Pickering","1d","Total",1,-80.01,-83.42,0.841097066022157,0.82,0.819697818056052,14,0.896,0.314312718878351,"Pickering|Total|1d"
125,"Ajax","1d","Total",1,-88.4,-90.32,1.27846954113363,0.71,0.712136894487193,18,0.7763,0.353091178511367,"Ajax|Total|1d"
125,"Pickering","5d","Total",-2,-265.73,-255.96,0.638768855391644,0.88,0.884227586686773,41,0.773,0.0482327762161006,"Pickering|Total|5d"
126,"Pickering","1d","Elementary",-7,-89.11,-91.17,1.25519123271847,0.75,0.74610387309226,18,0.7353,-0.107947293468978,"Pickering|Elementary|1d"
126,"Ajax","1d","Elementary",1,-87.65,-94.21,1.01422913321456,0.87,0.868644905786217,19,0.3304,-0.232174399759614,"Ajax|Elementary|1d"
126,"Pickering","3d","Elementary",-1,-195.67,-187.4,1.38917397135694,0.63,0.63075549333374,38,0.1581,0.379249996506786,"Pickering|Elementary|3d"
126,"Ajax","3d","Elementary",-3,-237.14,-227.73,1.30752144532972,0.74,0.735178450798061,43,0.1163,0.393901812590562,"Ajax|Elementary|3d"
126,"Pickering","5d","Elementary",-2,-287.01,-274.94,0.822003617299703,0.76,0.763684845713279,46,0.5951,0.379827137565455,"Pickering|Elementary|5d"
126,"Pickering","7d","Elementary",-7,-163.44,-164.61,0.717919512647154,0.82,0.816610718426477,29,0.366,0.303943216079564,"Pickering|Elementary|7d"
126,"Pickering","1d","Secondary",0,-124.51,-123.71,0.796703496108766,0.49,0.491805037075386,20,0.0982,0.215052000244658,"Pickering|Secondary|1d"
126,"Ajax","1d","Secondary",7,-85.99,-89.73,0.633518446260489,0.86,0.861747455630312,14,0.5305,-0.08265935943626,"Ajax|Secondary|1d"
126,"Pickering","3d","Secondary",-1,-258.88,-250.57,0.579648999578344,0.68,0.676637316206826,38,0.2875,0.281507574912195,"Pickering|Secondary|3d"
126,"Pickering","5d","Secondary",2,-367.35,-354.47,0.44509111810744,0.76,0.755325547733939,49,0.5111,0.33212817894287,"Pickering|Secondary|5d"
126,"Pickering","7d","Secondary",1,-338.95,-328.22,0.315764409030739,0.79,0.788721738540592,43,0.1743,0.257917443201264,"Pickering|Secondary|7d"
126,"Ajax","7d","Secondary",2,-474.49,-451.21,0.523142827625594,0.86,0.860631265252786,67,0.0524,0.275002363191055,"Ajax|Secondary|7d"
126,"Pickering","1d","Total",1,-93.37,-98.47,1.25988495882163,0.73,0.725110624163077,20,0.4719,0.376546232873765,"Pickering|Total|1d"
126,"Ajax","1d","Total",1,-90.69,-93.13,1.19082866671574,0.73,0.734720707418654,19,0.7731,0.0738551189557777,"Ajax|Total|1d"
126,"Pickering","3d","Total",-3,-208.8,-205.83,0.581776679849163,0.87,0.869849619695748,34,0.0743,-0.12037612390571,"Pickering|Total|3d"
126,"Ajax","3d","Total",-3,-255.17,-244.34,0.923743390845323,0.79,0.793465619082456,43,0.1414,0.30790241949265,"Ajax|Total|3d"
126,"Pickering","5d","Total",-4,-298.09,-287.1,0.640307619909934,0.81,0.812648011097978,44,0.7594,0.340995713578702,"Pickering|Total|5d"
126,"Pickering","7d","Total",-7,-172.79,-172.25,0.660440264228438,0.79,0.790039424822376,29,0.2797,0.396549811060465,"Pickering|Total|7d"
127,"Pickering","1d","Elementary",7,-62.05,-65.89,1.38846531011872,0.63,0.63207349780064,14,0.347,0.256358292936991,"Pickering|Elementary|1d"
127,"Ajax","1d","Elementary",1,-94.68,-94.55,1.69917029774652,0.69,0.692690610062441,21,0.5755,0.237854783281205,"Ajax|Elementary|1d"
127,"Ajax","3d","Elementary",-2,-274.37,-261.52,1.39565841733733,0.74,0.73805717825771,51,0.4826,0.374624831087365,"Ajax|Elementary|3d"
127,"Pickering","5d","Elementary",-1,-307.12,-294.07,0.612109517930446,0.88,0.876034060869343,47,0.57,0.356125690224919,"Pickering|Elementary|5d"
127,"Ajax","5d","Elementary",5,-392.57,-368.43,0.856576348560468,0.92,0.91604548459094,66,0.0845,0.39874581734633,"Ajax|Elementary|5d"
127,"Pickering","1d","Secondary",-1,-96.93,-98.81,0.473152636437001,0.33,0.334955579712918,14,0.6155,0.261123351304092,"Pickering|Secondary|1d"
127,"Ajax","1d","Secondary",-6,-105.91,-110.03,0.760708900183287,0.7,0.704974654812258,19,0.249,0.179201804371103,"Ajax|Secondary|1d"
127,"Pickering","5d","Secondary",5,-340.34,-326.79,0.45785690820759,0.78,0.775188266132885,48,0.2549,0.321452072981881,"Pickering|Secondary|5d"
127,"Pickering","1d","Total",1,-70.82,-73.84,1.53890946880925,0.52,0.51822451089737,16,0.6375,0.323227449276953,"Pickering|Total|1d"
127,"Ajax","1d","Total",1,-100.88,-100.64,1.42891078458765,0.66,0.658317126632012,21,0.6177,0.337685688995564,"Ajax|Total|1d"
127,"Ajax","5d","Total",4,-422.65,-397.74,0.716246589878685,0.91,0.90950346828014,67,0.5774,0.394782101647312,"Ajax|Total|5d"
128,"Pickering","1d","Elementary",-6,-64.02,-65.91,1.89613036154644,0.69,0.689590227687703,15,0.9328,-0.123583579816081,"Pickering|Elementary|1d"
128,"Ajax","1d","Elementary",-6,-80.16,-79.07,2.3256383395108,0.25,0.247021696257081,19,0.7222,0.343384428505076,"Ajax|Elementary|1d"
128,"Pickering","3d","Elementary",-1,-286.63,-272.73,0.90470512879534,0.83,0.827645314425634,50,0.1047,0.385072625817387,"Pickering|Elementary|3d"
128,"Pickering","5d","Elementary",-3,-257.53,-248.46,1.22168133395772,0.37,0.371211414168,46,0.2613,0.394978007158407,"Pickering|Elementary|5d"
128,"Ajax","5d","Elementary",-7,-288.53,-275.62,0.807794164366932,0.86,0.858632806998827,47,0.5515,0.378553875485624,"Ajax|Elementary|5d"
128,"Pickering","1d","Secondary",-6,-102.27,-118.04,0.295394528394011,0.91,0.910872326172174,16,0.7022,-0.384445341856369,"Pickering|Secondary|1d"
128,"Ajax","1d","Secondary",-6,-105.35,-104.76,1.09258304008625,0.38,0.380386083051225,19,0.7893,0.292708357530705,"Ajax|Secondary|1d"
128,"Pickering","3d","Secondary",2,-352.08,-336.74,0.506442267732347,0.74,0.741322090146272,51,0.0647,0.346999929627148,"Pickering|Secondary|3d"
128,"Ajax","3d","Secondary",-1,-293.86,-277.34,1.1152913371954,0.64,0.63717436969817,54,0.6713,0.398734181880284,"Ajax|Secondary|3d"
128,"Ajax","5d","Secondary",-2,-394.09,-378.76,0.403891740178925,0.91,0.912074571849365,52,0.2872,0.273616281779057,"Ajax|Secondary|5d"
128,"Pickering","1d","Total",-6,-73.29,-74.43,1.49829150453803,0.67,0.665221908920015,15,0.9435,-0.110969451164616,"Pickering|Total|1d"
128,"Ajax","1d","Total",-6,-86.96,-86.6,1.70492038157756,0.36,0.357861358199972,19,0.8405,0.344076891519768,"Ajax|Total|1d"
128,"Ajax","5d","Total",-7,-318.05,-305,0.55107821120492,0.9,0.901368214774703,47,0.8128,0.314991718345877,"Ajax|Total|5d"
128,"Ajax","7d","Total",5,-381.18,-360.74,1.15986243637045,0.75,0.75344982532488,68,0.363,0.398098168831417,"Ajax|Total|7d"
129,"Pickering","1d","Elementary",3,-67.15,-66.96,1.84097384992568,0,9.94068535362232e-05,14,0.7971,0.137575257584981,"Pickering|Elementary|1d"
129,"Ajax","1d","Elementary",1,-83.2,-84.74,1.55929793182529,0.68,0.6824201861158,19,0.1858,0.0750904671215044,"Ajax|Elementary|1d"
129,"Pickering","3d","Elementary",-7,-149.91,-145.89,1.2930799750089,0.78,0.77707840303995,29,0.0748,0.294208205715415,"Pickering|Elementary|3d"
129,"Pickering","5d","Elementary",4,-225.93,-218.19,1.15652942973253,0.47,0.47279775818618,40,0.0523,0.380340870100456,"Pickering|Elementary|5d"
129,"Ajax","5d","Elementary",-5,-322.82,-303.5,1.07780067333527,0.77,0.774291825377032,58,0.1204,0.334722717450589,"Ajax|Elementary|5d"
129,"Ajax","7d","Elementary",3,-422.56,-398.45,0.857405398505013,0.91,0.908770978292042,69,0.1961,0.275424653077265,"Ajax|Elementary|7d"
129,"Pickering","1d","Secondary",6,-85.52,-95.38,0.33656713729065,0.83,0.830741768679988,13,0.9175,-0.18628021989936,"Pickering|Secondary|1d"
129,"Ajax","1d","Secondary",-6,-111.84,-112.35,0.700713807502533,0.71,0.712220508485981,18,0.269,-0.0783066123209575,"Ajax|Secondary|1d"
129,"Pickering","3d","Secondary",-5,-221.95,-216.38,0.517500744410162,0.71,0.713458088601693,32,0.0524,0.314237836164838,"Pickering|Secondary|3d"
129,"Ajax","3d","Secondary",0,-198.03,-196.34,0.628966159387783,0.78,0.783475224078779,33,0.2513,0.14016260229906,"Ajax|Secondary|3d"
129,"Pickering","5d","Secondary",-1,-283.92,-275.88,0.578375397173584,0.6,0.598079311787256,40,0.6696,0.369367577390645,"Pickering|Secondary|5d"
129,"Ajax","7d","Secondary",-4,-561.92,-534.11,0.28372818807587,0.95,0.952461356313189,70,0.4987,-0.00106635444525583,"Ajax|Secondary|7d"
129,"Pickering","1d","Total",3,-70.71,-70.78,1.34619481051245,0,8.86253258393646e-05,13,0.4298,0.129412481193289,"Pickering|Total|1d"
129,"Ajax","1d","Total",1,-87.4,-89.7,1.33155583145065,0.67,0.668658447436375,19,0.1351,0.0387476536331739,"Ajax|Total|1d"
129,"Pickering","3d","Total",-7,-159.07,-155.69,0.979299979314168,0.78,0.78444255493835,28,0.4566,0.310928549939291,"Pickering|Total|3d"
129,"Pickering","5d","Total",-2,-244.32,-237.17,0.842008603901165,0.63,0.625248585730529,38,0.1599,0.386243465728171,"Pickering|Total|5d"
129,"Ajax","5d","Total",-5,-354.39,-336.74,0.882633145375454,0.77,0.773316767764527,58,0.2157,0.35469296994921,"Ajax|Total|5d"
129,"Ajax","7d","Total",3,-460.06,-435.16,0.619621359009867,0.92,0.921897408855116,69,0.0583,0.166086440257352,"Ajax|Total|7d"
130,"Pickering","1d","Elementary",1,-54.74,-59.27,1.45329343821274,0.59,0.585306210215495,13,0.2594,0.0909151856695285,"Pickering|Elementary|1d"
130,"Ajax","1d","Elementary",-6,-52.37,-55.64,1.55435626131241,0.41,0.405930441455468,12,0.9042,0.261594865466914,"Ajax|Elementary|1d"
130,"Pickering","3d","Elementary",-7,-145.44,-143.9,1.01817371814557,0.79,0.792698384054575,28,0.5609,0.286588608991074,"Pickering|Elementary|3d"
130,"Ajax","3d","Elementary",7,-265.36,-251.4,1.18249852932223,0.85,0.848561037807915,49,0.403,0.323984862109101,"Ajax|Elementary|3d"
130,"Pickering","5d","Elementary",-6,-323.14,-307.76,0.939529080116626,0.75,0.752047368928619,54,0.2303,0.397624552736828,"Pickering|Elementary|5d"
130,"Ajax","7d","Elementary",-7,-370.55,-353.39,0.840370835307718,0.85,0.8478411818211,59,0.1248,0.337760860469369,"Ajax|Elementary|7d"
130,"Pickering","1d","Secondary",-4,-67.86,-85.89,0.262536453873521,0.97,0.97141398071752,11,0.9154,-0.365885549877199,"Pickering|Secondary|1d"
130,"Ajax","1d","Secondary",7,-68.93,-72.67,0.736272902672909,0.76,0.764553812443389,12,0.8229,-0.0536060709096245,"Ajax|Secondary|1d"
130,"Pickering","3d","Secondary",-1,-207.44,-204.83,0.484323347319298,0.73,0.733535524701903,31,0.6505,-0.0612230974696916,"Pickering|Secondary|3d"
130,"Pickering","5d","Secondary",-3,-427.52,-406.87,0.470135457902134,0.75,0.747482842051253,60,0.5338,0.384520627820427,"Pickering|Secondary|5d"
130,"Ajax","7d","Secondary",-4,-472.13,-449.55,0.510824656931091,0.86,0.862440955572125,65,0.4147,0.271764565370169,"Ajax|Secondary|7d"
130,"Pickering","1d","Total",1,-59.47,-64.03,1.26243688800495,0.5,0.500820471393657,13,0.6672,0.150957634810769,"Pickering|Total|1d"
130,"Ajax","1d","Total",7,-46.11,-53.74,1.42638274564049,0.76,0.757777613410085,12,0.4249,0.122278045605208,"Ajax|Total|1d"
130,"Pickering","3d","Total",1,-165.86,-162.28,1.04939970316108,0.78,0.775755798458579,30,0.2266,0.333851018208337,"Pickering|Total|3d"
130,"Ajax","3d","Total",6,-282.79,-269.06,0.998890030237862,0.82,0.817691621926517,49,0.8704,0.354504340610173,"Ajax|Total|3d"
130,"Pickering","5d","Total",-7,-333.57,-318.48,0.746322380202721,0.77,0.772686381745557,52,0.6151,0.386267231063272,"Pickering|Total|5d"
130,"Ajax","7d","Total",-6,-398.03,-378.86,0.70688462145146,0.84,0.843653642049585,61,0.0978,0.294866252622345,"Ajax|Total|7d"
131,"Pickering","1d","Elementary",-7,-91.55,-91.68,1.48422685665715,0.45,0.449343659729438,19,0.8975,0.368405382781927,"Pickering|Elementary|1d"
131,"Ajax","1d","Elementary",-6,-79.22,-78.17,2.33340791340579,0.22,0.22407645450351,19,0.8016,0.363839537619632,"Ajax|Elementary|1d"
131,"Pickering","5d","Elementary",0,-238.9,-229.22,0.91367516576482,0.81,0.813326134719325,42,0.4931,0.25263302545405,"Pickering|Elementary|5d"
131,"Pickering","7d","Elementary",-5,-469.54,-441.58,0.801094816209509,0.88,0.880128353013301,75,0.1531,0.340872396082675,"Pickering|Elementary|7d"
131,"Ajax","7d","Elementary",0,-407.5,-384.72,0.858841378326875,0.9,0.902416363917956,66,0.068,0.317200005035955,"Ajax|Elementary|7d"
131,"Pickering","1d","Secondary",1,-154.35,-151.07,0.910914577271101,0.42,0.420829605884997,26,0.163,0.295789584626675,"Pickering|Secondary|1d"
131,"Ajax","1d","Secondary",-6,-109.95,-109.87,0.882432004306337,0.57,0.56848599968037,19,0.0632,0.151403486560785,"Ajax|Secondary|1d"
131,"Pickering","5d","Secondary",1,-309.39,-299.06,0.423710221894726,0.77,0.770817630384838,42,0.1674,0.221151191148785,"Pickering|Secondary|5d"
131,"Pickering","1d","Total",-6,-99.01,-97.61,1.66006718314937,0.28,0.282073303234863,21,0.8121,0.293510595168333,"Pickering|Total|1d"
131,"Ajax","1d","Total",-6,-88.46,-87.49,1.77279509623128,0.3,0.298046717400011,19,0.9695,0.317391763056268,"Ajax|Total|1d"
131,"Pickering","5d","Total",1,-256.98,-246.67,0.831788893835167,0.72,0.722277554026765,42,0.2398,0.293403078060742,"Pickering|Total|5d"
131,"Pickering","7d","Total",-5,-493.13,-463.55,0.656542251015918,0.87,0.865194631204737,75,0.1911,0.343648937126919,"Pickering|Total|7d"
131,"Ajax","7d","Total",0,-434.55,-411.38,0.676810692242834,0.9,0.902327810350613,66,0.1062,0.316280392951727,"Ajax|Total|7d"
132,"Pickering","1d","Elementary",-7,-99.35,-105.66,0.861903671943907,0.89,0.890095597362339,19,0.983,-0.189868552913674,"Pickering|Elementary|1d"
132,"Ajax","1d","Elementary",-6,-80.61,-79.49,2.32273468030107,0.26,0.257681448490162,19,0.9345,0.34745612001029,"Ajax|Elementary|1d"
132,"Pickering","3d","Elementary",-4,-265.81,-252.6,0.997986435555401,0.81,0.810649322311851,50,0.4096,0.293627340799618,"Pickering|Elementary|3d"
132,"Ajax","3d","Elementary",-4,-191.17,-182.43,1.91295725483579,0.51,0.508274516727245,41,0.2394,0.394985444538512,"Ajax|Elementary|3d"
132,"Pickering","5d","Elementary",4,-385.56,-360.56,0.957006850136107,0.86,0.860438004863854,67,0.0505,0.306143787895394,"Pickering|Elementary|5d"
132,"Pickering","7d","Elementary",7,-314.8,-299.55,0.779731194849776,0.89,0.891811765393614,51,0.1247,0.395022410003431,"Pickering|Elementary|7d"
132,"Ajax","7d","Elementary",-6,-428.22,-402.47,0.677269553548269,0.93,0.927480183282115,67,0.055,0.259933043111262,"Ajax|Elementary|7d"
132,"Pickering","1d","Secondary",1,-147.1,-144.41,1.18505453883147,0.06,0.0614708738215927,26,0.1281,0.361191486779357,"Pickering|Secondary|1d"
132,"Ajax","1d","Secondary",3,-66.27,-77.88,0.846143569549115,0.93,0.927968807141239,14,0.6957,0.0832268155681989,"Ajax|Secondary|1d"
132,"Pickering","3d","Secondary",5,-376.48,-360.01,0.603569380743808,0.66,0.659839671101009,55,0.5346,0.37124547474296,"Pickering|Secondary|3d"
132,"Pickering","5d","Secondary",2,-523.36,-501.93,0.392878460620617,0.84,0.839281068956619,67,0.2533,0.2537306393021,"Pickering|Secondary|5d"
132,"Ajax","7d","Secondary",-7,-488.76,-463.14,0.387711138409603,0.92,0.917492475052461,67,0.2977,0.281003550709193,"Ajax|Secondary|7d"
132,"Pickering","1d","Total",-7,-107.08,-111.36,0.64817298823746,0.89,0.89349276213109,18,0.8397,-0.143666527150532,"Pickering|Total|1d"
132,"Ajax","1d","Total",-2,-67.15,-72.88,0.895101570993927,0.86,0.859407313741456,13,0.5423,0.317563732039053,"Ajax|Total|1d"
132,"Pickering","5d","Total",4,-421.03,-396.17,0.752965407498735,0.86,0.856165428930581,67,0.114,0.3324591490044,"Pickering|Total|5d"
132,"Pickering","7d","Total",7,-340.94,-325.9,0.630890743542119,0.88,0.88284362569449,51,0.0507,0.339865015384257,"Pickering|Total|7d"
132,"Ajax","7d","Total",-6,-452.21,-426.41,0.533824606890054,0.93,0.931058135437088,67,0.0912,0.287902697868776,"Ajax|Total|7d"
133,"Pickering","1d","Elementary",7,-85.43,-85.79,1.75067934495737,0.56,0.555933411049783,19,0.3881,0.265325654957199,"Pickering|Elementary|1d"
133,"Ajax","1d","Elementary",-6,-76.95,-77.2,2.10893852164595,0.37,0.367175041847347,19,0.8172,0.358440386270952,"Ajax|Elementary|1d"
133,"Pickering","7d","Elementary",4,-295.09,-285.07,0.600011245828036,0.92,0.924856171654102,49,0.469,0.235878956681174,"Pickering|Elementary|7d"
133,"Pickering","1d","Secondary",-6,-108.94,-122.57,0.459189601714443,0.89,0.889201454385085,19,0.9053,0.00118904547161669,"Pickering|Secondary|1d"
133,"Ajax","1d","Secondary",-7,-92.43,-95.49,0.66999438028071,0.84,0.835750821167289,15,0.8425,-0.0734076511987253,"Ajax|Secondary|1d"
133,"Ajax","3d","Secondary",-4,-299.93,-285.34,0.992488508157659,0.72,0.720225559706885,52,0.6556,0.313003353657487,"Ajax|Secondary|3d"
133,"Pickering","7d","Secondary",1,-390.13,-376.48,0.330722960792434,0.89,0.886208808724557,49,0.2152,0.336598998533267,"Pickering|Secondary|7d"
133,"Pickering","1d","Total",7,-99.9,-101.82,1.02308614324901,0.72,0.717636148121886,19,0.7508,0.365815606966057,"Pickering|Total|1d"
133,"Ajax","1d","Total",-6,-87.98,-88.79,1.46509955515657,0.51,0.512213562662718,19,0.6782,0.386553063487424,"Ajax|Total|1d"
133,"Ajax","5d","Total",-7,-383.91,-364.16,0.739178450111486,0.84,0.840970709486846,60,0.0647,0.360350458651506,"Ajax|Total|5d"
133,"Pickering","7d","Total",4,-322.52,-312.57,0.460186596622944,0.93,0.931338101280899,49,0.7365,0.237761444865001,"Pickering|Total|7d"
134,"Pickering","1d","Elementary",1,-71.25,-74.2,1.22607668171693,0.79,0.79339683549687,14,0.0742,0.211380311624521,"Pickering|Elementary|1d"
134,"Ajax","1d","Elementary",-6,-35.88,-52.65,1.11380905409835,0.78,0.780614562324331,11,0.7168,0.10701828800997,"Ajax|Elementary|1d"
134,"Pickering","7d","Elementary",5,-534.02,-501.95,0.586328358651979,0.95,0.949191037959186,78,0.931,0.272336928363078,"Pickering|Elementary|7d"
134,"Ajax","7d","Elementary",-2,-378.17,-356.49,0.887625746179291,0.88,0.881901366551079,63,0.1255,0.383568492132313,"Ajax|Elementary|7d"
134,"Pickering","1d","Secondary",0,-82.44,-84.1,0.83988531098315,0.39,0.3939674974839,14,0.8273,-0.0266810881681534,"Pickering|Secondary|1d"
134,"Pickering","3d","Secondary",-3,-396.57,-381.49,0.571421885418528,0.64,0.638376728429449,56,0.8422,0.298880804296971,"Pickering|Secondary|3d"
134,"Pickering","1d","Total",0,-80.09,-81.95,0.870009950366021,0.69,0.692957385528593,14,0.3373,0.165418208815015,"Pickering|Total|1d"
134,"Ajax","1d","Total",-6,-39.97,-57.83,0.86278617877736,0.8,0.79846681221742,11,0.2421,0.070744424846937,"Ajax|Total|1d"
134,"Pickering","7d","Total",5,-555.66,-524.18,0.526607350994106,0.93,0.931566085424461,78,0.8392,0.373656202387816,"Pickering|Total|7d"
134,"Ajax","7d","Total",-2,-420.83,-398.91,0.616745876799988,0.91,0.909175405575002,63,0.1646,0.34444525642362,"Ajax|Total|7d"
135,"Pickering","1d","Elementary",1,-116.83,-114.95,1.59842664306857,0.62,0.616448297629874,26,0.4669,0.141861984343127,"Pickering|Elementary|1d"
135,"Ajax","1d","Elementary",1,-85.69,-85.74,1.78601944711425,0.65,0.649522376162035,19,0.196,0.200058213816868,"Ajax|Elementary|1d"
135,"Ajax","3d","Elementary",7,-233.08,-221.17,1.19774727225972,0.86,0.856729278848627,45,0.0645,0.336525407631626,"Ajax|Elementary|3d"
135,"Pickering","5d","Elementary",0,-250.22,-240.42,0.848033109770231,0.87,0.867133831962616,41,0.3878,0.1318018283915,"Pickering|Elementary|5d"
135,"Pickering","1d","Secondary",0,-138.92,-137.42,0.807801347385236,0.42,0.420851859626792,23,0.5593,0.0127655928113873,"Pickering|Secondary|1d"
135,"Ajax","1d","Secondary",-6,-100.48,-116.44,0.373471299100999,0.93,0.926279583231567,17,0.6758,0.278343478140772,"Ajax|Secondary|1d"
135,"Pickering","3d","Secondary",0,-478.61,-453.07,0.464169574518949,0.77,0.772918417572161,67,0.8879,0.363118390659835,"Pickering|Secondary|3d"
135,"Ajax","3d","Secondary",0,-296.43,-283.8,0.853635194366844,0.69,0.690084387270961,48,0.2567,0.245607905377746,"Ajax|Secondary|3d"
135,"Pickering","5d","Secondary",1,-312.43,-302.7,0.392984870504308,0.74,0.739391214160301,41,0.9255,0.382077600595272,"Pickering|Secondary|5d"
135,"Pickering","1d","Total",1,-127.11,-125.02,1.36048607271101,0.55,0.553133250200645,26,0.6144,0.195426410525618,"Pickering|Total|1d"
135,"Ajax","1d","Total",-6,-91.7,-93.84,0.969893738770006,0.75,0.753182917219345,17,0.2431,0.14375755086076,"Ajax|Total|1d"
135,"Ajax","3d","Total",4,-259.39,-247.64,1.1129796912456,0.77,0.765066827322431,46,0.1033,0.387651571013128,"Ajax|Total|3d"
135,"Pickering","5d","Total",0,-283.97,-274.17,0.550305888333046,0.89,0.891928661639904,41,0.4756,0.0749214454524415,"Pickering|Total|5d"
136,"Pickering","1d","Elementary",-7,-62.76,-62.57,2.19692818164168,0,9.96060491422772e-05,14,0.9837,0.355834148957635,"Pickering|Elementary|1d"
136,"Ajax","1d","Elementary",1,-83.79,-85.74,1.7539670028475,0.67,0.672807165595732,20,0.346,0.336107072977537,"Ajax|Elementary|1d"
136,"Pickering","5d","Elementary",5,-313.33,-299.27,0.666043948446273,0.91,0.907969357851304,50,0.4682,0.35850711497735,"Pickering|Elementary|5d"
136,"Ajax","7d","Elementary",7,-309.19,-294.27,0.852684066929794,0.91,0.913754713413136,51,0.784,0.393362952716992,"Ajax|Elementary|7d"
136,"Pickering","1d","Secondary",1,-94.77,-98.07,0.709656208558133,0.56,0.558180516941814,16,0.1111,0.144755461803433,"Pickering|Secondary|1d"
136,"Ajax","1d","Secondary",0,-84.15,-91.7,0.773377638897533,0.75,0.748396751538897,16,0.9261,0.0967124883087222,"Ajax|Secondary|1d"
136,"Pickering","3d","Secondary",7,-427.24,-407.57,0.59144100762766,0.69,0.692379536698771,62,0.8101,0.307257141824391,"Pickering|Secondary|3d"
136,"Pickering","5d","Secondary",0,-405.62,-390.88,0.284647077539845,0.9,0.901215019790142,50,0.3237,0.370283080149005,"Pickering|Secondary|5d"
136,"Pickering","7d","Secondary",3,-290.37,-281.38,0.44661850022643,0.8,0.804201816085659,40,0.2097,0.273839800953568,"Pickering|Secondary|7d"
136,"Ajax","7d","Secondary",4,-407.89,-390.69,0.374171753383842,0.92,0.919250441887205,54,0.3095,0.377823880173143,"Ajax|Secondary|7d"
136,"Pickering","1d","Total",1,-65.18,-66.56,1.66021826195379,0.28,0.283185836041599,14,0.9979,0.151025632830678,"Pickering|Total|1d"
136,"Ajax","1d","Total",1,-90.41,-92.25,1.46563305838015,0.65,0.654300564036764,20,0.3952,0.36613066532011,"Ajax|Total|1d"
136,"Pickering","5d","Total",4,-325.3,-310.84,0.688583035881064,0.83,0.828870131385935,50,0.994,0.339925680416835,"Pickering|Total|5d"
136,"Ajax","5d","Total",5,-428.79,-405.19,0.53960856037425,0.96,0.955413264227819,64,0.7054,0.368778603139384,"Ajax|Total|5d"
136,"Pickering","7d","Total",6,-202.6,-194.77,1.11083709720424,0.72,0.723086324947449,37,0.1061,0.358254166844503,"Pickering|Total|7d"
137,"Ajax","1d","Elementary",-6,-74.79,-76.6,1.45800418296992,0.57,0.567217622823144,16,0.53,0.365310402839267,"Ajax|Elementary|1d"
137,"Pickering","5d","Elementary",4,-271.57,-259.68,1.02963373386487,0.8,0.800032967568659,47,0.1391,0.360066135458997,"Pickering|Elementary|5d"
137,"Ajax","5d","Elementary",-2,-252.73,-241.36,0.927785914528901,0.87,0.868531992775945,44,0.2769,0.312330402538704,"Ajax|Elementary|5d"
137,"Pickering","7d","Elementary",0,-347.34,-327.18,0.938470008248764,0.84,0.837383999681649,60,0.1755,0.233704998722375,"Pickering|Elementary|7d"
137,"Ajax","1d","Secondary",-6,-92.48,-97.99,0.62889023136558,0.74,0.735586292750122,16,0.1719,0.258812179707822,"Ajax|Secondary|1d"
137,"Ajax","5d","Secondary",7,-258.05,-249.27,0.600017474980416,0.75,0.748266424834804,39,0.2156,0.349830280445328,"Ajax|Secondary|5d"
137,"Ajax","7d","Secondary",-2,-520.58,-494.31,0.372347487371144,0.93,0.928450050939765,68,0.4569,0.262341620284209,"Ajax|Secondary|7d"
137,"Ajax","1d","Total",1,-82.73,-83.75,1.42442165821552,0.54,0.541935834927521,17,0.1374,0.108051873790655,"Ajax|Total|1d"
137,"Pickering","3d","Total",2,-214.89,-206.77,1.26701978770919,0.52,0.523343699648698,39,0.1073,0.396319592394421,"Pickering|Total|3d"
137,"Pickering","5d","Total",4,-295.59,-283.81,0.823092446038233,0.79,0.793722294483347,47,0.0779,0.362260409959758,"Pickering|Total|5d"
137,"Ajax","5d","Total",-2,-276.9,-265.53,0.692045860982472,0.88,0.882670205561184,44,0.6046,0.300749436281354,"Ajax|Total|5d"
137,"Pickering","7d","Total",0,-373.36,-354.2,0.806808685289594,0.8,0.802276612232015,60,0.0691,0.321244009584938,"Pickering|Total|7d"
137,"Ajax","7d","Total",5,-471.22,-444.71,0.483138697215945,0.96,0.957197908969534,68,0.495,0.399688549035423,"Ajax|Total|7d"
138,"Pickering","1d","Elementary",-7,-101.94,-103.81,1.09648124746574,0.74,0.744494801460011,20,0.2161,0.24456235199833,"Pickering|Elementary|1d"
138,"Ajax","1d","Elementary",-6,-47.45,-78.24,0.58110717828625,0.92,0.92160880180461,14,0.7687,-0.136186939662495,"Ajax|Elementary|1d"
138,"Pickering","3d","Elementary",1,-186.88,-180.86,1.05629807122401,0.56,0.558069546696662,33,0.5957,0.227669567635285,"Pickering|Elementary|3d"
138,"Ajax","3d","Elementary",0,-258.56,-249.03,0.721074246979368,0.91,0.907285182748968,43,0.802,0.0872337504699362,"Ajax|Elementary|3d"
138,"Pickering","7d","Elementary",-4,-387.9,-368.8,0.54230928913349,0.89,0.891150548898493,57,0.515,0.361642090178926,"Pickering|Elementary|7d"
138,"Ajax","7d","Elementary",1,-466.82,-439.31,0.711096534937,0.93,0.933558933243468,73,0.6911,0.290711878553075,"Ajax|Elementary|7d"
138,"Pickering","1d","Secondary",-1,-136.38,-135.08,0.622491121084639,0.46,0.460230698169692,20,0.4146,0.0990516289093637,"Pickering|Secondary|1d"
138,"Ajax","1d","Secondary",-6,-97.46,-99.34,0.440422733095951,0.83,0.825156834892763,14,0.2461,-0.258407802734651,"Ajax|Secondary|1d"
138,"Ajax","3d","Secondary",-5,-278.59,-269.78,0.630839722545407,0.8,0.797898060277814,41,0.1807,0.366051627882619,"Ajax|Secondary|3d"
138,"Pickering","5d","Secondary",7,-370.48,-357.32,0.317266650408298,0.89,0.889132941327418,49,0.9793,0.279261670634492,"Pickering|Secondary|5d"
138,"Ajax","7d","Secondary",4,-547.44,-523.18,0.398015622133239,0.92,0.919021309069123,71,0.4795,0.349630157688315,"Ajax|Secondary|7d"
138,"Pickering","1d","Total",-6,-104.53,-104.76,1.32287118790112,0.63,0.62711444741861,21,0.6227,0.153505863062929,"Pickering|Total|1d"
138,"Ajax","1d","Total",-6,-62.11,-84.1,0.512914859745942,0.91,0.912420156480033,14,0.922,-0.143224191268522,"Ajax|Total|1d"
138,"Pickering","3d","Total",5,-192.33,-187.95,0.684823523968919,0.8,0.800847668821826,31,0.1126,0.322147201490722,"Pickering|Total|3d"
138,"Ajax","3d","Total",0,-275.04,-264.72,0.617045790618646,0.88,0.882689221192792,43,0.4168,0.268051915879456,"Ajax|Total|3d"
138,"Pickering","7d","Total",0,-459.03,-435.93,0.50046744470646,0.89,0.894861573746618,65,0.2125,0.318232122509641,"Pickering|Total|7d"
138,"Ajax","7d","Total",2,-494.01,-465.91,0.568405734657838,0.94,0.935964242470058,73,0.7588,0.363757899881507,"Ajax|Total|7d"
139,"Pickering","1d","Elementary",-7,-48.37,-70.8,0.56589257479765,0.92,0.921926713829364,12,0.5317,-0.08174090643445,"Pickering|Elementary|1d"
139,"Ajax","1d","Elementary",1,-78.89,-79.78,1.87262293686389,0.56,0.562765345389957,18,0.0997,0.356714550977835,"Ajax|Elementary|1d"
139,"Pickering","1d","Secondary",1,-114.36,-112.88,1.09679970905792,0.11,0.10970321906682,20,0.486,0.185137853414589,"Pickering|Secondary|1d"
139,"Ajax","1d","Secondary",-6,-96.63,-96.72,0.985949998740264,0.33,0.331014157789307,17,0.5056,0.390607784970872,"Ajax|Secondary|1d"
139,"Pickering","1d","Total",-1,-77.32,-79.11,0.998466847033608,0.52,0.518224173719987,14,0.1242,-0.204538621966263,"Pickering|Total|1d"
139,"Ajax","1d","Total",2,-66.64,-73.75,0.645906465799281,0.86,0.859852317969189,12,0.375,-0.338399610682544,"Ajax|Total|1d"
139,"Pickering","3d","Total",-1,-282.64,-271.39,0.801258309173739,0.62,0.622966381725495,45,0.0643,0.353159119771844,"Pickering|Total|3d"
139,"Ajax","3d","Total",1,-294.45,-281.27,1.00891961792031,0.8,0.80047995528607,50,0.3783,0.372907768218211,"Ajax|Total|3d"
140,"Pickering","1d","Elementary",2,-94.49,-93.29,1.93779258554894,0.52,0.518205847375589,21,0.3541,0.373915697241796,"Pickering|Elementary|1d"
140,"Ajax","1d","Elementary",1,-82.13,-82.6,1.72855016523871,0.58,0.582522826342143,18,0.2,0.199717206660045,"Ajax|Elementary|1d"
140,"Pickering","3d","Elementary",0,-286.19,-273.5,1.36430161510076,0.45,0.450406776509178,53,0.0529,0.362741548018567,"Pickering|Elementary|3d"
140,"Ajax","3d","Elementary",7,-223.04,-213.94,1.20093121699715,0.85,0.845426287538167,40,0.2884,0.217269726917871,"Ajax|Elementary|3d"
140,"Ajax","7d","Elementary",5,-246.22,-273.48,0.315078816176884,0.98,0.975155845061653,43,0.1499,0.0886734484982825,"Ajax|Elementary|7d"
140,"Pickering","1d","Secondary",1,-167.03,-163.29,1.10434124344898,0.11,0.113099568272841,29,0.0579,0.365284969986739,"Pickering|Secondary|1d"
140,"Ajax","1d","Secondary",-6,-97.93,-101.26,0.653696616853948,0.75,0.752720862369817,16,0.9947,-0.0920871817870374,"Ajax|Secondary|1d"
140,"Pickering","3d","Secondary",2,-374.64,-358.51,0.566576765696207,0.67,0.671477264416842,54,0.5421,0.35861844833279,"Pickering|Secondary|3d"
140,"Ajax","3d","Secondary",-6,-246.94,-238.91,0.707759020424216,0.69,0.694785289307831,38,0.2497,0.393397956154312,"Ajax|Secondary|3d"
140,"Pickering","5d","Secondary",5,-462.76,-444.16,0.562731887700485,0.72,0.715814972426905,65,0.2827,0.371624984096587,"Pickering|Secondary|5d"
140,"Ajax","7d","Secondary",7,-370.23,-363.49,0.170340312523561,0.98,0.978123969797367,43,0.2063,0.223828285892335,"Ajax|Secondary|7d"
140,"Pickering","1d","Total",3,-87.62,-87.56,1.77697232368637,0.3,0.302215451572526,19,0.177,0.274231365780566,"Pickering|Total|1d"
140,"Ajax","1d","Total",1,-91.34,-91.82,1.30186184206782,0.63,0.628916543728985,18,0.3005,0.155310532559321,"Ajax|Total|1d"
140,"Ajax","3d","Total",7,-241.34,-232.23,0.910904837727033,0.85,0.84698027485168,40,0.2902,0.198612715697377,"Ajax|Total|3d"
140,"Ajax","7d","Total",-4,-316.69,-317.25,0.253319472742123,0.98,0.982020543400548,43,0.2342,0.147522693884364,"Ajax|Total|7d"
141,"Pickering","1d","Elementary",0,-65.74,-66.85,1.88510893079834,0.22,0.22068491230307,15,0.8289,0.382166274779815,"Pickering|Elementary|1d"
141,"Ajax","1d","Elementary",1,-93.64,-92.12,2.0258766468713,0.56,0.556250550826124,21,0.9859,0.146624173072279,"Ajax|Elementary|1d"
141,"Ajax","7d","Elementary",-5,-344.9,-329.68,0.604520575761529,0.93,0.933091972000725,57,0.8081,0.278119036452227,"Ajax|Elementary|7d"
141,"Pickering","1d","Secondary",7,-92.59,-93.72,0.79017412964047,0.57,0.570848772050371,15,0.777,-0.203265943809775,"Pickering|Secondary|1d"
141,"Ajax","1d","Secondary",0,-99.73,-99.91,0.924556332102153,0.63,0.625996597441193,17,0.2092,-0.0358329186900907,"Ajax|Secondary|1d"
141,"Ajax","7d","Secondary",2,-403.65,-391.84,0.327131714119577,0.94,0.941349947866568,57,0.9593,-0.0319332043465707,"Ajax|Secondary|7d"
141,"Pickering","1d","Total",1,-91.63,-90.76,1.59199245629744,0.13,0.127971862511381,18,0.1793,0.358255121735362,"Pickering|Total|1d"
141,"Ajax","1d","Total",1,-108.33,-106.98,1.346513959317,0.7,0.697082471203307,21,0.8216,-0.0705394715359645,"Ajax|Total|1d"
141,"Pickering","5d","Total",-7,-347.43,-330.54,0.775512854080629,0.67,0.673168622839859,55,0.2279,0.370680010027374,"Pickering|Total|5d"
141,"Ajax","7d","Total",-5,-371.31,-356.65,0.467033237207181,0.94,0.938602192207418,57,0.5372,0.34884633150294,"Ajax|Total|7d"
142,"Pickering","1d","Elementary",-1,-49.16,-58.5,1.18083360684599,0.59,0.588609675608214,12,0.3083,-0.0978960755032587,"Pickering|Elementary|1d"
142,"Ajax","1d","Elementary",1,-65.89,-71.87,1.4626017295322,0.7,0.702836151709222,16,0.4911,0.302100368336375,"Ajax|Elementary|1d"
142,"Pickering","5d","Elementary",-4,-301.17,-285.34,0.939079010482848,0.87,0.868374856257163,52,0.6222,0.287613656475819,"Pickering|Elementary|5d"
142,"Ajax","7d","Elementary",6,-400.55,-378.36,0.614629908358972,0.95,0.948049756097721,62,0.1096,0.224527384573359,"Ajax|Elementary|7d"
142,"Pickering","1d","Secondary",1,-84.99,-84.53,1.24123744995548,0.06,0.0580747194833411,16,0.0704,0.228185362044713,"Pickering|Secondary|1d"
142,"Ajax","1d","Secondary",-6,-86.63,-92.02,0.701467739153492,0.8,0.804971007930971,15,0.6602,0.127804371174533,"Ajax|Secondary|1d"
142,"Pickering","3d","Secondary",4,-335.13,-321.62,0.640774076933346,0.62,0.62077152896511,50,0.3888,0.343246106033266,"Pickering|Secondary|3d"
142,"Pickering","5d","Secondary",6,-391.2,-375.38,0.402023064621634,0.8,0.799967457373895,52,0.5604,0.253990990826453,"Pickering|Secondary|5d"
142,"Ajax","5d","Secondary",-5,-445.76,-420.22,0.656959227255268,0.78,0.779230403078586,68,0.7838,0.356862665266461,"Ajax|Secondary|5d"
142,"Pickering","1d","Total",-1,-54.51,-64.89,0.897764960665222,0.62,0.619974024806277,12,0.6837,-0.0040921226698858,"Pickering|Total|1d"
142,"Ajax","1d","Total",1,-74.78,-78.51,1.25333569120478,0.68,0.675554848445395,16,0.9352,0.37905926723785,"Ajax|Total|1d"
142,"Pickering","3d","Total",-6,-245.37,-234.6,1.1681659415732,0.61,0.613050042802617,44,0.3171,0.389673498462324,"Pickering|Total|3d"
142,"Pickering","5d","Total",-6,-295.04,-282.06,0.752966883666919,0.87,0.867727764085461,48,0.2227,0.397199064631651,"Pickering|Total|5d"
142,"Ajax","7d","Total",6,-409.02,-387.14,0.585768353641071,0.93,0.925845496208277,62,0.4777,0.385055987286903,"Ajax|Total|7d"
143,"Pickering","1d","Elementary",1,-115.6,-116.08,1.35454553718277,0.78,0.781986586213943,24,0.0856,0.222161935753732,"Pickering|Elementary|1d"
143,"Ajax","1d","Elementary",1,-91.89,-92.82,1.60605130136546,0.76,0.757051987152879,20,0.0682,0.277237718590471,"Ajax|Elementary|1d"
143,"Pickering","1d","Secondary",0,-143.51,-142.21,0.658352819347654,0.6,0.602232670254678,22,0.9535,0.231033876791805,"Pickering|Secondary|1d"
143,"Ajax","1d","Secondary",0,-82.82,-89.75,0.787821439845065,0.7,0.696028561016033,16,0.9323,-0.0060218237269701,"Ajax|Secondary|1d"
143,"Ajax","3d","Secondary",-2,-301.99,-286.06,0.865312994629467,0.78,0.782150483767347,52,0.2049,0.28727211739374,"Ajax|Secondary|3d"
143,"Pickering","5d","Secondary",3,-445.39,-426.41,0.450532499301267,0.8,0.795320954796618,60,0.2568,0.374146011738503,"Pickering|Secondary|5d"
143,"Ajax","5d","Secondary",-7,-434,-412.46,0.628387085514622,0.8,0.803189158096447,64,0.9737,0.387923536390083,"Ajax|Secondary|5d"
143,"Pickering","1d","Total",1,-120.41,-122.23,1.11244764166356,0.74,0.742984257128828,24,0.4773,0.199811169122123,"Pickering|Total|1d"
143,"Ajax","1d","Total",1,-103.32,-104.37,1.15401550529988,0.8,0.802203148161797,20,0.0931,0.100456500791276,"Ajax|Total|1d"
143,"Pickering","5d","Total",-6,-347.35,-333.15,0.488062296552322,0.85,0.848563750171642,49,0.1585,0.242261104878801,"Pickering|Total|5d"
144,"Pickering","1d","Elementary",1,-110.41,-108.21,1.64707584909229,0.61,0.612406126306564,23,0.9858,0.118392060385774,"Pickering|Elementary|1d"
144,"Ajax","1d","Elementary",1,-66.59,-69.29,1.79694409889651,0.64,0.6447262513169,16,0.7983,0.141143367595985,"Ajax|Elementary|1d"
144,"Pickering","7d","Elementary",7,-272.18,-259.75,0.831235719211071,0.9,0.896759050901586,46,0.0889,0.367503269666248,"Pickering|Elementary|7d"
144,"Ajax","7d","Elementary",-4,-473.17,-445.66,0.712764947421796,0.92,0.922613593593935,73,0.2588,0.333925201017448,"Ajax|Elementary|7d"
144,"Pickering","1d","Secondary",-6,-143.85,-142.41,0.7031499189839,0.68,0.676142921802084,23,0.3044,0.150627535096245,"Pickering|Secondary|1d"
144,"Ajax","1d","Secondary",-6,-81.71,-89.25,0.667931549581143,0.68,0.680357471258106,15,0.9924,0.131237136697804,"Ajax|Secondary|1d"
144,"Pickering","3d","Secondary",7,-403.64,-388.8,0.714412851402065,0.58,0.577943531603837,60,0.2197,0.372194133688432,"Pickering|Secondary|3d"
144,"Pickering","5d","Secondary",3,-418.69,-400.75,0.45140763433516,0.76,0.755413323146553,57,0.4163,0.387094758024563,"Pickering|Secondary|5d"
144,"Pickering","1d","Total",1,-118.25,-116.33,1.33765804454341,0.59,0.592203495720158,23,0.9745,0.147472894360098,"Pickering|Total|1d"
144,"Ajax","1d","Total",7,-70.79,-74.74,0.878941962870766,0.92,0.915574530962035,13,0.2006,-0.338517452386302,"Ajax|Total|1d"
144,"Pickering","7d","Total",7,-298.74,-286.39,0.618680954914146,0.91,0.905422391998482,46,0.5194,0.333759313548265,"Pickering|Total|7d"
144,"Ajax","7d","Total",-4,-528.29,-499.71,0.464330601058673,0.95,0.948871527779278,73,0.1712,0.166916875149312,"Ajax|Total|7d"
145,"Pickering","1d","Elementary",7,-50.42,-55.34,1.26521853269482,0.61,0.609858648172019,11,0.6814,-0.236354966253247,"Pickering|Elementary|1d"
145,"Ajax","1d","Elementary",1,-76.47,-75.67,2.28360405398084,0.38,0.377340200285369,18,0.8836,0.169703551293408,"Ajax|Elementary|1d"
145,"Ajax","7d","Elementary",3,-392.68,-367.63,1.06754688447213,0.87,0.86642830752444,69,0.7522,0.399379615932055,"Ajax|Elementary|7d"
145,"Pickering","1d","Secondary",1,-72.68,-75.92,0.826408393437383,0.64,0.642065975045867,13,0.929,-0.192506798003085,"Pickering|Secondary|1d"
145,"Ajax","1d","Secondary",-6,-94.68,-94.62,1.04971278630065,0.36,0.357284684936927,17,0.3237,0.195596171398075,"Ajax|Secondary|1d"
145,"Pickering","3d","Secondary",4,-393.79,-374.61,0.627985154918792,0.63,0.626538342177439,59,0.2083,0.352166593025809,"Pickering|Secondary|3d"
145,"Ajax","7d","Secondary",-5,-498.8,-472.26,0.41187106009081,0.91,0.90924524151595,68,0.5315,0.357252999673397,"Ajax|Secondary|7d"
145,"Pickering","1d","Total",1,-60.25,-66.69,0.729915717301297,0.74,0.74098156207343,11,0.9071,-0.290082265502318,"Pickering|Total|1d"
145,"Ajax","1d","Total",1,-83.94,-82.98,1.87879986295705,0.3,0.301199714994523,18,0.5641,0.276135314660333,"Ajax|Total|1d"
146,"Pickering","1d","Elementary",5,-63.3,-81.55,0.275197521706617,0.97,0.967370424803899,11,0.9703,-0.232522382132511,"Pickering|Elementary|1d"
146,"Ajax","1d","Elementary",-6,-77.51,-77.03,2.13297536998749,0.29,0.287833672044477,19,0.1122,0.366177490369063,"Ajax|Elementary|1d"
146,"Pickering","3d","Elementary",6,-179.44,-177.98,0.702939438959543,0.92,0.917744974616448,30,0.7205,-0.0548409376242441,"Pickering|Elementary|3d"
146,"Ajax","5d","Elementary",-7,-370.03,-347.32,0.965118299939957,0.84,0.836227716019328,64,0.7179,0.352232261118397,"Ajax|Elementary|5d"
146,"Pickering","7d","Elementary",-2,-341.96,-319.87,1.04950859401777,0.81,0.81385373818826,62,0.5405,0.388613465875253,"Pickering|Elementary|7d"
146,"Ajax","7d","Elementary",-4,-402.53,-381.58,0.553475322741111,0.94,0.939571961137694,60,0.7154,0.191739307705463,"Ajax|Elementary|7d"
146,"Pickering","1d","Secondary",0,-103.31,-104.59,0.494888883465539,0.64,0.640382386249565,15,0.1155,-0.201296852124925,"Pickering|Secondary|1d"
146,"Ajax","1d","Secondary",0,-90.4,-90.15,1.25650999421675,0.27,0.270008372245612,17,0.7721,0.30182646436006,"Ajax|Secondary|1d"
146,"Pickering","3d","Secondary",2,-213.89,-207.55,0.786729403756524,0.55,0.553788878901878,34,0.0879,0.352015485583216,"Pickering|Secondary|3d"
146,"Ajax","5d","Secondary",5,-432.68,-412.4,0.733468136195485,0.75,0.752624926979733,66,0.7892,0.399725239158434,"Ajax|Secondary|5d"
146,"Pickering","7d","Secondary",1,-489.21,-465.56,0.325294352089546,0.9,0.900828060619483,65,0.8369,0.218830816703515,"Pickering|Secondary|7d"
146,"Ajax","7d","Secondary",-5,-488.33,-471.23,0.203423158155511,0.98,0.976584406128585,59,0.4199,0.342165029233207,"Ajax|Secondary|7d"
146,"Pickering","1d","Total",5,-58.34,-83.96,0.252996408654938,0.97,0.970545850880642,11,0.7692,-0.296122271029274,"Pickering|Total|1d"
146,"Ajax","1d","Total",6,-74.06,-77.68,1.09571317060156,0.78,0.776974491761907,15,0.9795,-0.0910604970056272,"Ajax|Total|1d"
146,"Pickering","3d","Total",7,-185.89,-181.05,0.879250732074797,0.75,0.7543488976935,31,0.2241,0.315691090280739,"Pickering|Total|3d"
146,"Ajax","5d","Total",-7,-400.78,-377.44,0.713450179283802,0.86,0.859405561228526,64,0.7477,0.384830481969105,"Ajax|Total|5d"
146,"Pickering","7d","Total",-3,-363.67,-342.68,0.791054029178416,0.82,0.821213301320953,60,0.9907,0.361009146644391,"Pickering|Total|7d"
146,"Ajax","7d","Total",-4,-428.85,-407.89,0.438813657224093,0.94,0.941204176935964,60,0.6738,0.177675666481733,"Ajax|Total|7d"
147,"Pickering","1d","Elementary",-6,-80.61,-80.37,1.75782052240578,0.52,0.515653472071531,18,0.9962,0.0373224586873903,"Pickering|Elementary|1d"
147,"Ajax","1d","Elementary",1,-86.85,-87.1,1.88696983381381,0.65,0.648020425750338,20,0.584,0.208101365921944,"Ajax|Elementary|1d"
147,"Pickering","3d","Elementary",-5,-186.22,-178.87,1.35705739384747,0.56,0.563346142382446,36,0.9388,0.330163525846427,"Pickering|Elementary|3d"
147,"Ajax","3d","Elementary",7,-176.53,-170.89,1.22007151790715,0.8,0.799139798979157,34,0.1074,0.312074329006655,"Ajax|Elementary|3d"
147,"Pickering","1d","Secondary",-6,-114.14,-120.48,0.544844454913872,0.73,0.728920787536565,19,0.6372,0.0491070918143173,"Pickering|Secondary|1d"
147,"Ajax","1d","Secondary",0,-96.85,-97.04,0.997790874350192,0.56,0.555746003236768,17,0.4792,0.375713400026511,"Ajax|Secondary|1d"
147,"Pickering","3d","Secondary",7,-281.2,-270.42,0.666919347842944,0.57,0.568186339158924,43,0.2684,0.357612512493356,"Pickering|Secondary|3d"
147,"Ajax","3d","Secondary",-6,-213.84,-208.49,0.802338644182448,0.58,0.576603774929999,33,0.4696,0.339344130798385,"Ajax|Secondary|3d"
147,"Pickering","1d","Total",-6,-89.53,-89.14,1.40240264519734,0.46,0.461337387160647,18,0.8248,0.171721235904313,"Pickering|Total|1d"
147,"Ajax","1d","Total",1,-91.33,-94.57,1.35370765641346,0.72,0.723384964012985,20,0.1576,0.185267636632915,"Ajax|Total|1d"
147,"Pickering","3d","Total",-4,-208.68,-201.15,0.98662144261903,0.7,0.695361154245636,37,0.9156,0.397309420437361,"Pickering|Total|3d"
147,"Ajax","3d","Total",6,-191.67,-185.51,1.01401194773066,0.76,0.761966604993819,34,0.1285,0.388923510817646,"Ajax|Total|3d"
148,"Pickering","1d","Elementary",1,-81.94,-88.75,1.39778866426783,0.77,0.770676795994549,20,0.6289,0.278177753586615,"Pickering|Elementary|1d"
148,"Ajax","1d","Elementary",7,-63.28,-70.72,1.46329498340844,0.82,0.822056034695632,16,0.3019,0.350307780276047,"Ajax|Elementary|1d"
148,"Pickering","3d","Elementary",1,-281.88,-272.42,1.04391098437141,0.53,0.529485547391996,47,0.8167,0.364337889445795,"Pickering|Elementary|3d"
148,"Pickering","1d","Secondary",-6,-121.7,-136.3,0.387051696174101,0.86,0.859715922268051,20,0.1471,0.168250403908057,"Pickering|Secondary|1d"
148,"Ajax","1d","Secondary",-6,-99.99,-102.38,0.970067309195459,0.5,0.497052874910652,19,0.6026,0.394504808625337,"Ajax|Secondary|1d"
148,"Pickering","3d","Secondary",-3,-340.5,-329.03,0.410471396093909,0.83,0.827164694076616,45,0.9914,0.245552026889621,"Pickering|Secondary|3d"
148,"Pickering","5d","Secondary",-4,-443.05,-423.13,0.44550257509907,0.81,0.810988373617748,60,0.9,0.334281985778287,"Pickering|Secondary|5d"
148,"Pickering","1d","Total",1,-91.69,-95.46,1.28038097793992,0.68,0.677959529289467,20,0.9538,0.382607726961694,"Pickering|Total|1d"
148,"Ajax","1d","Total",-3,-57.93,-64.92,1.03179512944281,0.77,0.769175112939223,12,0.4915,0.268107786539736,"Ajax|Total|1d"
148,"Pickering","3d","Total",-3,-246.43,-236.73,1.02773727464014,0.57,0.572642129466092,42,0.1206,0.24734919146984,"Pickering|Total|3d"
149,"Pickering","1d","Elementary",-7,-63.9,-71.07,0.724569677765215,0.68,0.680677523851893,12,0.2911,0.199286613535807,"Pickering|Elementary|1d"
149,"Ajax","1d","Elementary",1,-86.32,-86.97,1.82530677416222,0.62,0.61664042038475,20,0.879,0.305168858716724,"Ajax|Elementary|1d"
149,"Pickering","3d","Elementary",-7,-145.43,-142.17,1.21754705389137,0.79,0.792553479313926,26,0.1718,0.364036215612796,"Pickering|Elementary|3d"
149,"Pickering","1d","Secondary",1,-94.96,-99.97,0.512935662553324,0.74,0.740469360450092,15,0.5974,0.168732795611393,"Pickering|Secondary|1d"
149,"Ajax","1d","Secondary",-6,-107.53,-107.03,0.8855427756671,0.54,0.535184263442944,18,0.0972,-0.0877017850759961,"Ajax|Secondary|1d"
149,"Pickering","3d","Secondary",2,-236.06,-230.09,0.62964278419629,0.69,0.692844239421729,34,0.579,0.318406862647224,"Pickering|Secondary|3d"
149,"Ajax","5d","Secondary",-5,-464.09,-439.99,0.5620865614468,0.84,0.837168717184329,67,0.365,0.355604347616109,"Ajax|Secondary|5d"
149,"Pickering","7d","Secondary",3,-420.75,-401.93,0.435249833670289,0.83,0.82545786225032,57,0.054,0.235750688940845,"Pickering|Secondary|7d"
149,"Pickering","1d","Total",0,-69.12,-76.46,0.622670863133784,0.86,0.859567964032598,12,0.3444,-0.131825198889786,"Pickering|Total|1d"
149,"Ajax","1d","Total",1,-96.42,-96.46,1.40440328109371,0.62,0.622122604003325,20,0.474,0.274115536028844,"Ajax|Total|1d"
149,"Pickering","3d","Total",-7,-145.97,-143.17,1.03944545051291,0.77,0.767024952133522,25,0.3239,0.353157513651595,"Pickering|Total|3d"
149,"Ajax","3d","Total",7,-284.14,-269.13,1.12372702291729,0.82,0.820344868384403,51,0.0546,0.347581053633878,"Ajax|Total|3d"
150,"Pickering","1d","Elementary",7,-67.35,-70.03,1.13521634366014,0.65,0.647087573884584,13,0.5104,0.355349004751068,"Pickering|Elementary|1d"
150,"Ajax","1d","Elementary",-6,-72.8,-72.65,2.13031160089465,0.34,0.3440251155238,17,0.8851,0.264245729642952,"Ajax|Elementary|1d"
150,"Pickering","3d","Elementary",2,-175.99,-171.44,1.35792807009264,0.32,0.320085705021648,32,0.6341,0.395350051604266,"Pickering|Elementary|3d"
150,"Ajax","3d","Elementary",-4,-239.31,-228.09,1.22260692535758,0.8,0.803701702684634,44,0.3418,0.278279012890067,"Ajax|Elementary|3d"
150,"Pickering","5d","Elementary",6,-447.55,-421.81,0.762487422891075,0.91,0.91440724680569,71,0.4586,0.299301792678942,"Pickering|Elementary|5d"
150,"Pickering","1d","Secondary",1,-96.78,-100.73,0.443196686994157,0.9,0.898457407708103,14,0.8174,-0.152104914402304,"Pickering|Secondary|1d"
150,"Ajax","1d","Secondary",-6,-95.89,-96.98,0.936279520657347,0.53,0.530976518512915,17,0.7147,0.213702365776602,"Ajax|Secondary|1d"
150,"Pickering","3d","Secondary",0,-247.77,-242.25,0.51652441935079,0.58,0.579646152659046,34,0.4174,0.319841617473165,"Pickering|Secondary|3d"
150,"Pickering","5d","Secondary",6,-509.54,-483.33,0.476970452212219,0.78,0.775117121546895,71,0.1444,0.397965957951423,"Pickering|Secondary|5d"
150,"Pickering","1d","Total",7,-71.64,-74.34,0.943340717331997,0.63,0.630148214150359,13,0.8415,0.359543668941304,"Pickering|Total|1d"
150,"Ajax","1d","Total",-6,-80.08,-79.97,1.69054064208108,0.34,0.342086608312075,17,0.4215,0.27577294120151,"Ajax|Total|1d"
150,"Pickering","3d","Total",1,-192.86,-188.51,1.0911688053336,0.44,0.442154080550415,32,0.1182,0.351970646898662,"Pickering|Total|3d"
150,"Pickering","5d","Total",6,-478.27,-451.43,0.58735057913612,0.91,0.910980614796278,71,0.7954,0.306909623138013,"Pickering|Total|5d"
151,"Pickering","1d","Elementary",-7,-95.7,-97.55,0.762757332754501,0.66,0.656650535189154,16,0.2329,0.141314373554896,"Pickering|Elementary|1d"
151,"Ajax","1d","Elementary",-6,-79.13,-79.72,1.85970811610966,0.46,0.458165820146979,18,0.2501,0.213679869239419,"Ajax|Elementary|1d"
151,"Pickering","3d","Elementary",4,-250.65,-239.04,1.52068751573861,0.64,0.644746466466198,48,0.1158,0.389657774565136,"Pickering|Elementary|3d"
151,"Ajax","5d","Elementary",6,-314.68,-295.78,1.10437077528126,0.88,0.877723527939322,57,0.0707,0.388294849722349,"Ajax|Elementary|5d"
151,"Ajax","7d","Elementary",-7,-380.2,-355.53,0.815577735324925,0.88,0.882601688354708,66,0.7571,0.357087781553791,"Ajax|Elementary|7d"
151,"Pickering","1d","Secondary",0,-121.83,-121.92,0.647658178176967,0.64,0.638271415481874,19,0.3064,-0.171371888022792,"Pickering|Secondary|1d"
151,"Ajax","1d","Secondary",-6,-103.73,-106.98,0.74036462452984,0.69,0.693185042000439,18,0.2268,0.153429796037699,"Ajax|Secondary|1d"
151,"Pickering","3d","Secondary",0,-344.8,-330.29,0.609788804145862,0.61,0.607023192859682,51,0.3644,0.363281026632587,"Pickering|Secondary|3d"
151,"Ajax","5d","Secondary",1,-410.7,-392.76,0.663105081345763,0.81,0.811433986714008,60,0.7794,0.366025749062507,"Ajax|Secondary|5d"
151,"Pickering","1d","Total",7,-102.93,-104.79,0.76902084699728,0.75,0.752661952636537,18,0.3534,0.115040989478711,"Pickering|Total|1d"
151,"Ajax","1d","Total",-6,-90.13,-91.6,1.26812592484933,0.61,0.609290540497884,18,0.581,0.275976629661373,"Ajax|Total|1d"
151,"Ajax","5d","Total",1,-385.43,-364.94,0.71937177421418,0.91,0.911751488096366,60,0.6099,0.375159181879359,"Ajax|Total|5d"
151,"Ajax","7d","Total",-7,-405.61,-380.82,0.671698636878081,0.88,0.878287420649776,66,0.6505,0.371746108945713,"Ajax|Total|7d"
152,"Pickering","1d","Elementary",-1,-101.76,-101.61,1.16137993058298,0.74,0.743647842314663,19,0.3755,-0.026081657383553,"Pickering|Elementary|1d"
152,"Ajax","1d","Elementary",1,-75.21,-74.73,2.36035262669646,0.4,0.400019421476357,19,0.5608,0.232640878956335,"Ajax|Elementary|1d"
152,"Ajax","3d","Elementary",2,-229.78,-218.41,1.52166531149273,0.71,0.70871017152713,45,0.1634,0.368620230846447,"Ajax|Elementary|3d"
152,"Pickering","5d","Elementary",6,-333.75,-314.49,0.987863112221883,0.82,0.816001304071367,58,0.4431,0.293552532974859,"Pickering|Elementary|5d"
152,"Pickering","7d","Elementary",-3,-433,-406.59,0.753620881562419,0.89,0.886475569085971,69,0.1568,0.292079250004079,"Pickering|Elementary|7d"
152,"Ajax","7d","Elementary",-1,-413.74,-391.96,0.75472977348321,0.92,0.921123620615157,65,0.4712,0.345732565007936,"Ajax|Elementary|7d"
152,"Pickering","1d","Secondary",1,-137.97,-136.19,1.18776193476855,0,2.78306063215189e-05,24,0.2948,0.297701033398513,"Pickering|Secondary|1d"
152,"Ajax","1d","Secondary",-3,-60.23,-69.65,0.553756735838272,0.82,0.822055651861082,11,0.7311,-0.0552582990764672,"Ajax|Secondary|1d"
152,"Ajax","3d","Secondary",5,-247.06,-235.89,1.14540653980351,0.63,0.632338171911971,45,0.8478,0.344461195530065,"Ajax|Secondary|3d"
152,"Pickering","5d","Secondary",7,-439.83,-422.25,0.298771855122192,0.91,0.905846565040848,58,0.832,0.0456596323712284,"Pickering|Secondary|5d"
152,"Ajax","7d","Secondary",5,-446.65,-429.11,0.543607488527814,0.85,0.853559084472114,62,0.0521,0.388940867317721,"Ajax|Secondary|7d"
152,"Pickering","1d","Total",1,-113.68,-111.36,1.67788732962948,0.33,0.325101461733598,23,0.9502,0.343015081740006,"Pickering|Total|1d"
152,"Ajax","1d","Total",1,-82.67,-81.94,1.97958928242187,0.35,0.354623066929946,19,0.2945,0.326064108103408,"Ajax|Total|1d"
152,"Ajax","3d","Total",0,-270.17,-259.4,0.937481718056965,0.78,0.777900224483403,45,0.3369,0.398311925986864,"Ajax|Total|3d"
152,"Pickering","5d","Total",1,-368.11,-349.11,0.711606732220216,0.81,0.81334366771306,58,0.0863,0.399329774476648,"Pickering|Total|5d"
152,"Ajax","5d","Total",-5,-409.19,-384.67,0.814638717024574,0.84,0.836222052370159,67,0.2473,0.39473990745893,"Ajax|Total|5d"
152,"Pickering","7d","Total",-3,-464.33,-437.72,0.601957975878133,0.88,0.877165491133188,69,0.11,0.332588519763253,"Pickering|Total|7d"
153,"Pickering","1d","Elementary",-4,-76.84,-76.51,2.02488148219245,0.23,0.230480615545985,17,0.2615,0.204045072034786,"Pickering|Elementary|1d"
153,"Ajax","1d","Elementary",-6,-71.18,-72.44,1.56981880528758,0.43,0.433605729557267,16,0.1036,0.137377940382124,"Ajax|Elementary|1d"
153,"Ajax","3d","Elementary",-1,-257.35,-244.22,1.60444671368658,0.69,0.69206914248982,51,0.6746,0.344374478843663,"Ajax|Elementary|3d"
153,"Pickering","5d","Elementary",-5,-312.91,-293.17,1.05678427056075,0.83,0.833625687932457,58,0.1952,0.387626008571837,"Pickering|Elementary|5d"
153,"Ajax","7d","Elementary",2,-439.71,-410.08,0.813017392499536,0.92,0.924241719909535,73,0.5321,0.328385780382508,"Ajax|Elementary|7d"
153,"Pickering","1d","Secondary",-6,-145.9,-145.73,0.69511472131127,0.69,0.691007095184968,24,0.7286,0.251194854730751,"Pickering|Secondary|1d"
153,"Ajax","1d","Secondary",-6,-92.5,-94,0.835712299402452,0.46,0.460711835149409,16,0.9362,0.307681270870784,"Ajax|Secondary|1d"
153,"Ajax","5d","Secondary",-7,-392.32,-375.79,0.411235725825078,0.91,0.914097441573385,56,0.1156,0.287496823051662,"Ajax|Secondary|5d"
153,"Pickering","7d","Secondary",-7,-565.95,-540.24,0.261907617037962,0.91,0.913871254327398,68,0.0529,0.339435065004737,"Pickering|Secondary|7d"
153,"Pickering","1d","Total",-6,-105.98,-103.74,1.82853951250737,0.33,0.32876686176113,23,0.8229,0.357434948696268,"Pickering|Total|1d"
153,"Ajax","1d","Total",-6,-80.62,-81.09,1.26676527629795,0.45,0.451119722020446,16,0.2317,0.163686265172151,"Ajax|Total|1d"
153,"Pickering","5d","Total",-5,-343.16,-323.59,0.779930541460378,0.85,0.850388351266999,58,0.3776,0.334973979405494,"Pickering|Total|5d"
153,"Ajax","7d","Total",2,-464.69,-440.95,0.815918608879234,0.88,0.882549143224516,73,0.0814,0.377964519313938,"Ajax|Total|7d"
154,"Pickering","1d","Elementary",6,-51.3,-53.6,2.25036351372328,0.35,0.352010089561891,14,0.4944,0.398721673395736,"Pickering|Elementary|1d"
154,"Ajax","1d","Elementary",-6,-49.03,-54.39,1.52641817406541,0.69,0.693088700009806,12,0.3919,0.205013908147842,"Ajax|Elementary|1d"
154,"Pickering","3d","Elementary",-1,-226.88,-215.64,1.35245663354614,0.6,0.602293784693008,44,0.1473,0.276948224736646,"Pickering|Elementary|3d"
154,"Ajax","3d","Elementary",0,-259.52,-247.29,1.08277058002389,0.83,0.830023257358206,46,0.3888,0.29007065651995,"Ajax|Elementary|3d"
154,"Pickering","7d","Elementary",6,-299.53,-280.18,1.28321903312091,0.77,0.770108793781631,58,0.3851,0.359766091928472,"Pickering|Elementary|7d"
154,"Pickering","1d","Secondary",1,-115.02,-115.66,0.85593294726861,0.56,0.56370545005502,20,0.9697,0.116657246321389,"Pickering|Secondary|1d"
154,"Ajax","1d","Secondary",-6,-66.33,-77.93,0.532059939475431,0.85,0.846434087318302,12,0.6352,-0.354858081049471,"Ajax|Secondary|1d"
154,"Pickering","3d","Secondary",-2,-284.27,-275.94,0.691086459547541,0.47,0.467973179607231,42,0.719,0.383536706944735,"Pickering|Secondary|3d"
154,"Pickering","5d","Secondary",-6,-370.47,-356.87,0.350636814052968,0.87,0.870475227141441,48,0.3721,0.241689856315748,"Pickering|Secondary|5d"
154,"Ajax","5d","Secondary",-7,-461.58,-440.93,0.476641289569202,0.88,0.884743780091652,63,0.6236,0.339498461569282,"Ajax|Secondary|5d"
154,"Pickering","7d","Secondary",3,-457.72,-435.43,0.402568790716667,0.85,0.848046372227532,62,0.5794,0.284220331791659,"Pickering|Secondary|7d"
154,"Pickering","1d","Total",-2,-52.6,-57,1.28019732744668,0.6,0.599869568706982,11,0.8168,0.0757069629096138,"Pickering|Total|1d"
154,"Ajax","1d","Total",-6,-59.17,-62.9,1.14065449117618,0.71,0.712527253184128,12,0.3209,0.0587711603295742,"Ajax|Total|1d"
154,"Pickering","3d","Total",-2,-236.21,-226.67,0.887815801261913,0.75,0.746561356956166,41,0.3926,0.164744425540101,"Pickering|Total|3d"
154,"Ajax","3d","Total",0,-271.58,-259.29,0.939504901310106,0.8,0.802565689173093,46,0.3779,0.381489720276977,"Ajax|Total|3d"
154,"Ajax","5d","Total",-1,-429.48,-405.11,0.78680951452928,0.87,0.874153408006487,68,0.7089,0.391380396782934,"Ajax|Total|5d"
154,"Pickering","7d","Total",2,-376.56,-353.74,0.835543401866046,0.85,0.845998965494944,63,0.0724,0.376046637234161,"Pickering|Total|7d"
155,"Pickering","1d","Elementary",-4,-75.82,-81.28,0.637981622870716,0.77,0.766518664878588,13,0.1657,-0.0869056775860845,"Pickering|Elementary|1d"
155,"Ajax","1d","Elementary",1,-52.24,-59.19,1.77082831605444,0.67,0.667377663684087,14,0.3944,0.0145415837689228,"Ajax|Elementary|1d"
155,"Pickering","3d","Elementary",7,-299.5,-283.94,1.37677966777421,0.7,0.700062416575904,56,0.1168,0.372671351902877,"Pickering|Elementary|3d"
155,"Pickering","5d","Elementary",-2,-244.63,-234.42,0.888649055909726,0.78,0.780575546931719,42,0.1552,0.339413440779936,"Pickering|Elementary|5d"
155,"Ajax","5d","Elementary",-1,-389.32,-368.75,0.979393150466232,0.88,0.884430316613664,65,0.8237,0.387534092961755,"Ajax|Elementary|5d"
155,"Pickering","1d","Secondary",0,-119.81,-118.74,0.810293338950098,0.39,0.393455063497711,19,0.8432,0.34429703355422,"Pickering|Secondary|1d"
155,"Ajax","1d","Secondary",-6,-65.29,-67.15,1.01079082642047,0.18,0.175317044424518,12,0.0863,0.219559261155193,"Ajax|Secondary|1d"
155,"Pickering","3d","Secondary",2,-418.61,-400.12,0.527909662291842,0.74,0.742903132644659,59,0.6504,0.336137279682259,"Pickering|Secondary|3d"
155,"Ajax","3d","Secondary",6,-271.45,-258.15,1.32526048426918,0.49,0.485380422810814,52,0.0542,0.378402965010419,"Ajax|Secondary|3d"
155,"Pickering","5d","Secondary",-5,-293.8,-283.48,0.509286167420204,0.73,0.725156297380967,42,0.1317,0.30224971832523,"Pickering|Secondary|5d"
155,"Ajax","5d","Secondary",-1,-469.17,-445.05,0.450637265978254,0.9,0.897653841941495,65,0.1348,0.244716019891228,"Ajax|Secondary|5d"
155,"Pickering","1d","Total",7,-86.38,-88.09,1.30932023209836,0.53,0.533687660720603,18,0.4641,0.271961425954746,"Pickering|Total|1d"
155,"Ajax","1d","Total",1,-61.24,-64.98,1.51446407321674,0.57,0.572493647405641,14,0.5571,0.189599225633683,"Ajax|Total|1d"
155,"Pickering","5d","Total",7,-236.73,-226.68,1.10363856275825,0.75,0.751651101449184,42,0.0589,0.267788634469735,"Pickering|Total|5d"
155,"Ajax","5d","Total",-1,-426.19,-403.55,0.680796613290037,0.91,0.908983613133609,65,0.6137,0.293548308781866,"Ajax|Total|5d"
156,"Pickering","1d","Elementary",1,-71.04,-72.92,1.23716006532004,0.73,0.726468817335674,14,0.9532,0.373220376813383,"Pickering|Elementary|1d"
156,"Ajax","1d","Elementary",1,-77.83,-79.42,1.71789409746504,0.7,0.702418448301335,18,0.6853,0.15124399558566,"Ajax|Elementary|1d"
156,"Pickering","5d","Elementary",-6,-307.8,-291.59,0.986881371655759,0.72,0.723517644754184,53,0.1837,0.39010449480559,"Pickering|Elementary|5d"
156,"Ajax","7d","Elementary",-4,-350.86,-336.52,0.864744970796467,0.87,0.867542859843623,56,0.7288,0.278669543454607,"Ajax|Elementary|7d"
156,"Pickering","1d","Secondary",0,-83.69,-83.78,0.984323560818993,0.06,0.0583924781692081,14,0.9376,0.203220490089416,"Pickering|Secondary|1d"
156,"Ajax","1d","Secondary",0,-79.07,-85.46,0.811755302904626,0.68,0.680198107916298,15,0.8461,0.0669095107931479,"Ajax|Secondary|1d"
156,"Pickering","5d","Secondary",-7,-399.32,-384.73,0.364658768779893,0.83,0.828231862142586,51,0.9368,0.216832675908827,"Pickering|Secondary|5d"
156,"Ajax","7d","Secondary",-1,-420.77,-404.36,0.317921035574323,0.94,0.939037779018526,56,0.5739,0.216923211635814,"Ajax|Secondary|7d"
156,"Pickering","1d","Total",1,-73.39,-75.26,1.0818990369018,0.66,0.663908123269642,14,0.5116,0.295997340989977,"Pickering|Total|1d"
156,"Ajax","1d","Total",1,-85.72,-87.62,1.29212184136688,0.72,0.719933680661975,18,0.5081,0.177927048904252,"Ajax|Total|1d"
156,"Ajax","7d","Total",-4,-371.07,-356.47,0.711020171475575,0.87,0.868024100563818,56,0.2035,0.197675644398419,"Ajax|Total|7d"
157,"Pickering","1d","Elementary",7,-88.05,-90.99,1.224380399978,0.79,0.794029050129119,18,0.9777,0.308452837976722,"Pickering|Elementary|1d"
157,"Ajax","1d","Elementary",1,-93.84,-96.07,1.20771081331755,0.83,0.833084108498328,19,0.463,-0.0558172486228266,"Ajax|Elementary|1d"
157,"Pickering","5d","Elementary",-2,-250.46,-242.15,0.662550237901446,0.64,0.642607727649049,38,0.6669,0.330941166322091,"Pickering|Elementary|5d"
157,"Ajax","5d","Elementary",-3,-285.73,-272.02,0.863557204153022,0.89,0.892444845125161,53,0.279,0.311315249322102,"Ajax|Elementary|5d"
157,"Pickering","1d","Secondary",1,-150.88,-147.94,0.960081098394358,0.2,0.196216975510798,25,0.4938,0.381155747738004,"Pickering|Secondary|1d"
157,"Ajax","1d","Secondary",0,-81.93,-83.14,1.0135437394522,0.48,0.484516049608841,15,0.8117,0.0108891483465562,"Ajax|Secondary|1d"
157,"Ajax","3d","Secondary",-6,-327.93,-313.74,0.591553862044957,0.83,0.827315586616704,49,0.3513,0.310991135756896,"Ajax|Secondary|3d"
157,"Pickering","5d","Secondary",-5,-243.79,-238.24,0.3938435309769,0.73,0.727367190522551,32,0.1533,0.382400693643707,"Pickering|Secondary|5d"
157,"Ajax","5d","Secondary",-5,-348.7,-336.37,0.452760833678431,0.88,0.881414491219576,52,0.5299,0.318868429281103,"Ajax|Secondary|5d"
157,"Pickering","1d","Total",1,-120.3,-119.32,1.22953545394872,0.63,0.625576721810858,23,0.6735,0.333852191294517,"Pickering|Total|1d"
157,"Ajax","1d","Total",1,-101.23,-102.75,1.01534968922866,0.82,0.821032467419803,19,0.9935,0.0274830333661263,"Ajax|Total|1d"
157,"Pickering","5d","Total",-2,-270.95,-262.9,0.535676061738974,0.64,0.639684940462552,38,0.7014,0.369594756383904,"Pickering|Total|5d"
158,"Pickering","1d","Elementary",-1,-88.97,-91.07,0.91545750106145,0.7,0.700336979184894,16,0.2336,0.337487763482231,"Pickering|Elementary|1d"
158,"Ajax","1d","Elementary",-6,-71.33,-73.29,1.84656716439408,0.52,0.519180986584527,17,0.775,0.303201328319526,"Ajax|Elementary|1d"
158,"Pickering","3d","Elementary",3,-191.4,-185.34,1.196602260235,0.58,0.584286518585374,34,0.5478,0.381397495541297,"Pickering|Elementary|3d"
158,"Pickering","7d","Elementary",7,-454.29,-425.92,0.856822789593598,0.87,0.872707046682809,75,0.314,0.323814352760991,"Pickering|Elementary|7d"
158,"Pickering","1d","Secondary",0,-117.33,-116.2,0.991060892224814,0,3.30420728077992e-05,19,0.7692,0.357486811952857,"Pickering|Secondary|1d"
158,"Ajax","1d","Secondary",-6,-89.11,-96.52,0.780832250793514,0.69,0.685200660513895,17,0.2327,0.281620165700401,"Ajax|Secondary|1d"
158,"Pickering","3d","Secondary",5,-231.04,-224.36,0.68732617230171,0.55,0.55304250402857,35,0.2043,0.33583060881929,"Pickering|Secondary|3d"
158,"Pickering","5d","Secondary",6,-543.77,-516.61,0.372545330358714,0.84,0.842437072441216,71,0.1215,0.213135925356283,"Pickering|Secondary|5d"
158,"Ajax","5d","Secondary",7,-439.92,-420.87,0.525534847786689,0.88,0.880633691671978,61,0.3476,0.324121305494602,"Ajax|Secondary|5d"
158,"Pickering","7d","Secondary",7,-549.19,-519.93,0.44365963185232,0.78,0.783370668248475,75,0.2419,0.399801745103799,"Pickering|Secondary|7d"
158,"Pickering","1d","Total",-1,-83.85,-86.82,0.851742875754881,0.59,0.588730752122601,15,0.4857,0.370276438811541,"Pickering|Total|1d"
158,"Ajax","1d","Total",-6,-81.09,-84.07,1.26496033445947,0.64,0.637659084837461,17,0.9487,0.212296587674928,"Ajax|Total|1d"
158,"Pickering","3d","Total",3,-210.5,-204.12,0.859188656282442,0.62,0.620625227719866,34,0.9655,0.372754513644679,"Pickering|Total|3d"
158,"Pickering","7d","Total",7,-489.4,-461.12,0.693962855961694,0.86,0.863836558166462,75,0.5657,0.330424564192441,"Pickering|Total|7d"
159,"Pickering","1d","Elementary",0,-34.53,-68.37,0.510180179006165,0.95,0.952298984017308,11,0.5453,0.0481229154461791,"Pickering|Elementary|1d"
159,"Ajax","1d","Elementary",1,-90.63,-89.61,1.7475123436713,0.63,0.627410904077096,19,0.3953,-0.21585362663769,"Ajax|Elementary|1d"
159,"Pickering","3d","Elementary",6,-222.13,-214.27,1.21886369971587,0.58,0.581142329423804,40,0.4605,0.379027100300796,"Pickering|Elementary|3d"
159,"Ajax","7d","Elementary",3,-479.4,-455.62,0.724597468897472,0.95,0.945466344029257,72,0.3574,0.38807973163535,"Ajax|Elementary|7d"
159,"Pickering","1d","Secondary",1,-111.95,-118.54,0.32523259290166,0.86,0.86226564397682,16,0.6602,0.214618171624312,"Pickering|Secondary|1d"
159,"Ajax","1d","Secondary",-6,-93.62,-92.81,1.32910868005915,0,5.05603802535116e-05,17,0.3546,0.394530720022201,"Ajax|Secondary|1d"
159,"Pickering","3d","Secondary",5,-280.7,-270.41,0.618022353034458,0.6,0.599045317294788,42,0.7499,0.31003449309121,"Pickering|Secondary|3d"
159,"Pickering","5d","Secondary",7,-302.06,-295.15,0.293304193373728,0.9,0.900608514527693,39,0.665,0.20676823697838,"Pickering|Secondary|5d"
159,"Ajax","7d","Secondary",-4,-553.73,-524.63,0.391868114738795,0.92,0.916466815885487,73,0.9635,0.391089895612508,"Ajax|Secondary|7d"
159,"Pickering","1d","Total",4,-47.72,-81.96,0.2553395242752,0.98,0.975825979213803,11,0.9575,-0.169848960859469,"Pickering|Total|1d"
159,"Ajax","1d","Total",1,-97.99,-97.12,1.34394823533331,0.63,0.634796059592542,19,0.4078,-0.0570092264728838,"Ajax|Total|1d"
159,"Pickering","3d","Total",6,-234.01,-226.38,0.996903631395158,0.61,0.608807119203077,39,0.3931,0.392225820803267,"Pickering|Total|3d"
159,"Ajax","3d","Total",2,-289.96,-275.57,1.05775810629038,0.83,0.825181853253009,51,0.2594,0.396270514649432,"Ajax|Total|3d"
159,"Pickering","5d","Total",7,-256.24,-247.45,0.646258360250668,0.83,0.834571776492745,39,0.3743,0.38343626416089,"Pickering|Total|5d"
159,"Ajax","7d","Total",-7,-465.81,-440.38,0.526797307452033,0.93,0.930335674892159,67,0.0701,0.369512400041761,"Ajax|Total|7d"
160,"Pickering","1d","Elementary",1,-88.55,-88.05,1.7793760784564,0.32,0.315995134611355,19,0.6095,0.345485509433021,"Pickering|Elementary|1d"
160,"Ajax","1d","Elementary",-6,-77.58,-80.17,1.48298819136794,0.56,0.558031240470824,17,0.8737,0.291816587211291,"Ajax|Elementary|1d"
160,"Ajax","3d","Elementary",-4,-298.85,-283.77,1.29278722321921,0.77,0.77170778178259,55,0.4057,0.353605441478997,"Ajax|Elementary|3d"
160,"Pickering","1d","Secondary",0,-95.29,-94.95,0.969303755558278,0.24,0.236665700811566,16,0.8277,0.00942468071698187,"Pickering|Secondary|1d"
160,"Ajax","1d","Secondary",-6,-98.33,-106.86,0.539883371386033,0.8,0.802413976614123,17,0.0658,-0.0027534730082159,"Ajax|Secondary|1d"
160,"Ajax","3d","Secondary",6,-316.38,-300.84,0.855007106888304,0.79,0.790600935733101,53,0.1669,0.323133318378639,"Ajax|Secondary|3d"
160,"Pickering","1d","Total",2,-80.43,-84.25,0.764806942051169,0.64,0.642549703807984,14,0.8705,0.36429535068376,"Pickering|Total|1d"
160,"Ajax","1d","Total",-6,-87.58,-89.74,1.15114191851433,0.58,0.581053970261873,17,0.385,0.358953854720891,"Ajax|Total|1d"
161,"Pickering","1d","Elementary",-1,-72.63,-74.02,1.518959807648,0.55,0.548248534362357,15,0.2803,-0.0259797940532235,"Pickering|Elementary|1d"
161,"Ajax","1d","Elementary",-6,-82.43,-81.19,2.3583006846873,0.25,0.254547174130073,19,0.0777,0.306359340284076,"Ajax|Elementary|1d"
161,"Pickering","5d","Elementary",-1,-229.93,-220.14,0.981911980589002,0.75,0.749365549445258,41,0.9522,0.228321825120498,"Pickering|Elementary|5d"
161,"Ajax","5d","Elementary",-6,-352.46,-335.82,1.05979405336769,0.82,0.817860187698048,60,0.667,0.392728373614068,"Ajax|Elementary|5d"
161,"Pickering","1d","Secondary",1,-108.06,-106.92,1.19919912359716,0,4.34279215741306e-05,19,0.1909,0.330814200952442,"Pickering|Secondary|1d"
161,"Ajax","1d","Secondary",1,-96.64,-96.78,1.45363631632222,0.61,0.611351128273987,21,0.076,0.279157090947012,"Ajax|Secondary|1d"
161,"Pickering","5d","Secondary",0,-283.68,-273.57,0.532772259908701,0.7,0.699256367440018,42,0.3391,0.391741255665745,"Pickering|Secondary|5d"
161,"Ajax","7d","Secondary",5,-553.39,-527.32,0.343741978720178,0.94,0.942213291893542,70,0.5765,0.188141771887277,"Ajax|Secondary|7d"
161,"Pickering","1d","Total",-1,-81.23,-82.34,1.16904522857214,0.51,0.514129358984766,15,0.3826,0.0130728308446483,"Pickering|Total|1d"
161,"Ajax","1d","Total",-6,-90.25,-89.01,1.86992593859569,0.25,0.247539384743396,19,0.4541,0.389978991947602,"Ajax|Total|1d"
161,"Pickering","5d","Total",0,-256.44,-246.18,0.792257437461266,0.75,0.752048332563909,42,0.5529,0.388071029155188,"Pickering|Total|5d"
161,"Ajax","5d","Total",-5,-393.49,-375.16,0.834092745322722,0.84,0.840596748604882,62,0.9801,0.396647723342949,"Ajax|Total|5d"
162,"Pickering","1d","Elementary",1,-93.34,-93.49,1.6700110261991,0.46,0.46261541891206,21,0.5681,0.291908859925259,"Pickering|Elementary|1d"
162,"Ajax","1d","Elementary",-4,-54.73,-58.48,1.20120556636544,0.4,0.402747097480085,11,0.1113,0.393188964652748,"Ajax|Elementary|1d"
162,"Ajax","5d","Elementary",3,-396.56,-377.09,1.05094687688304,0.88,0.884002439164832,67,0.6242,0.340353040958303,"Ajax|Elementary|5d"
162,"Pickering","1d","Secondary",0,-128.03,-126.66,0.769292608755525,0.26,0.259967287551867,20,0.5833,0.133764524464484,"Pickering|Secondary|1d"
162,"Ajax","1d","Secondary",-6,-77.01,-77.9,1.26755927899981,0.19,0.189689784061715,15,0.6802,0.322491224627782,"Ajax|Secondary|1d"
162,"Pickering","3d","Secondary",1,-431.89,-410.64,0.48835981469779,0.75,0.751174672777115,61,0.8365,0.247525403783376,"Pickering|Secondary|3d"
162,"Ajax","7d","Secondary",4,-420.41,-399.42,0.560498525286281,0.83,0.831664603524474,61,0.4237,0.377627302692189,"Ajax|Secondary|7d"
162,"Pickering","1d","Total",1,-107.09,-106.9,1.26619634950638,0.53,0.526004183857366,21,0.5052,0.30603610019336,"Pickering|Total|1d"
162,"Ajax","1d","Total",3,-47.27,-56.12,1.13278181530098,0.74,0.740362923705082,11,0.6309,0.157966837287061,"Ajax|Total|1d"
163,"Pickering","1d","Elementary",-7,-93.43,-98.59,0.971166325353696,0.78,0.777706009577986,19,0.1295,0.286932715569907,"Pickering|Elementary|1d"
163,"Ajax","1d","Elementary",3,-16.9,-141.77,0.036678596753379,1,0.999745124839565,14,0.0651,-0.215311815969813,"Ajax|Elementary|1d"
163,"Pickering","7d","Elementary",-1,-356.13,-339.13,0.555654935512467,0.93,0.925330651991434,56,0.3706,0.286738500550971,"Pickering|Elementary|7d"
163,"Pickering","1d","Secondary",1,-138.68,-137.6,0.855416372322564,0.38,0.380177521353224,24,0.9919,0.296201005411958,"Pickering|Secondary|1d"
163,"Ajax","1d","Secondary",-6,-105.93,-105.58,0.903917272190369,0.51,0.512163224751998,18,0.6233,0.227500189169178,"Ajax|Secondary|1d"
163,"Pickering","3d","Secondary",2,-373.97,-360.27,0.489500676584516,0.72,0.717299845051667,51,0.428,0.345721028489492,"Pickering|Secondary|3d"
163,"Pickering","7d","Secondary",0,-451.19,-435.88,0.234040583038769,0.94,0.938580419798166,57,0.4037,0.126919471648839,"Pickering|Secondary|7d"
163,"Ajax","7d","Secondary",-1,-483.66,-461.67,0.440103241099484,0.89,0.892635006412329,65,0.193,0.396227513414271,"Ajax|Secondary|7d"
163,"Pickering","1d","Total",-6,-106.85,-106.51,1.24692716393285,0.67,0.666673979963556,21,0.5803,0.204219119887036,"Pickering|Total|1d"
163,"Ajax","1d","Total",1,-94.45,-93.61,1.68874639730335,0.5,0.49888586835858,20,0.4399,0.399686581211083,"Ajax|Total|1d"
163,"Pickering","7d","Total",-3,-364.64,-374.46,0.236955562974878,0.98,0.984196061257576,53,0.302,-0.0874848858160627,"Pickering|Total|7d"
164,"Pickering","1d","Elementary",0,-72.88,-75.49,1.61470347436459,0.46,0.457351575064857,17,0.9135,0.0291861936271216,"Pickering|Elementary|1d"
164,"Ajax","1d","Elementary",1,-58.26,-71.52,0.94806566223273,0.89,0.890248490063729,14,0.8414,0.138107890613524,"Ajax|Elementary|1d"
164,"Pickering","1d","Secondary",1,-132.65,-132.85,0.726278626509083,0.52,0.520327400317071,22,0.9194,-0.130612147914275,"Pickering|Secondary|1d"
164,"Ajax","1d","Secondary",-1,-61.19,-78.97,0.333801872365457,0.94,0.935057196396519,11,0.9678,0.0300370437536877,"Ajax|Secondary|1d"
164,"Pickering","3d","Secondary",-3,-400.91,-381.45,0.585467721923873,0.68,0.680992892203403,59,0.5315,0.373933621144239,"Pickering|Secondary|3d"
164,"Pickering","5d","Secondary",-2,-454.51,-430.43,0.490462120054529,0.78,0.775148466201753,65,0.3264,0.380391951801802,"Pickering|Secondary|5d"
164,"Pickering","1d","Total",1,-107.32,-106.39,1.17931274081019,0.39,0.390845184235871,20,0.9613,0.380651734772601,"Pickering|Total|1d"
164,"Ajax","1d","Total",1,-66.64,-80.07,0.718085988666868,0.91,0.907751277431032,14,0.8144,0.16285909872454,"Ajax|Total|1d"
165,"Pickering","1d","Elementary",1,-91.2,-90.08,1.93834136992864,0.51,0.507428863295088,21,0.4676,0.0579878839160773,"Pickering|Elementary|1d"
165,"Ajax","1d","Elementary",-4,-64.14,-69.33,1.05552904127539,0.66,0.664594673235178,13,0.6333,0.266141280817691,"Ajax|Elementary|1d"
165,"Pickering","5d","Elementary",-7,-209.62,-204.52,0.634302018499181,0.9,0.898334665336229,31,0.2677,0.111920186083139,"Pickering|Elementary|5d"
165,"Ajax","5d","Elementary",5,-335.63,-314.7,1.34426138236811,0.81,0.805110772214823,64,0.19,0.37970966524507,"Ajax|Elementary|5d"
165,"Pickering","1d","Secondary",-6,-136.23,-134.51,0.811889865703124,0.61,0.605587601843065,21,0.4075,0.0440015494920163,"Pickering|Secondary|1d"
165,"Ajax","1d","Secondary",1,-98.32,-106.21,0.814411145920815,0.92,0.916684760782656,19,0.2229,0.221265079100726,"Ajax|Secondary|1d"
165,"Ajax","3d","Secondary",-6,-260.02,-253.07,0.504887632789088,0.82,0.816149819812607,36,0.2474,0.251152554233054,"Ajax|Secondary|3d"
165,"Ajax","5d","Secondary",7,-407.29,-397.99,0.817100748783131,0.7,0.704119599716738,61,0.6048,0.327348473552224,"Ajax|Secondary|5d"
165,"Pickering","7d","Secondary",3,-517.53,-491.21,0.357715462515138,0.84,0.840937526371124,68,0.1919,0.346725171836142,"Pickering|Secondary|7d"
165,"Pickering","1d","Total",1,-99.93,-99.76,1.45842088827874,0.54,0.54412761192065,21,0.5596,0.150247814738807,"Pickering|Total|1d"
165,"Ajax","1d","Total",-6,-82.16,-83.8,1.35764545701602,0.55,0.551727415261188,17,0.239,0.36688763408078,"Ajax|Total|1d"
165,"Ajax","3d","Total",5,-213.26,-205.43,1.01965270791917,0.69,0.694047851649847,37,0.2944,0.392336256078056,"Ajax|Total|3d"
165,"Pickering","5d","Total",-7,-216.96,-211.78,0.561072387229454,0.88,0.882643073527062,31,0.3532,0.119031921597013,"Pickering|Total|5d"
165,"Ajax","5d","Total",5,-359.28,-343.55,1.23459784643204,0.74,0.740469746237585,64,0.3885,0.37677047403333,"Ajax|Total|5d"
166,"Pickering","1d","Elementary",7,-94.04,-92.85,1.85506196816661,0.56,0.564390907410186,20,0.1447,0.106257431395637,"Pickering|Elementary|1d"
166,"Ajax","1d","Elementary",1,-85.36,-86.54,1.53751897317008,0.72,0.724187575228174,19,0.596,-0.0291590068446653,"Ajax|Elementary|1d"
166,"Pickering","3d","Elementary",-2,-221.68,-212.88,1.04530952505007,0.7,0.703703244296315,39,0.568,0.36406217700268,"Pickering|Elementary|3d"
166,"Ajax","3d","Elementary",-3,-298.12,-280.57,1.11140115178092,0.81,0.812345390115076,55,0.2768,0.385883859479438,"Ajax|Elementary|3d"
166,"Ajax","5d","Elementary",-3,-375.62,-352.82,0.990904479829134,0.85,0.850884447257327,65,0.0529,0.347163961280963,"Ajax|Elementary|5d"
166,"Pickering","1d","Secondary",1,-147.09,-144.3,1.16339090185741,0.07,0.0707967559770514,26,0.125,0.341748430158548,"Pickering|Secondary|1d"
166,"Ajax","1d","Secondary",0,-83.78,-83.34,1.35902188826994,0.07,0.0668649748140571,16,0.3478,0.337231651149167,"Ajax|Secondary|1d"
166,"Pickering","3d","Secondary",-7,-224.86,-219.27,0.533315809319732,0.56,0.557361107833756,32,0.4196,0.314643561063878,"Pickering|Secondary|3d"
166,"Ajax","3d","Secondary",-3,-291.92,-280.47,1.36807799378516,0.39,0.385852196597583,55,0.1512,0.367435106100007,"Ajax|Secondary|3d"
166,"Ajax","5d","Secondary",4,-445.97,-424.09,0.521162657715767,0.88,0.882145057868636,63,0.4336,0.29156011018987,"Ajax|Secondary|5d"
166,"Pickering","1d","Total",7,-111.52,-110.43,1.13058801488159,0.69,0.691407040034677,20,0.4959,0.247192707472581,"Pickering|Total|1d"
166,"Ajax","1d","Total",1,-91.07,-91.27,1.40677619500154,0.64,0.64113932344866,19,0.8434,0.149130319631835,"Ajax|Total|1d"
166,"Ajax","5d","Total",-6,-366.18,-343.85,0.772047785110139,0.84,0.844775780753386,62,0.3657,0.388691393548461,"Ajax|Total|5d"
167,"Pickering","1d","Elementary",0,-62.88,-70.43,0.746092688989931,0.88,0.882478393647362,12,0.6458,0.276864985853568,"Pickering|Elementary|1d"
167,"Ajax","1d","Elementary",-6,-86.26,-87.06,1.70667015782268,0.65,0.650889543441803,19,0.0903,0.192314565261972,"Ajax|Elementary|1d"
167,"Pickering","5d","Elementary",-3,-249.37,-238.04,1.01924035111546,0.71,0.711424405508538,44,0.0725,0.355610480058748,"Pickering|Elementary|5d"
167,"Ajax","5d","Elementary",5,-320.84,-296.6,1.48599899441647,0.75,0.750603006431844,66,0.3899,0.349508268444795,"Ajax|Elementary|5d"
167,"Pickering","1d","Secondary",3,-75.19,-80.01,0.589100980077317,0.66,0.662466729418013,12,0.1216,-0.354754278178427,"Pickering|Secondary|1d"
167,"Ajax","1d","Secondary",0,-93.01,-92.87,1.11032043723437,0.39,0.392817094550261,17,0.237,0.105820778982727,"Ajax|Secondary|1d"
167,"Pickering","3d","Secondary",6,-323.35,-310.85,0.639886434281625,0.61,0.607116536961782,48,0.6946,0.366016996843567,"Pickering|Secondary|3d"
167,"Pickering","5d","Secondary",3,-346.24,-332.36,0.508619649113473,0.67,0.672675314352248,49,0.5712,0.332622196368674,"Pickering|Secondary|5d"
167,"Pickering","1d","Total",2,-57.54,-61.92,1.03859930212544,0.64,0.642913642640504,11,0.0517,-0.0074916290552931,"Pickering|Total|1d"
167,"Ajax","1d","Total",-6,-97.64,-97.82,1.31302555735382,0.68,0.67599082229157,19,0.09,0.375428594287009,"Ajax|Total|1d"
167,"Ajax","3d","Total",-5,-268.85,-258.17,1.06423566956927,0.68,0.677100952902807,46,0.0973,0.39302304415224,"Ajax|Total|3d"
167,"Pickering","5d","Total",-2,-271.48,-259.11,0.847775305345353,0.67,0.669387555114645,46,0.5683,0.387515986899165,"Pickering|Total|5d"
167,"Ajax","5d","Total",5,-348.2,-323.97,1.19575191428688,0.74,0.744397011977487,66,0.0955,0.338375977044268,"Ajax|Total|5d"
168,"Pickering","1d","Elementary",1,-61.85,-82.64,0.718788194987189,0.92,0.91808638926172,15,0.4975,-0.312720537193796,"Pickering|Elementary|1d"
168,"Ajax","1d","Elementary",1,-85.74,-85.84,2.05905407541665,0.54,0.544508061450178,21,0.2522,0.331569695300688,"Ajax|Elementary|1d"
168,"Pickering","3d","Elementary",-7,-173.73,-167.27,1.31973811095126,0.69,0.69209484812413,35,0.3849,0.358374824081624,"Pickering|Elementary|3d"
168,"Ajax","3d","Elementary",1,-290.9,-274.17,1.19455891697709,0.83,0.831432745679781,54,0.6283,0.337322829898388,"Ajax|Elementary|3d"
168,"Pickering","7d","Elementary",4,-408.34,-379.67,1.07205003581029,0.81,0.810992675926999,74,0.7381,0.39506406558971,"Pickering|Elementary|7d"
168,"Ajax","7d","Elementary",-4,-296.21,-297.14,0.247142040518251,0.99,0.986779677545583,40,0.1947,-0.0766561859489071,"Ajax|Elementary|7d"
168,"Pickering","1d","Secondary",3,-94.17,-95.2,0.771546709427317,0.43,0.433357514824614,15,0.1322,0.321181765220751,"Pickering|Secondary|1d"
168,"Ajax","1d","Secondary",-6,-111.15,-109.91,1.01070133862524,0.4,0.401568928691193,19,0.111,0.366199905664597,"Ajax|Secondary|1d"
168,"Ajax","3d","Secondary",-6,-345.11,-332.9,0.68038257053134,0.78,0.778233516863101,51,0.0716,0.367425093308648,"Ajax|Secondary|3d"
168,"Pickering","7d","Secondary",5,-545.01,-515.76,0.385022312814669,0.84,0.841648392911149,73,0.2657,0.29492221206499,"Pickering|Secondary|7d"
168,"Ajax","7d","Secondary",4,-315.99,-311.76,0.246407319889364,0.95,0.950449435426958,40,0.4462,0.149766414820877,"Ajax|Secondary|7d"
168,"Pickering","1d","Total",1,-61.76,-88.58,0.549687200682753,0.93,0.926976122722306,15,0.2053,-0.257049219754548,"Pickering|Total|1d"
168,"Ajax","1d","Total",-6,-86.53,-86.25,1.62337550737822,0.36,0.355919840596391,19,0.0969,0.349570842894421,"Ajax|Total|1d"
168,"Pickering","7d","Total",5,-442.25,-413.13,0.778840479128217,0.83,0.82623494751684,73,0.2498,0.392098772094238,"Pickering|Total|7d"
168,"Ajax","7d","Total",-4,-313.11,-320.31,0.169882221500363,0.99,0.990961864039849,40,0.3086,-0.113805404285939,"Ajax|Total|7d"
169,"Pickering","1d","Elementary",1,-98.61,-97.51,1.79864767807201,0.51,0.510987942249153,22,0.7503,0.312459567386165,"Pickering|Elementary|1d"
169,"Ajax","1d","Elementary",1,-68.52,-70.68,1.79894516460401,0.55,0.553812196808696,16,0.0571,0.293787553155292,"Ajax|Elementary|1d"
169,"Pickering","1d","Secondary",1,-138.34,-135.74,1.01779636772553,0.36,0.364533192613236,24,0.8874,0.207399827804593,"Pickering|Secondary|1d"
169,"Ajax","1d","Secondary",-6,-84.32,-85.7,0.928054725341289,0.46,0.45800942802639,15,0.0657,0.305177900004507,"Ajax|Secondary|1d"
169,"Ajax","3d","Secondary",-6,-306.86,-293.85,0.644537624139347,0.77,0.771999577977372,47,0.9193,0.269020465900626,"Ajax|Secondary|3d"
169,"Ajax","5d","Secondary",4,-438.44,-416.35,0.680602292416689,0.79,0.787166670962591,66,0.3612,0.331477335455941,"Ajax|Secondary|5d"
169,"Pickering","1d","Total",1,-107.67,-106.66,1.47586938854275,0.49,0.489965447946052,22,0.2866,0.340936190669987,"Pickering|Total|1d"
169,"Ajax","1d","Total",1,-78.83,-80.5,1.29846378801643,0.62,0.616952258936317,16,0.2932,0.322043167470533,"Ajax|Total|1d"
169,"Ajax","3d","Total",-5,-273.71,-260.11,0.926964836574036,0.78,0.778283572609875,48,0.7036,0.270730575741163,"Ajax|Total|3d"
169,"Ajax","5d","Total",4,-404.3,-387.88,0.990686794668424,0.83,0.83460019792052,66,0.5336,0.354586562444764,"Ajax|Total|5d"
170,"Pickering","1d","Elementary",1,-110.51,-109.36,1.24299318519026,0.73,0.726759219068838,21,0.48,0.055319742136326,"Pickering|Elementary|1d"
170,"Ajax","1d","Elementary",1,-90.86,-89.7,1.92509495669339,0.61,0.611279342318328,20,0.8138,0.217552468607981,"Ajax|Elementary|1d"
170,"Pickering","1d","Secondary",3,-125.66,-124.18,0.859397088790597,0.28,0.284699671664271,20,0.6199,0.37876300716791,"Pickering|Secondary|1d"
170,"Ajax","1d","Secondary",-6,-106.54,-105.71,1.04460695654544,0.38,0.379711548406274,19,0.2973,0.296409356920324,"Ajax|Secondary|1d"
170,"Pickering","3d","Secondary",-3,-327.64,-318.06,0.477154437218425,0.72,0.722064760076418,44,0.7124,0.374346326845866,"Pickering|Secondary|3d"
170,"Ajax","3d","Secondary",-5,-238.34,-230.64,0.706956137008297,0.77,0.772812608658311,39,0.8488,0.318895722939311,"Ajax|Secondary|3d"
170,"Ajax","5d","Secondary",3,-405.04,-383.32,0.591587364733626,0.85,0.85463750339819,61,0.6307,0.344169469991937,"Ajax|Secondary|5d"
170,"Pickering","1d","Total",1,-117.92,-116.74,1.0390132362225,0.7,0.700135333673886,21,0.2483,0.078392873494716,"Pickering|Total|1d"
170,"Ajax","1d","Total",1,-99.88,-98.73,1.48577001743628,0.64,0.637095837938847,20,0.4677,0.32584774825383,"Ajax|Total|1d"
171,"Pickering","1d","Elementary",1,-108.54,-107.53,1.50712673799933,0.72,0.716671702173468,22,0.1246,0.298961132957643,"Pickering|Elementary|1d"
171,"Ajax","1d","Elementary",-6,-84.34,-86.03,1.57779912443924,0.66,0.660725561123841,19,0.8755,0.0985060354162496,"Ajax|Elementary|1d"
171,"Pickering","3d","Elementary",2,-278.42,-267.75,1.41402529801316,0.63,0.630098183021094,52,0.4549,0.294016688393089,"Pickering|Elementary|3d"
171,"Ajax","7d","Elementary",6,-347.06,-329.94,0.701382932974125,0.92,0.921735274118915,54,0.2609,0.389929579486506,"Ajax|Elementary|7d"
171,"Pickering","1d","Secondary",1,-151.78,-149.19,0.770012343239818,0.48,0.476611832432915,24,0.0945,0.216294728116485,"Pickering|Secondary|1d"
171,"Ajax","1d","Secondary",-1,-65.45,-91.47,0.483959338205273,0.88,0.880130589910516,15,0.4127,-0.00956412264547734,"Ajax|Secondary|1d"
171,"Pickering","3d","Secondary",7,-359.67,-349,0.646652029706504,0.63,0.630500933120243,52,0.3626,0.374167877235856,"Pickering|Secondary|3d"
171,"Pickering","5d","Secondary",5,-370.8,-356.33,0.428580172921648,0.71,0.706190060769282,50,0.1721,0.312198864693895,"Pickering|Secondary|5d"
171,"Ajax","7d","Secondary",-4,-412.95,-396.55,0.382390926863517,0.9,0.902579072927257,54,0.1844,0.326827630883255,"Ajax|Secondary|7d"
171,"Pickering","1d","Total",0,-85.78,-87.42,1.25337295387174,0.56,0.557667209601766,17,0.1097,0.246309239222231,"Pickering|Total|1d"
171,"Ajax","1d","Total",-6,-87.41,-92.42,1.16595299909196,0.7,0.702852772756417,19,0.8031,0.267097283197303,"Ajax|Total|1d"
171,"Pickering","3d","Total",1,-298.36,-288.83,1.23499400451638,0.57,0.565690580002681,52,0.2007,0.374442934279703,"Pickering|Total|3d"
171,"Ajax","7d","Total",7,-394.77,-377.97,0.47365290974038,0.95,0.947883182030507,54,0.0746,0.390847624781725,"Ajax|Total|7d"
172,"Pickering","1d","Elementary",0,-62.18,-67.34,1.09599046944078,0.72,0.721813502986055,13,0.6513,0.350740551826411,"Pickering|Elementary|1d"
172,"Ajax","1d","Elementary",1,-86.92,-89.26,1.69891113357071,0.68,0.682399290928319,21,0.9062,0.276617694275087,"Ajax|Elementary|1d"
172,"Ajax","3d","Elementary",-3,-251.42,-239.97,1.1036507378116,0.77,0.767163483618734,45,0.5249,0.376269201283249,"Ajax|Elementary|3d"
172,"Ajax","5d","Elementary",4,-407.14,-382.74,0.647700411465626,0.95,0.948718788964413,65,0.7082,0.294969940598976,"Ajax|Elementary|5d"
172,"Pickering","1d","Secondary",2,-88.53,-94.1,0.580709392689555,0.72,0.721372195083585,15,0.5971,-0.0453432532582574,"Pickering|Secondary|1d"
172,"Ajax","1d","Secondary",1,-108.14,-106.66,1.28453702762957,0.69,0.687155692490126,21,0.1699,0.114323873100481,"Ajax|Secondary|1d"
172,"Pickering","1d","Total",0,-67.51,-72.73,0.906094473712555,0.73,0.726049117334801,13,0.5189,0.398802071392339,"Pickering|Total|1d"
172,"Ajax","1d","Total",-6,-88.96,-88.13,1.69773474155651,0.35,0.348475360019545,19,0.5413,0.377611666055694,"Ajax|Total|1d"
172,"Ajax","3d","Total",0,-274.57,-264.09,0.706155671885978,0.9,0.90309468786466,46,0.7826,0.248132314421871,"Ajax|Total|3d"
172,"Ajax","5d","Total",4,-426.3,-401.95,0.565093497822966,0.94,0.939108383258083,65,0.6596,0.360946892678855,"Ajax|Total|5d"
173,"Pickering","1d","Elementary",1,-110.57,-109.07,1.52619504710417,0.75,0.751450768653095,22,0.4115,0.321776676548637,"Pickering|Elementary|1d"
173,"Ajax","1d","Elementary",1,-85.08,-83.59,2.44822780062792,0.25,0.251945928992921,20,0.9544,0.329051481566571,"Ajax|Elementary|1d"
173,"Ajax","3d","Elementary",-4,-223.51,-216.52,1.58747462139878,0.62,0.620242155017823,43,0.1572,0.371041175183821,"Ajax|Elementary|3d"
173,"Ajax","5d","Elementary",-5,-257.78,-256.49,0.596820264294453,0.94,0.940697078833766,45,0.6273,0.229868207753455,"Ajax|Elementary|5d"
173,"Pickering","1d","Secondary",2,-103.26,-130.01,0.334340840309888,0.91,0.914014567359172,19,0.5357,-0.287046131529736,"Pickering|Secondary|1d"
173,"Ajax","1d","Secondary",-6,-115.01,-114.53,0.711613241666354,0.7,0.696334771783397,18,0.3321,-0.146173646516257,"Ajax|Secondary|1d"
173,"Pickering","5d","Secondary",-3,-487.44,-465.28,0.320936315855115,0.88,0.881629078342253,62,0.9201,0.310401149091714,"Pickering|Secondary|5d"
173,"Ajax","5d","Secondary",1,-313.86,-311.16,0.332722053174977,0.93,0.930870028527128,45,0.0753,0.184619711956861,"Ajax|Secondary|5d"
173,"Pickering","7d","Secondary",1,-546.06,-523.76,0.277462650509629,0.91,0.914392253769239,65,0.8232,0.380336309748078,"Pickering|Secondary|7d"
173,"Pickering","1d","Total",1,-117.01,-115.54,1.30386985542313,0.69,0.694548925202554,22,0.0933,0.278093621572453,"Pickering|Total|1d"
173,"Ajax","1d","Total",1,-89.47,-90.61,1.56111867838719,0.55,0.54694189434037,20,0.1584,0.292114386662532,"Ajax|Total|1d"
173,"Ajax","3d","Total",-7,-232.11,-221.88,1.12427442910916,0.64,0.638166699731471,42,0.9415,0.395726411113667,"Ajax|Total|3d"
173,"Ajax","5d","Total",-6,-277.1,-278.65,0.461758351033586,0.94,0.944455053235789,45,0.3457,0.272381502085846,"Ajax|Total|5d"
174,"Pickering","1d","Elementary",-7,-88.96,-92.21,0.962573782208654,0.53,0.528317447073252,17,0.3823,0.272348972564838,"Pickering|Elementary|1d"
174,"Ajax","1d","Elementary",1,-72.94,-75.74,1.71917631090903,0.65,0.645807666856667,17,0.0815,0.347607471785413,"Ajax|Elementary|1d"
174,"Ajax","3d","Elementary",1,-200.93,-191.61,1.61266264910705,0.75,0.749730395203424,41,0.9957,0.345388530600762,"Ajax|Elementary|3d"
174,"Pickering","5d","Elementary",-5,-174.29,-169.18,1.07418956357043,0.61,0.613275070527324,31,0.6237,0.390147298305945,"Pickering|Elementary|5d"
174,"Ajax","5d","Elementary",-7,-347.75,-331.53,0.613939002370867,0.94,0.941338386446282,55,0.2039,0.335911773741623,"Ajax|Elementary|5d"
174,"Pickering","7d","Elementary",-3,-489.86,-463.14,0.547765685375115,0.92,0.922599844421925,71,0.0862,0.31832942997489,"Pickering|Elementary|7d"
174,"Ajax","7d","Elementary",6,-366.79,-346.48,0.720404237863577,0.95,0.946480311816543,59,0.9684,0.266300396172023,"Ajax|Elementary|7d"
174,"Pickering","1d","Secondary",1,-142.78,-141.94,0.638193065283997,0.77,0.76534591127388,22,0.2877,0.160784674050391,"Pickering|Secondary|1d"
174,"Ajax","1d","Secondary",-6,-89.2,-93.87,0.623184630235882,0.73,0.734642222485591,15,0.714,0.237534582712585,"Ajax|Secondary|1d"
174,"Pickering","3d","Secondary",-1,-441.04,-419.03,0.525968296928944,0.69,0.686454571958304,63,0.3426,0.369652265206503,"Pickering|Secondary|3d"
174,"Ajax","5d","Secondary",0,-426.47,-405.46,0.468190093715747,0.9,0.895052380525301,60,0.9352,0.329109527746036,"Ajax|Secondary|5d"
174,"Ajax","7d","Secondary",-3,-435.04,-414.73,0.389487278882061,0.9,0.89960275217068,59,0.1935,0.350527732605591,"Ajax|Secondary|7d"
174,"Pickering","1d","Total",-6,-97.9,-97.38,1.1440236705979,0.43,0.425787019514094,18,0.0907,-0.088561981717503,"Pickering|Total|1d"
174,"Ajax","1d","Total",-6,-64.97,-68.63,1.50739878379535,0.52,0.517875856625929,15,0.9418,0.307860149594865,"Ajax|Total|1d"
174,"Ajax","5d","Total",-3,-383.42,-362.6,0.717036334954478,0.89,0.889201419739469,60,0.7658,0.398066540706513,"Ajax|Total|5d"
174,"Pickering","7d","Total",-4,-500.73,-473.54,0.401640799564962,0.93,0.927656686126692,69,0.8635,0.281065159381009,"Pickering|Total|7d"
174,"Ajax","7d","Total",4,-388.07,-367.95,0.549881666633462,0.94,0.937938324856291,59,0.2743,0.0922086710543979,"Ajax|Total|7d"
175,"Pickering","1d","Elementary",-6,-87.87,-86.43,2.35179507170221,0.03,0.0347777150025149,20,0.8631,0.373500051585455,"Pickering|Elementary|1d"
175,"Ajax","1d","Elementary",-6,-71.85,-76.52,1.51529835765801,0.52,0.523336518690433,17,0.7912,0.195243659283343,"Ajax|Elementary|1d"
175,"Pickering","3d","Elementary",0,-252.59,-240.92,1.24403254158256,0.6,0.599570927386849,46,0.7329,0.368026001572628,"Pickering|Elementary|3d"
175,"Ajax","3d","Elementary",-6,-263.24,-250.23,0.97348915507018,0.87,0.866548825884826,48,0.997,0.257584589410746,"Ajax|Elementary|3d"
175,"Ajax","5d","Elementary",4,-311.15,-296.01,1.00088738434498,0.91,0.907630917056688,53,0.8158,0.379796004441212,"Ajax|Elementary|5d"
175,"Pickering","1d","Secondary",0,-147.13,-144.82,1.00142751179546,0.1,0.10441354176359,24,0.7615,0.294820439246383,"Pickering|Secondary|1d"
175,"Ajax","1d","Secondary",-6,-99.79,-100.65,0.84129606330445,0.53,0.526633896701245,17,0.7457,0.348291757928255,"Ajax|Secondary|1d"
175,"Pickering","3d","Secondary",-1,-326.36,-315.95,0.565549344778675,0.61,0.607987115636945,46,0.7372,0.384263889411101,"Pickering|Secondary|3d"
175,"Ajax","3d","Secondary",0,-320.15,-305.67,0.814041548449438,0.73,0.729210219846294,51,0.9211,0.283087112549964,"Ajax|Secondary|3d"
175,"Pickering","5d","Secondary",-7,-466.78,-443.21,0.383262557428247,0.85,0.85199929716967,64,0.6432,0.351140959337176,"Pickering|Secondary|5d"
175,"Ajax","5d","Secondary",-2,-411.68,-394.57,0.38274979580579,0.89,0.888224313496395,54,0.9813,0.313672522381268,"Ajax|Secondary|5d"
175,"Ajax","7d","Secondary",5,-501.62,-477.85,0.401170518764227,0.92,0.924279682721244,66,0.3213,0.252677481662797,"Ajax|Secondary|7d"
175,"Pickering","1d","Total",-6,-95.18,-93.7,1.92138892123974,0.06,0.0615530555429873,20,0.7311,0.383228294394864,"Pickering|Total|1d"
175,"Ajax","1d","Total",-6,-79.86,-83.73,1.23997134801222,0.47,0.472465115130147,17,0.7074,0.281058552707251,"Ajax|Total|1d"
175,"Ajax","3d","Total",-3,-284.33,-270.13,0.895180387834956,0.82,0.823618342779975,49,0.805,0.376021474406812,"Ajax|Total|3d"
175,"Ajax","5d","Total",-5,-338.63,-322.31,0.710975693051608,0.88,0.875831483536506,53,0.1756,0.361791788353015,"Ajax|Total|5d"
175,"Ajax","7d","Total",6,-426.12,-403.31,0.64984430238559,0.93,0.933332222603838,64,0.5545,0.364960816098489,"Ajax|Total|7d"
176,"Pickering","1d","Elementary",-7,-79.35,-82.34,0.791512583661223,0.85,0.847628950099757,14,0.7673,0.115127907097188,"Pickering|Elementary|1d"
176,"Ajax","1d","Elementary",-6,-75.21,-78.3,1.1401369588823,0.76,0.756353242962653,15,0.89,0.156754454348998,"Ajax|Elementary|1d"
176,"Pickering","3d","Elementary",6,-171.51,-167.81,0.823301694403233,0.63,0.633377537824388,28,0.8898,0.366083153591608,"Pickering|Elementary|3d"
176,"Ajax","3d","Elementary",6,-271.39,-256.09,1.25315511638381,0.83,0.831046504326122,51,0.318,0.38136361756117,"Ajax|Elementary|3d"
176,"Ajax","5d","Elementary",3,-354.62,-331.48,1.13592418098081,0.84,0.837861761206043,66,0.1875,0.380732746343568,"Ajax|Elementary|5d"
176,"Pickering","1d","Secondary",7,-99.87,-99.87,0.822730948228938,0.55,0.546427854964531,16,0.404,-0.182514753111365,"Pickering|Secondary|1d"
176,"Ajax","1d","Secondary",-5,-70.81,-72.34,0.864165227162687,0.51,0.507235003122486,12,0.3842,0.193719878587435,"Ajax|Secondary|1d"
176,"Pickering","3d","Secondary",7,-226.17,-222.43,0.300831568438086,0.9,0.896210288341632,28,0.2538,0.341493698966485,"Pickering|Secondary|3d"
176,"Ajax","3d","Secondary",5,-288.92,-274.16,1.10786349672625,0.67,0.671317909720139,52,0.6486,0.380087106989921,"Ajax|Secondary|3d"
176,"Ajax","5d","Secondary",7,-398.02,-378.67,0.725648784511508,0.76,0.763425508940889,61,0.8122,0.394227288177914,"Ajax|Secondary|5d"
176,"Pickering","1d","Total",-7,-80.5,-83.24,0.639826713944165,0.86,0.855232179038948,13,0.5702,0.126785191984217,"Pickering|Total|1d"
176,"Ajax","1d","Total",1,-82.25,-86.15,1.04332028127389,0.76,0.756467917473802,16,0.1972,-0.108590287625411,"Ajax|Total|1d"
176,"Pickering","3d","Total",6,-194.72,-194.66,0.410876935907791,0.85,0.845783822062731,28,0.9772,0.374341713573884,"Pickering|Total|3d"
176,"Pickering","5d","Total",-6,-261.44,-248.67,0.936540874185145,0.78,0.78196283149626,48,0.2574,0.277532315834334,"Pickering|Total|5d"
176,"Ajax","5d","Total",3,-382.75,-359.28,0.901441207689551,0.84,0.839253452034093,66,0.1156,0.30862237647733,"Ajax|Total|5d"
177,"Pickering","1d","Elementary",3,-77.62,-77.05,1.93127321011683,0.03,0.0313435901039151,16,0.0804,0.0638885524558124,"Pickering|Elementary|1d"
177,"Ajax","1d","Elementary",-7,-65.9,-67,1.93761764766817,0.48,0.476528259526616,15,0.2286,0.263821746960495,"Ajax|Elementary|1d"
177,"Pickering","1d","Secondary",1,-122.54,-121.36,0.857876648748291,0.23,0.234875071768919,20,0.538,0.338776955165936,"Pickering|Secondary|1d"
177,"Ajax","1d","Secondary",6,-87.51,-92.64,0.618709687205762,0.85,0.851928666527138,15,0.9363,0.0640725967847189,"Ajax|Secondary|1d"
177,"Pickering","3d","Secondary",0,-332.54,-321.39,0.417968734307537,0.82,0.818606711570129,44,0.6322,0.347499073932245,"Pickering|Secondary|3d"
177,"Pickering","1d","Total",-4,-74.53,-75.5,0.992637075204382,0.58,0.578086899985428,13,0.8074,0.107397279231523,"Pickering|Total|1d"
177,"Ajax","1d","Total",-6,-89.01,-89.13,1.61886618004373,0.48,0.478595163175228,19,0.1609,0.378962556997502,"Ajax|Total|1d"
178,"Pickering","1d","Elementary",7,-95.68,-94.41,1.69904043079061,0.53,0.530226532920909,20,0.2834,0.376513878712153,"Pickering|Elementary|1d"
178,"Ajax","1d","Elementary",-4,-78.71,-81.77,1.02485553541045,0.81,0.811154135467946,15,0.3192,0.342811491852762,"Ajax|Elementary|1d"
178,"Ajax","5d","Elementary",2,-353.7,-331.05,1.03045240899992,0.87,0.874122958632102,63,0.9931,0.303373836215562,"Ajax|Elementary|5d"
178,"Pickering","1d","Secondary",1,-145.46,-142.51,0.96361154932651,0.23,0.232689370791862,25,0.22,0.376632442925668,"Pickering|Secondary|1d"
178,"Ajax","1d","Secondary",-6,-99.7,-102.87,0.811982828381206,0.61,0.613245038534562,18,0.9943,0.130242299160335,"Ajax|Secondary|1d"
178,"Ajax","5d","Secondary",-6,-448.58,-429.42,0.53092809122662,0.87,0.865921631471111,62,0.2483,0.334962461782745,"Ajax|Secondary|5d"
178,"Pickering","7d","Secondary",5,-500.59,-477.53,0.289712317816106,0.89,0.890797901534507,63,0.579,0.336087657466196,"Pickering|Secondary|7d"
178,"Ajax","7d","Secondary",6,-487.9,-464.85,0.327116661752978,0.95,0.945038003709233,63,0.4172,0.27974693995676,"Ajax|Secondary|7d"
178,"Pickering","1d","Total",6,-89.92,-91.32,1.3934858398392,0.58,0.578724899804343,19,0.1153,0.178948313870876,"Pickering|Total|1d"
178,"Ajax","1d","Total",-6,-87.2,-90.88,1.08192450893131,0.68,0.68417173407009,18,0.1426,0.0179475131434263,"Ajax|Total|1d"
178,"Ajax","5d","Total",2,-376.39,-353.41,0.812200562627857,0.87,0.873109342778354,63,0.7109,0.254472627740883,"Ajax|Total|5d"
179,"Pickering","1d","Elementary",1,-92.25,-92.56,1.43869193006728,0.65,0.646979154701386,19,0.7247,0.216865383457959,"Pickering|Elementary|1d"
179,"Ajax","1d","Elementary",7,-55.57,-97.43,0.368768569384626,0.99,0.987035707703825,15,0.3759,-0.0067805826690242,"Ajax|Elementary|1d"
179,"Pickering","3d","Elementary",-5,-313.68,-296.32,0.997758004685798,0.8,0.799279422629964,55,0.8486,0.205210990488974,"Pickering|Elementary|3d"
179,"Ajax","3d","Elementary",7,-279.55,-264.81,1.05898276866455,0.9,0.897395961302818,50,0.1162,0.282435620961812,"Ajax|Elementary|3d"
179,"Pickering","1d","Secondary",-6,-110.76,-111.63,0.606074151274067,0.5,0.499215847045106,17,0.7114,0.0666774691383341,"Pickering|Secondary|1d"
179,"Ajax","1d","Secondary",-6,-107.8,-111.16,0.650098404701241,0.76,0.76137869100468,18,0.7753,-0.219801645129137,"Ajax|Secondary|1d"
179,"Pickering","3d","Secondary",6,-397.87,-381.68,0.62918452451915,0.64,0.642900536015652,58,0.8656,0.35311951861159,"Pickering|Secondary|3d"
179,"Ajax","3d","Secondary",-6,-311.66,-297.96,0.724001443770182,0.72,0.724697244207122,49,0.9785,0.39189760736641,"Ajax|Secondary|3d"
179,"Pickering","5d","Secondary",-7,-209.66,-212.22,0.246714850287537,0.91,0.910184011702527,27,0.9855,0.210023619650412,"Pickering|Secondary|5d"
179,"Pickering","7d","Secondary",4,-547.71,-523.86,0.295041909036489,0.91,0.907932134791406,67,0.1146,0.378694076082335,"Pickering|Secondary|7d"
179,"Ajax","7d","Secondary",-2,-426.72,-410,0.365245369337566,0.91,0.905062919607634,55,0.3128,0.334548755783574,"Ajax|Secondary|7d"
179,"Pickering","1d","Total",1,-99.97,-100.26,1.1708233839122,0.64,0.643168391457278,19,0.9452,0.299560282692568,"Pickering|Total|1d"
179,"Ajax","1d","Total",7,-61.74,-95.98,0.37151863059176,0.97,0.974270300068165,15,0.9861,0.143398391059312,"Ajax|Total|1d"
179,"Pickering","3d","Total",-5,-330.57,-313.9,0.802513806778938,0.77,0.769826947777688,54,0.2348,0.227647449615073,"Pickering|Total|3d"
179,"Ajax","3d","Total",7,-306.92,-292.42,0.740517308227134,0.92,0.915496482779473,50,0.5314,0.191123302943161,"Ajax|Total|3d"
180,"Pickering","1d","Elementary",6,-73.37,-73.09,2.04832038753117,0.32,0.320440812162747,18,0.2174,0.371905890480547,"Pickering|Elementary|1d"
180,"Ajax","1d","Elementary",-6,-66.23,-69.32,1.31094078192232,0.7,0.704153084106001,14,0.6268,-0.241520937293706,"Ajax|Elementary|1d"
180,"Pickering","3d","Elementary",6,-269.71,-257.3,0.919257296598694,0.71,0.711523083526413,46,0.7441,0.3884820160157,"Pickering|Elementary|3d"
180,"Pickering","7d","Elementary",-7,-199.26,-194.22,0.741313574120075,0.82,0.815441734156821,31,0.6404,0.303064018982864,"Pickering|Elementary|7d"
180,"Pickering","1d","Secondary",0,-124.94,-123.51,0.950292826028775,0.24,0.240925597790193,21,0.4363,0.334669000347875,"Pickering|Secondary|1d"
180,"Ajax","1d","Secondary",-6,-77.78,-87.89,0.586799376836499,0.85,0.845947453866092,14,0.1392,0.12669642021764,"Ajax|Secondary|1d"
180,"Pickering","3d","Secondary",0,-333.1,-319.57,0.531747002430873,0.7,0.69914197667559,48,0.1719,0.388345677330174,"Pickering|Secondary|3d"
180,"Ajax","3d","Secondary",5,-245.17,-238.48,0.658659793599784,0.91,0.912557833183133,40,0.0565,0.161773859818166,"Ajax|Secondary|3d"
180,"Pickering","5d","Secondary",-3,-408.2,-389.87,0.391926698941694,0.82,0.819629902572827,56,0.1274,0.247516728185589,"Pickering|Secondary|5d"
180,"Pickering","1d","Total",-4,-74.61,-74.53,1.75390153146334,0.13,0.131549987263721,15,0.3269,0.370535360760515,"Pickering|Total|1d"
180,"Ajax","1d","Total",-6,-69.94,-74.43,1.08544713541051,0.75,0.752874813971276,14,0.7405,-0.331141760176624,"Ajax|Total|1d"
181,"Pickering","1d","Elementary",3,-71.63,-75.8,0.998128381842026,0.65,0.651469704529746,14,0.0747,-0.173030183409167,"Pickering|Elementary|1d"
181,"Ajax","1d","Elementary",-6,-90.41,-90.95,1.41250983957109,0.71,0.708226443001602,19,0.9904,0.055038487605935,"Ajax|Elementary|1d"
181,"Pickering","7d","Elementary",-7,-367.66,-351.09,0.497192279716526,0.89,0.892308897378349,53,0.4735,0.210124807264871,"Pickering|Elementary|7d"
181,"Ajax","7d","Elementary",-6,-229.71,-223.84,0.580777926563059,0.91,0.913024910327561,36,0.318,0.334437391659727,"Ajax|Elementary|7d"
181,"Pickering","1d","Secondary",1,-126.31,-132.93,0.462129762183112,0.81,0.814572270144163,20,0.2491,0.274280121381981,"Pickering|Secondary|1d"
181,"Ajax","1d","Secondary",-6,-117.77,-117.19,0.767139223209849,0.68,0.682467044162751,19,0.2371,0.180488106982144,"Ajax|Secondary|1d"
181,"Pickering","3d","Secondary",-6,-402.11,-384.12,0.483999121833983,0.78,0.777118350944776,56,0.5486,0.226446975003429,"Pickering|Secondary|3d"
181,"Ajax","7d","Secondary",-7,-284.84,-278.45,0.265547168680552,0.89,0.894705716051544,34,0.0905,0.282471889316329,"Ajax|Secondary|7d"
181,"Pickering","1d","Total",-1,-60.91,-70.85,0.573340148920576,0.82,0.816767266231127,11,0.347,0.111263094316132,"Pickering|Total|1d"
181,"Ajax","1d","Total",-6,-96.67,-98,1.14697105040488,0.72,0.716978036988558,19,0.7077,0.0797318273722362,"Ajax|Total|1d"
181,"Pickering","7d","Total",-7,-385.08,-368.5,0.434062290224726,0.89,0.893672995958119,53,0.489,0.234477385517073,"Pickering|Total|7d"
181,"Ajax","7d","Total",-6,-247.07,-241.56,0.444693513148989,0.93,0.92733481892061,36,0.3674,0.291726097829134,"Ajax|Total|7d"
182,"Pickering","1d","Elementary",1,-72.23,-73.5,1.92734009937891,0.45,0.453185215718898,18,0.1828,0.306277162031521,"Pickering|Elementary|1d"
182,"Ajax","1d","Elementary",-6,-74.7,-73.9,2.2701097727912,0.03,0.0310400033873055,17,0.385,0.28290485282703,"Ajax|Elementary|1d"
182,"Pickering","7d","Elementary",-1,-392.3,-369.24,0.724642636942615,0.91,0.906658388351443,63,0.0927,0.382078711328972,"Pickering|Elementary|7d"
182,"Pickering","1d","Secondary",1,-128.53,-127.65,0.626417524930098,0.64,0.635683506283772,19,0.7569,-0.120166940417388,"Pickering|Secondary|1d"
182,"Ajax","1d","Secondary",-6,-91.93,-92.84,1.03037050748772,0.31,0.305524155249436,17,0.7879,0.310559949115674,"Ajax|Secondary|1d"
182,"Pickering","5d","Secondary",-7,-322.52,-311.38,0.452960246783729,0.74,0.74277094447297,44,0.1482,0.338227528074422,"Pickering|Secondary|5d"
182,"Ajax","5d","Secondary",-6,-451.49,-428.65,0.56478397958295,0.84,0.842183106647637,65,0.4243,0.381425716722253,"Ajax|Secondary|5d"
182,"Pickering","1d","Total",1,-82.98,-84.3,1.47892927378304,0.48,0.483489385254969,18,0.2578,0.27235409942992,"Pickering|Total|1d"
182,"Ajax","1d","Total",-6,-82.52,-81.79,1.71660295786248,0.09,0.0928421638806371,17,0.0778,0.281037033033361,"Ajax|Total|1d"
182,"Pickering","7d","Total",-5,-388.87,-369.13,0.57506246718348,0.92,0.921760630076683,58,0.2146,0.314970132374857,"Pickering|Total|7d"
183,"Pickering","1d","Elementary",1,-110.35,-110.27,1.53115273825067,0.7,0.700778894510849,24,0.1335,0.171925849397058,"Pickering|Elementary|1d"
183,"Ajax","1d","Elementary",0,-69.81,-70.07,1.81372558048245,0.6,0.601309717837039,15,0.8962,0.00281450350912361,"Ajax|Elementary|1d"
183,"Ajax","3d","Elementary",4,-281.11,-264.9,1.35182792336924,0.81,0.805853308523752,54,0.0786,0.336485652032554,"Ajax|Elementary|3d"
183,"Ajax","7d","Elementary",0,-434.43,-407.67,0.715426934964448,0.93,0.934492752983231,69,0.5926,0.26633933435992,"Ajax|Elementary|7d"
183,"Pickering","1d","Secondary",-6,-137.99,-138.35,0.630243400596291,0.6,0.596875604159098,22,0.8441,0.16081298751324,"Pickering|Secondary|1d"
183,"Ajax","1d","Secondary",7,-82.63,-82.68,1.11648374849552,0.4,0.40083655115638,15,0.478,-0.201997078435863,"Ajax|Secondary|1d"
183,"Pickering","3d","Secondary",-5,-334.21,-321.37,0.609587071162139,0.62,0.622545990101555,49,0.8565,0.314398936791324,"Pickering|Secondary|3d"
183,"Ajax","7d","Secondary",6,-461.3,-438.7,0.525821559514674,0.86,0.863213397446399,65,0.5944,0.398784260765678,"Ajax|Secondary|7d"
183,"Pickering","1d","Total",1,-122.29,-120.53,1.36412822734094,0.61,0.612612890603539,24,0.1604,0.315349651105718,"Pickering|Total|1d"
183,"Ajax","1d","Total",1,-89.15,-92,1.19270970737235,0.71,0.706026221456287,18,0.1425,0.168821188042761,"Ajax|Total|1d"
183,"Ajax","3d","Total",4,-308.38,-292.18,1.01773138600951,0.82,0.818714420709774,54,0.0732,0.342624505121911,"Ajax|Total|3d"
184,"Pickering","1d","Elementary",-6,-95.96,-102.27,0.931651267773049,0.85,0.847299055288778,19,0.8374,0.0855119954199465,"Pickering|Elementary|1d"
184,"Ajax","1d","Elementary",1,-76.49,-79.71,1.80604676403833,0.63,0.634757574927176,19,0.626,0.217743885484327,"Ajax|Elementary|1d"
184,"Pickering","3d","Elementary",4,-234.25,-223.32,1.42435595344098,0.74,0.737858360656966,45,0.9973,0.375973791336029,"Pickering|Elementary|3d"
184,"Pickering","5d","Elementary",-4,-252.01,-242.57,0.773469282012687,0.76,0.757707839050701,42,0.9966,0.261486860558825,"Pickering|Elementary|5d"
184,"Pickering","1d","Secondary",1,-133.09,-130.77,0.976777496251476,0.25,0.252426773459849,23,0.0512,0.207291064938776,"Pickering|Secondary|1d"
184,"Ajax","1d","Secondary",7,-80.01,-84.81,0.72711093283202,0.77,0.766457871173128,14,0.4374,-0.377278747992358,"Ajax|Secondary|1d"
184,"Pickering","3d","Secondary",5,-314.48,-305.58,0.746653818102126,0.55,0.554594176701576,47,0.3677,0.309073436125532,"Pickering|Secondary|3d"
184,"Pickering","5d","Secondary",3,-355.65,-345.15,0.312330808861503,0.89,0.885947962014,48,0.7335,0.239656901609971,"Pickering|Secondary|5d"
184,"Pickering","1d","Total",7,-102.45,-110.19,0.760216768085171,0.84,0.844172029806749,20,0.1053,0.325264653631194,"Pickering|Total|1d"
184,"Ajax","1d","Total",1,-85.43,-87.02,1.52663897633754,0.6,0.599440889164994,19,0.9857,0.369432167876959,"Ajax|Total|1d"
184,"Pickering","5d","Total",7,-308.95,-295.33,0.659494060948604,0.82,0.82119159592862,48,0.7256,0.378535643399743,"Pickering|Total|5d"
185,"Pickering","1d","Elementary",-1,-55.04,-60.53,1.61465130259417,0.58,0.575610966512912,14,0.9379,0.193767093805999,"Pickering|Elementary|1d"
185,"Ajax","1d","Elementary",1,-87.3,-88.13,1.46849014883669,0.71,0.705867045296585,19,0.4627,0.12171519317173,"Ajax|Elementary|1d"
185,"Pickering","3d","Elementary",-5,-263.85,-248.48,1.22192307709492,0.77,0.76622643259725,51,0.5717,0.323121270990069,"Pickering|Elementary|3d"
185,"Ajax","5d","Elementary",4,-363.36,-341.83,1.2381084065852,0.83,0.831589344594765,66,0.096,0.389908808181791,"Ajax|Elementary|5d"
185,"Pickering","1d","Secondary",1,-120.47,-119.24,0.819389232758576,0.35,0.354534067380401,19,0.2266,0.261101735052192,"Pickering|Secondary|1d"
185,"Ajax","1d","Secondary",7,-93.28,-97.91,0.696314396176321,0.83,0.832025981186259,16,0.3733,-0.175241402400832,"Ajax|Secondary|1d"
185,"Pickering","3d","Secondary",-3,-362.92,-347.3,0.592642970302624,0.67,0.672714807133429,53,0.5259,0.257070290591896,"Pickering|Secondary|3d"
185,"Ajax","5d","Secondary",0,-482.96,-458.91,0.537961514888627,0.86,0.860541639959937,68,0.7652,0.2847960573067,"Ajax|Secondary|5d"
185,"Pickering","7d","Secondary",-5,-396.4,-383.07,0.412666748846897,0.81,0.806751997887483,52,0.5668,0.306421093878407,"Pickering|Secondary|7d"
185,"Pickering","1d","Total",6,-62.85,-72.67,0.680586974069368,0.92,0.916305731992832,12,0.9045,-0.0124480492206779,"Pickering|Total|1d"
185,"Ajax","1d","Total",7,-90.41,-94.19,0.718244591851716,0.92,0.920210595996333,16,0.7888,-0.367542180009205,"Ajax|Total|1d"
185,"Pickering","3d","Total",-6,-281.48,-267.01,1.1951698855629,0.6,0.601609022375448,51,0.1477,0.299676875124928,"Pickering|Total|3d"
185,"Ajax","5d","Total",4,-390.46,-368.68,0.991830077893234,0.83,0.829548027295235,66,0.1233,0.374156114408262,"Ajax|Total|5d"
186,"Pickering","1d","Elementary",1,-69.54,-76.05,0.964844352211999,0.82,0.822054426634343,14,0.9286,-0.340200783676185,"Pickering|Elementary|1d"
186,"Ajax","1d","Elementary",5,-36.05,-58.44,0.847127318431669,0.9,0.900776675644204,12,0.1684,-0.135617246499354,"Ajax|Elementary|1d"
186,"Pickering","7d","Elementary",7,-366.16,-354.54,0.408134026479822,0.98,0.978044561748809,54,0.4947,-0.111306780221081,"Pickering|Elementary|7d"
186,"Ajax","7d","Elementary",0,-436.47,-410.12,0.761344125993736,0.94,0.935873330752415,69,0.1686,0.325365192309576,"Ajax|Elementary|7d"
186,"Pickering","1d","Secondary",7,-72.61,-74.01,1.05891485434606,0.21,0.214201233284621,13,0.4126,0.00973424965103945,"Pickering|Secondary|1d"
186,"Ajax","1d","Secondary",-6,-96.96,-100.04,0.877150021317253,0.6,0.597233053208145,18,0.3389,0.0516984588986334,"Ajax|Secondary|1d"
186,"Pickering","3d","Secondary",-1,-299.7,-290.06,0.521237607455794,0.68,0.682848519743986,42,0.9862,0.368279250175451,"Pickering|Secondary|3d"
186,"Pickering","7d","Secondary",0,-444.8,-427.96,0.240869072767163,0.91,0.914985684648643,54,0.8213,0.272244462485013,"Pickering|Secondary|7d"
186,"Ajax","7d","Secondary",1,-535.24,-511.49,0.409044117245029,0.92,0.92258697237403,69,0.2301,0.329010209599187,"Ajax|Secondary|7d"
186,"Pickering","1d","Total",1,-71.08,-79.59,0.820095961411691,0.81,0.808108870282213,14,0.9772,-0.276098318710053,"Pickering|Total|1d"
186,"Ajax","1d","Total",7,-65.76,-67.85,1.79471732333305,0.51,0.508698701076668,16,0.3776,0.26449150055125,"Ajax|Total|1d"
186,"Pickering","7d","Total",7,-389.98,-378.08,0.319571025924476,0.98,0.976254537044217,54,0.5778,-0.1105419644873,"Pickering|Total|7d"
186,"Ajax","7d","Total",0,-480.47,-454.3,0.548126592709343,0.95,0.946095424427922,69,0.1536,0.308077064862144,"Ajax|Total|7d"
187,"Ajax","1d","Elementary",1,-104.6,-108.88,0.943698899555948,0.89,0.890652783126167,21,0.788,-0.00369097137357413,"Ajax|Elementary|1d"
187,"Pickering","3d","Elementary",7,-182.37,-176.47,1.72305828203882,0.42,0.421443016503771,36,0.132,0.364773026243028,"Pickering|Elementary|3d"
187,"Pickering","5d","Elementary",-5,-210.05,-206.17,0.417311672803405,0.76,0.760802956816535,28,0.1289,0.362958736465482,"Pickering|Elementary|5d"
187,"Pickering","7d","Elementary",3,-399.96,-381.12,0.476638603322692,0.96,0.96191274833621,59,0.1248,0.20081118831233,"Pickering|Elementary|7d"
187,"Ajax","7d","Elementary",-6,-324.77,-311.18,0.542131540961016,0.94,0.938355891581454,48,0.8524,0.377286865332866,"Ajax|Elementary|7d"
187,"Pickering","1d","Secondary",1,-64.62,-68.19,0.73383260735458,0.43,0.432164278628367,11,0.6727,0.137856866046245,"Pickering|Secondary|1d"
187,"Ajax","1d","Secondary",-6,-108.99,-114.67,0.644836225382515,0.79,0.788487714982599,19,0.2562,0.135127392938085,"Ajax|Secondary|1d"
187,"Pickering","5d","Secondary",-3,-264.28,-258.7,0.294523104686416,0.85,0.851268438462095,32,0.9238,0.390781279363926,"Pickering|Secondary|5d"
187,"Pickering","7d","Secondary",0,-467.71,-449.7,0.249018899360546,0.92,0.918399632089446,59,0.6387,0.235443531868422,"Pickering|Secondary|7d"
187,"Ajax","7d","Secondary",-6,-418.73,-405.32,0.221017814215881,0.96,0.96458342216552,48,0.2455,0.319544432207022,"Ajax|Secondary|7d"
187,"Ajax","1d","Total",1,-108.52,-110.88,0.971898362019862,0.84,0.835517758327415,21,0.1349,0.160836138222474,"Ajax|Total|1d"
187,"Pickering","3d","Total",7,-190.19,-184.05,1.39726664128663,0.43,0.425471730097571,35,0.0595,0.363373870772516,"Pickering|Total|3d"
187,"Pickering","5d","Total",-3,-259.45,-254.07,0.294226247843284,0.77,0.774334946516429,32,0.3058,0.357169776064095,"Pickering|Total|5d"
187,"Pickering","7d","Total",4,-421.94,-401.64,0.452474918367697,0.94,0.944211364787463,59,0.6425,0.220746784311454,"Pickering|Total|7d"
187,"Ajax","7d","Total",-6,-352.17,-338.56,0.4064011416091,0.95,0.949480161582091,48,0.9116,0.399889370073381,"Ajax|Total|7d"
188,"Pickering","1d","Elementary",0,-46.7,-63.59,0.724246151425661,0.87,0.867480232934598,11,0.4353,-0.0561179161967078,"Pickering|Elementary|1d"
188,"Ajax","1d","Elementary",1,-84.91,-84.3,2.0600420973642,0.46,0.462740782338243,21,0.0682,0.387033854055705,"Ajax|Elementary|1d"
188,"Ajax","3d","Elementary",2,-154.1,-157.68,0.932657142051722,0.9,0.903422633718468,33,0.8703,-0.074101397746792,"Ajax|Elementary|3d"
188,"Ajax","7d","Elementary",-4,-344.21,-329.39,0.478909521695143,0.94,0.944345761891429,51,0.5128,0.336041708239557,"Ajax|Elementary|7d"
188,"Pickering","1d","Secondary",0,-73.49,-81.94,0.429834283386947,0.8,0.801905508273467,12,0.1531,-0.207145341036539,"Pickering|Secondary|1d"
188,"Ajax","1d","Secondary",7,-80.71,-80.9,1.38293724096888,0.23,0.230875070957734,16,0.6158,0.126288747965218,"Ajax|Secondary|1d"
188,"Pickering","3d","Secondary",3,-285.04,-274.97,0.61936952161431,0.6,0.602859058892258,42,0.1112,0.308888135938962,"Pickering|Secondary|3d"
188,"Ajax","3d","Secondary",-5,-207.13,-202.01,0.642045977300533,0.68,0.680596903062528,31,0.1146,0.316201002293281,"Ajax|Secondary|3d"
188,"Pickering","5d","Secondary",-6,-402.7,-385.61,0.394834174331552,0.79,0.794660931459552,54,0.9382,0.366942940290895,"Pickering|Secondary|5d"
188,"Ajax","7d","Secondary",-2,-435.35,-420.82,0.210402892742687,0.93,0.933368360000159,51,0.3123,0.0806031121102845,"Ajax|Secondary|7d"
188,"Pickering","1d","Total",0,-50.81,-66.84,0.611680272523977,0.85,0.847672499046195,11,0.9893,-0.0965870932407124,"Pickering|Total|1d"
188,"Ajax","1d","Total",-4,-69.35,-69.76,1.72160968575412,0.21,0.208749935196949,15,0.1809,0.200430745636749,"Ajax|Total|1d"
188,"Pickering","3d","Total",6,-227.06,-218.24,1.1101711302231,0.66,0.655570633196924,40,0.4371,0.333515767055214,"Pickering|Total|3d"
188,"Ajax","3d","Total",1,-171.5,-173.49,0.753645236972931,0.89,0.88963910265251,33,0.7864,0.00534158383353353,"Ajax|Total|3d"
188,"Ajax","7d","Total",-4,-366.45,-352.45,0.373180396753965,0.95,0.950519539823333,51,0.4951,0.264446078261684,"Ajax|Total|7d"
189,"Pickering","1d","Elementary",1,-80.75,-81.87,1.16438694307669,0.63,0.625048347735329,15,0.5473,0.110991974986434,"Pickering|Elementary|1d"
189,"Ajax","1d","Elementary",-1,-66.64,-72.09,1.30394287570545,0.79,0.788032546254952,15,0.5827,0.11187773373559,"Ajax|Elementary|1d"
189,"Pickering","3d","Elementary",-7,-220.03,-212.67,0.839932259746248,0.66,0.663548948654031,36,0.818,0.289901213994297,"Pickering|Elementary|3d"
189,"Ajax","3d","Elementary",-1,-241.48,-230.14,1.09303342026354,0.83,0.827162898169163,47,0.1573,0.313944742935436,"Ajax|Elementary|3d"
189,"Pickering","5d","Elementary",-1,-311.9,-297.7,0.680011255242163,0.85,0.846876198685276,49,0.6765,0.338067734048816,"Pickering|Elementary|5d"
189,"Pickering","1d","Secondary",2,-77.27,-77.63,0.803638969801437,0,6.26393494925067e-05,12,0.192,0.339513386690402,"Pickering|Secondary|1d"
189,"Ajax","1d","Secondary",0,-89.38,-89.52,1.23335145532791,0.3,0.29657597789843,17,0.6123,0.25247185083659,"Ajax|Secondary|1d"
189,"Pickering","3d","Secondary",-7,-266.68,-259.37,0.44403191277913,0.78,0.78138375155424,36,0.3141,0.395976832243789,"Pickering|Secondary|3d"
189,"Ajax","3d","Secondary",-6,-299.66,-286.8,0.617506250870827,0.8,0.797603942893468,47,0.2672,0.386857662434736,"Ajax|Secondary|3d"
189,"Pickering","5d","Secondary",-2,-371.33,-358.17,0.372101016368567,0.85,0.850215028283496,48,0.1994,0.18940669834309,"Pickering|Secondary|5d"
189,"Pickering","1d","Total",1,-85.97,-87.04,0.987532651812659,0.53,0.526403420159905,15,0.1637,0.204581898597415,"Pickering|Total|1d"
189,"Ajax","1d","Total",-1,-80.31,-86.19,0.752211204413067,0.87,0.867399378655834,15,0.4127,0.102607561149757,"Ajax|Total|1d"
189,"Pickering","3d","Total",-6,-233.85,-226.02,0.754022326207025,0.64,0.642737985570839,37,0.4406,0.293761691622717,"Pickering|Total|3d"
189,"Ajax","3d","Total",-1,-262.12,-249.52,0.931379489221822,0.78,0.783640025976761,47,0.6373,0.385083394606249,"Ajax|Total|3d"
189,"Pickering","5d","Total",1,-327.1,-312.98,0.608429160464768,0.83,0.832547942807748,49,0.342,0.372731962660215,"Pickering|Total|5d"
190,"Pickering","1d","Elementary",-1,-90.68,-94.74,0.981523350475813,0.78,0.780402995025388,18,0.7944,-0.00540847898131351,"Pickering|Elementary|1d"
190,"Ajax","1d","Elementary",1,-83.98,-83.66,1.9078196636024,0.58,0.580564019031308,19,0.5152,0.211456004871615,"Ajax|Elementary|1d"
190,"Pickering","3d","Elementary",-6,-284.31,-270.42,1.18307287439095,0.81,0.806082180901455,50,0.171,0.364431433639834,"Pickering|Elementary|3d"
190,"Pickering","1d","Secondary",-6,-128.68,-127,0.953227600826083,0.43,0.425821654259707,22,0.941,0.153010634400014,"Pickering|Secondary|1d"
190,"Ajax","1d","Secondary",-6,-102.13,-102.42,0.948448299228255,0.48,0.48043389382014,18,0.567,0.170179841844366,"Ajax|Secondary|1d"
190,"Pickering","1d","Total",-1,-91.92,-97.68,0.766022388402749,0.78,0.776094149539394,17,0.1486,-0.0535848524937352,"Pickering|Total|1d"
190,"Ajax","1d","Total",1,-88.12,-88.37,1.54680336661759,0.57,0.565271543139801,19,0.7027,0.373618084776945,"Ajax|Total|1d"
191,"Pickering","1d","Elementary",-6,-96.15,-97.38,1.54405433997,0.67,0.667478741237885,21,0.2138,0.330907712589437,"Pickering|Elementary|1d"
191,"Ajax","1d","Elementary",-6,-76.3,-75.57,2.18594463514007,0.2,0.203773918855232,18,0.0804,0.196291063581002,"Ajax|Elementary|1d"
191,"Ajax","3d","Elementary",-5,-294.44,-278.73,1.30087581977725,0.76,0.758243235394219,55,0.6993,0.373285301484928,"Ajax|Elementary|3d"
191,"Pickering","5d","Elementary",2,-267.09,-256.77,0.759581534483332,0.86,0.857350157728349,42,0.2016,0.309824418605806,"Pickering|Elementary|5d"
191,"Pickering","7d","Elementary",-3,-382.98,-365.04,0.483632568150815,0.92,0.918204283892866,57,0.7032,-0.0484669776864884,"Pickering|Elementary|7d"
191,"Ajax","7d","Elementary",1,-349.24,-333.97,0.528002830853861,0.97,0.968943548619197,53,0.6625,0.36062154179285,"Ajax|Elementary|7d"
191,"Pickering","1d","Secondary",3,-149.54,-148.67,0.467596589287146,0.79,0.792431006915109,21,0.9691,-0.155894067465131,"Pickering|Secondary|1d"
191,"Ajax","1d","Secondary",-6,-101.58,-100.62,1.12224630968873,0.21,0.212899977400524,18,0.0651,0.301766249613173,"Ajax|Secondary|1d"
191,"Pickering","7d","Secondary",-4,-426.54,-409.07,0.352297769177229,0.86,0.85982887141819,55,0.1946,0.296162794535867,"Pickering|Secondary|7d"
191,"Ajax","7d","Secondary",-1,-422.25,-406.52,0.275613861767908,0.95,0.951239836213653,53,0.2621,0.196515671968723,"Ajax|Secondary|7d"
191,"Pickering","1d","Total",-6,-106.42,-106.08,1.33253999274867,0.61,0.606563399649336,21,0.44,0.378045022133362,"Pickering|Total|1d"
191,"Ajax","1d","Total",-6,-83.75,-82.81,1.84403036768188,0.09,0.0943435791001655,18,0.2063,0.306322791061842,"Ajax|Total|1d"
191,"Pickering","7d","Total",-3,-400.66,-382.39,0.421806544367917,0.92,0.916033289846491,57,0.2349,0.0106209290867698,"Pickering|Total|7d"
191,"Ajax","7d","Total",1,-365.97,-352.72,0.409246852336706,0.97,0.970238015445691,53,0.7144,0.311264420341858,"Ajax|Total|7d"
192,"Pickering","1d","Elementary",1,-104.89,-106.6,1.47919130311083,0.66,0.657893218526196,25,0.0668,0.0803320933990123,"Pickering|Elementary|1d"
192,"Ajax","1d","Elementary",-4,-68.13,-79.37,0.934333839439977,0.85,0.853387173900399,15,0.5154,0.273363673407823,"Ajax|Elementary|1d"
192,"Ajax","3d","Elementary",5,-284.98,-270.29,1.3123112354251,0.82,0.816586383326499,53,0.9121,0.242708142702331,"Ajax|Elementary|3d"
192,"Ajax","5d","Elementary",-1,-364.05,-341.73,0.824667153554383,0.89,0.89318386014857,62,0.116,0.382063343061921,"Ajax|Elementary|5d"
192,"Ajax","7d","Elementary",2,-494.28,-466.31,0.448226420695002,0.98,0.976950351894786,70,0.6321,0.153256335678147,"Ajax|Elementary|7d"
192,"Pickering","1d","Secondary",1,-160.22,-158.29,0.651015794866005,0.69,0.690050088125443,26,0.3609,-0.0358202194851775,"Pickering|Secondary|1d"
192,"Ajax","1d","Secondary",-6,-96.79,-99.69,0.759829450896038,0.62,0.622874091291688,17,0.4784,0.080759186522246,"Ajax|Secondary|1d"
192,"Ajax","7d","Secondary",-4,-570.66,-543.16,0.290326972533598,0.96,0.956199439486186,70,0.0635,0.0823490956300627,"Ajax|Secondary|7d"
192,"Pickering","1d","Total",0,-110.41,-112.26,0.876339404114603,0.78,0.783486184054315,20,0.6057,0.0937041799569055,"Pickering|Total|1d"
192,"Ajax","1d","Total",1,-96.7,-96.98,1.33179445869663,0.74,0.737788358182487,19,0.0966,0.149600509873238,"Ajax|Total|1d"
192,"Ajax","3d","Total",5,-304.41,-288.27,0.99185040256764,0.83,0.831774680525602,53,0.4969,0.21453788063094,"Ajax|Total|3d"
192,"Ajax","7d","Total",2,-545.91,-518.51,0.330394076339555,0.98,0.980304588716322,70,0.4765,0.0425219285587695,"Ajax|Total|7d"
193,"Pickering","1d","Elementary",0,-63.61,-76.32,0.800415808393928,0.86,0.864984061130917,14,0.9418,-0.00405123291410921,"Pickering|Elementary|1d"
193,"Ajax","1d","Elementary",-4,-56.71,-65.54,0.747289355502734,0.81,0.808216611539559,11,0.5791,0.0904507831493307,"Ajax|Elementary|1d"
193,"Ajax","7d","Elementary",-7,-191.45,-185.24,1.0457792486253,0.72,0.715440088414944,34,0.2532,0.354878049431993,"Ajax|Elementary|7d"
193,"Pickering","1d","Secondary",1,-101.35,-100.75,1.00305253480298,0.26,0.25872743423314,18,0.0821,0.322769679450594,"Pickering|Secondary|1d"
193,"Ajax","1d","Secondary",-7,-61.59,-70.38,0.589881170872248,0.87,0.868010065659939,11,0.3765,0.318796514487787,"Ajax|Secondary|1d"
193,"Pickering","5d","Secondary",-7,-371.49,-359.1,0.286070400578502,0.9,0.897520098111625,47,0.1553,0.247698348943908,"Pickering|Secondary|5d"
193,"Ajax","5d","Secondary",1,-445.11,-421.36,0.561840744120597,0.85,0.852876698645154,65,0.7274,0.350833221366511,"Ajax|Secondary|5d"
193,"Pickering","7d","Secondary",-7,-494.04,-473.03,0.298606369263584,0.89,0.889928264734734,61,0.523,0.348665026664812,"Pickering|Secondary|7d"
193,"Ajax","7d","Secondary",-4,-315.5,-307.38,0.261141067552396,0.81,0.81428982288056,38,0.0855,0.121894484775197,"Ajax|Secondary|7d"
193,"Pickering","1d","Total",7,-72.13,-76.75,0.965262030866443,0.48,0.476462458828142,14,0.9038,0.191787356724098,"Pickering|Total|1d"
193,"Ajax","1d","Total",-6,-68.3,-75.3,0.97819583970044,0.74,0.739462805880365,14,0.2843,0.113499570884309,"Ajax|Total|1d"
193,"Ajax","7d","Total",1,-217.74,-209.44,0.966620777745233,0.82,0.817460616668401,38,0.278,0.368040789247583,"Ajax|Total|7d"
194,"Ajax","1d","Elementary",1,-87.49,-86.37,1.971702801289,0.54,0.5444549977463,20,0.4689,0.285256128015328,"Ajax|Elementary|1d"
194,"Pickering","3d","Elementary",7,-256.31,-242.43,1.54367117248072,0.52,0.520178044840569,51,0.4449,0.359403772962616,"Pickering|Elementary|3d"
194,"Ajax","5d","Elementary",7,-351.6,-331.94,0.908446455813895,0.9,0.899473609439097,60,0.6937,0.374510539184688,"Ajax|Elementary|5d"
194,"Pickering","7d","Elementary",-1,-365.38,-347.45,0.868333021171162,0.86,0.860335020118566,59,0.3934,0.359826288131137,"Pickering|Elementary|7d"
194,"Ajax","7d","Elementary",-7,-341.61,-320.02,0.957696585798238,0.85,0.845911966810213,61,0.0755,0.37187589962601,"Ajax|Elementary|7d"
194,"Ajax","1d","Secondary",1,-95.19,-98.27,1.17760008934129,0.78,0.783171785333084,20,0.6302,0.055811385320175,"Ajax|Secondary|1d"
194,"Pickering","5d","Secondary",3,-488.35,-467.58,0.457665787723458,0.73,0.7270349423293,66,0.2286,0.386946401053991,"Pickering|Secondary|5d"
194,"Pickering","7d","Secondary",-7,-356.63,-344.12,0.344636872344874,0.85,0.853304601173089,47,0.6006,0.304609562664032,"Pickering|Secondary|7d"
194,"Ajax","1d","Total",1,-99.38,-98.5,1.3607151909318,0.66,0.65604158104994,20,0.1131,0.293624851489196,"Ajax|Total|1d"
194,"Ajax","5d","Total",6,-379.87,-359.09,0.805818035926202,0.89,0.8850240384618,62,0.6909,0.33402488910386,"Ajax|Total|5d"
194,"Pickering","7d","Total",-3,-378.7,-361.19,0.541979635395034,0.89,0.894709458776378,55,0.0629,0.285433191785699,"Pickering|Total|7d"
194,"Ajax","7d","Total",-5,-403.88,-379.45,0.704432258652107,0.88,0.879312106908601,65,0.8894,0.395034806903858,"Ajax|Total|7d"
195,"Pickering","1d","Elementary",-7,-32.51,-62.6,0.657971655974269,0.89,0.893209688306818,11,0.3839,-0.201386055852201,"Pickering|Elementary|1d"
195,"Ajax","1d","Elementary",1,-100.76,-100.1,1.54816844502781,0.75,0.748196047295153,21,0.7004,0.01027500076938,"Ajax|Elementary|1d"
195,"Pickering","3d","Elementary",6,-256.7,-243.87,1.13294533301283,0.75,0.749640302310025,47,0.6402,0.379517716279735,"Pickering|Elementary|3d"
195,"Pickering","5d","Elementary",0,-348.83,-330.37,0.746598558124266,0.84,0.842986447725696,56,0.228,0.314453640163411,"Pickering|Elementary|5d"
195,"Ajax","5d","Elementary",5,-347.53,-328.45,0.770719353266697,0.93,0.92590974650947,57,0.5844,0.16387634836979,"Ajax|Elementary|5d"
195,"Pickering","7d","Elementary",-2,-357.28,-338.25,1.2611152329318,0.71,0.710559373448173,66,0.0972,0.342019434847514,"Pickering|Elementary|7d"
195,"Pickering","1d","Secondary",1,-67.51,-74.73,0.82513753137831,0.53,0.534734115714058,13,0.7091,0.177749719147215,"Pickering|Secondary|1d"
195,"Ajax","1d","Secondary",-6,-108.42,-111.59,0.751779041854145,0.71,0.710845343168677,19,0.3261,0.0881630708279509,"Ajax|Secondary|1d"
195,"Pickering","3d","Secondary",-6,-286.39,-277.8,0.415801189265155,0.82,0.815155978387342,39,0.9286,0.31650745587651,"Pickering|Secondary|3d"
195,"Pickering","5d","Secondary",7,-431.45,-413.11,0.354073643635914,0.88,0.879384560854338,56,0.2849,0.276097238993141,"Pickering|Secondary|5d"
195,"Ajax","5d","Secondary",-5,-404.01,-388.42,0.517353978410379,0.85,0.853161268653912,56,0.7384,0.394676800994976,"Ajax|Secondary|5d"
195,"Pickering","7d","Secondary",7,-471.04,-450.28,0.368007950515321,0.85,0.854400037253435,61,0.779,0.338187577848503,"Pickering|Secondary|7d"
195,"Pickering","1d","Total",1,-27.81,-56.37,0.904022349865712,0.83,0.829341664919647,11,0.1771,-0.0129542480149834,"Pickering|Total|1d"
195,"Ajax","1d","Total",1,-110.91,-109.73,1.21844119290649,0.74,0.744822504194449,21,0.6357,0.178908612674629,"Ajax|Total|1d"
195,"Ajax","5d","Total",5,-371.33,-352.24,0.615365391631528,0.92,0.924187583124338,57,0.2466,0.16584517918709,"Ajax|Total|5d"
195,"Pickering","7d","Total",-2,-389.2,-369.62,0.996343506024502,0.71,0.71003407914718,66,0.0912,0.370082758656882,"Pickering|Total|7d"
196,"Pickering","1d","Elementary",-6,-90.65,-92.64,1.74704078637415,0.67,0.670440391542551,22,0.9827,0.23404078330497,"Pickering|Elementary|1d"
196,"Ajax","1d","Elementary",1,-73.73,-78.19,1.65071274360075,0.57,0.571772720842204,18,0.9791,0.140262790623115,"Ajax|Elementary|1d"
196,"Pickering","3d","Elementary",2,-157.67,-153.48,1.29051252002529,0.31,0.307873597299739,29,0.4291,0.293100919425245,"Pickering|Elementary|3d"
196,"Pickering","5d","Elementary",-2,-319.47,-305.9,0.596311358458256,0.85,0.849398538417854,48,0.5333,0.241404482359833,"Pickering|Elementary|5d"
196,"Pickering","1d","Secondary",1,-162.95,-158.98,0.928427902080649,0.39,0.392197769392685,28,0.117,0.254026949445453,"Pickering|Secondary|1d"
196,"Ajax","1d","Secondary",-6,-98.37,-102.3,0.57097601177603,0.75,0.753205266949694,16,0.6464,0.241926662739135,"Ajax|Secondary|1d"
196,"Pickering","3d","Secondary",1,-233.92,-229,0.458057450234785,0.69,0.689457269914754,31,0.3515,0.278417975640795,"Pickering|Secondary|3d"
196,"Pickering","5d","Secondary",6,-377.82,-362.62,0.375937379814235,0.84,0.83931617309246,51,0.4245,0.298837365362653,"Pickering|Secondary|5d"
196,"Pickering","1d","Total",-6,-99.22,-100.91,1.44279137482563,0.62,0.619636445085447,22,0.8687,0.285725670045287,"Pickering|Total|1d"
196,"Ajax","1d","Total",1,-87.35,-90.68,1.15778058360446,0.67,0.671398763526799,18,0.83,-0.000382932866726466,"Ajax|Total|1d"
196,"Pickering","3d","Total",2,-165.76,-161.91,1.02519839353358,0.31,0.308851850979969,28,0.2334,0.322626722117895,"Pickering|Total|3d"
196,"Pickering","5d","Total",-1,-336.68,-321.92,0.596324157871177,0.77,0.771398899419958,50,0.0839,0.291457135888981,"Pickering|Total|5d"
197,"Pickering","1d","Elementary",-1,-55.09,-85.68,0.383807245422151,0.95,0.951128234193394,13,0.9409,-0.12230127444307,"Pickering|Elementary|1d"
197,"Ajax","1d","Elementary",-1,-60.62,-65.12,1.34929189649983,0.59,0.592532063940263,14,0.4321,0.367815709918966,"Ajax|Elementary|1d"
197,"Pickering","3d","Elementary",4,-234.54,-226.59,0.886292571170465,0.58,0.581048927811172,38,0.1641,0.291119814704743,"Pickering|Elementary|3d"
197,"Ajax","3d","Elementary",-4,-172.01,-165.67,1.34024432736905,0.68,0.677136486383143,34,0.0896,0.369739667619057,"Ajax|Elementary|3d"
197,"Pickering","1d","Secondary",0,-89.4,-97.93,0.603697259478649,0.67,0.665394900267215,16,0.401,-0.0429990959226547,"Pickering|Secondary|1d"
197,"Ajax","1d","Secondary",6,-78.72,-79.19,1.09197239075479,0.51,0.513727811694393,14,0.4036,0.326217716336955,"Ajax|Secondary|1d"
197,"Pickering","3d","Secondary",1,-297.5,-289.09,0.355085783244259,0.86,0.860809888032842,39,0.3592,0.370568871674392,"Pickering|Secondary|3d"
197,"Ajax","3d","Secondary",-6,-198.74,-192.72,0.948340447330147,0.59,0.591133880565373,33,0.7551,0.378451125697024,"Ajax|Secondary|3d"
197,"Pickering","5d","Secondary",-5,-252.63,-246.77,0.410939316088567,0.79,0.785070543394812,33,0.4752,0.309719386717025,"Pickering|Secondary|5d"
197,"Pickering","1d","Total",1,-85.98,-87,1.10839037719318,0.3,0.301695116973576,16,0.998,0.140312547819744,"Pickering|Total|1d"
197,"Ajax","1d","Total",7,-66.41,-67.64,1.70139437372742,0.59,0.592765651157264,15,0.6499,0.272248207399234,"Ajax|Total|1d"
197,"Pickering","3d","Total",3,-248.71,-240.4,0.677084925480003,0.74,0.739079966197646,38,0.3358,0.337089512036073,"Pickering|Total|3d"
197,"Ajax","3d","Total",-4,-187.51,-181.52,0.991789142418824,0.72,0.720262510918381,34,0.0613,0.343070786872754,"Ajax|Total|3d"
197,"Pickering","5d","Total",-7,-166.54,-163.47,0.832482480034385,0.79,0.794899302789484,29,0.0893,0.398512967843023,"Pickering|Total|5d"
198,"Pickering","1d","Elementary",0,-74.5,-90.91,0.764477474879683,0.91,0.909506969817037,17,0.8651,-0.239833018908224,"Pickering|Elementary|1d"
198,"Ajax","1d","Elementary",-4,-61.58,-64,1.82653198652763,0.33,0.331906758390455,15,0.1361,0.352242933694674,"Ajax|Elementary|1d"
198,"Pickering","3d","Elementary",7,-276.91,-264.55,0.881905713738222,0.7,0.69678916999527,46,0.5286,0.194726545994395,"Pickering|Elementary|3d"
198,"Pickering","7d","Elementary",-7,-195.89,-191.6,0.637807625761721,0.82,0.821922189577644,30,0.9519,0.257040781296008,"Pickering|Elementary|7d"
198,"Ajax","7d","Elementary",-5,-468.75,-442.3,0.524053621550418,0.96,0.956302047092562,68,0.0772,0.372333676685522,"Ajax|Elementary|7d"
198,"Pickering","1d","Secondary",-6,-123.63,-121.91,1.0406764016633,0.23,0.226205592791237,21,0.9739,0.271934842019714,"Pickering|Secondary|1d"
198,"Ajax","1d","Secondary",2,-75.97,-79.25,0.870258011938579,0.63,0.632963346053377,14,0.5065,0.206191247647273,"Ajax|Secondary|1d"
198,"Pickering","3d","Secondary",0,-344.56,-335.74,0.581138853080883,0.61,0.611836754505261,48,0.3472,0.318140156475442,"Pickering|Secondary|3d"
198,"Pickering","5d","Secondary",-4,-395.29,-380.14,0.538447367402453,0.72,0.716784110926857,55,0.2079,0.382417225932064,"Pickering|Secondary|5d"
198,"Ajax","5d","Secondary",-4,-404.67,-385.93,0.648766079005023,0.79,0.786627720612189,60,0.2064,0.385117075853304,"Ajax|Secondary|5d"
198,"Pickering","7d","Secondary",-1,-346.72,-336.39,0.274220150029122,0.9,0.897930847056951,42,0.5388,0.352761559199897,"Pickering|Secondary|7d"
198,"Ajax","7d","Secondary",3,-551.99,-525.69,0.285165081571862,0.96,0.96071387554767,68,0.3247,0.254247766333963,"Ajax|Secondary|7d"
198,"Pickering","1d","Total",-7,-85.18,-92.89,0.723666502277767,0.85,0.854991558668915,16,0.7519,-0.000281280364592081,"Pickering|Total|1d"
198,"Ajax","1d","Total",-4,-66.4,-69.17,1.54007664234286,0.38,0.376150044353372,15,0.5379,0.225408886135961,"Ajax|Total|1d"
198,"Ajax","7d","Total",7,-454.18,-432.71,0.455665033015792,0.96,0.964623173904515,62,0.9559,0.238348536317478,"Ajax|Total|7d"
199,"Pickering","1d","Elementary",3,-78.58,-77.33,2.48757398535547,0.06,0.057437843151574,19,0.6589,0.346244758617861,"Pickering|Elementary|1d"
199,"Ajax","1d","Elementary",1,-92.13,-91.93,1.7297326220499,0.65,0.649612936905656,21,0.3919,0.297053482437488,"Ajax|Elementary|1d"
199,"Pickering","7d","Elementary",-6,-267.88,-256.17,0.926740205445759,0.81,0.808585976615172,45,0.9608,0.396900475886715,"Pickering|Elementary|7d"
199,"Ajax","7d","Elementary",-4,-343.52,-332.25,0.491782768278472,0.96,0.963059266369253,53,0.2892,-0.124406011000113,"Ajax|Elementary|7d"
199,"Pickering","1d","Secondary",1,-142.5,-140.39,1.19805122600082,0.01,0.0142752515545762,25,0.2239,0.364528826589105,"Pickering|Secondary|1d"
199,"Ajax","1d","Secondary",-6,-108.55,-108.06,0.960265736133801,0.49,0.491880638445205,19,0.1484,0.233267499941047,"Ajax|Secondary|1d"
199,"Pickering","3d","Secondary",-6,-403.65,-387.22,0.546172160036734,0.71,0.709007104725688,57,0.6567,0.338840944514218,"Pickering|Secondary|3d"
199,"Pickering","5d","Secondary",-7,-292.65,-283.85,0.406003354099337,0.76,0.761046174185003,39,0.9853,0.362652787944649,"Pickering|Secondary|5d"
199,"Pickering","7d","Secondary",0,-428.61,-410.9,0.320198552396173,0.85,0.846398186053702,57,0.4291,0.344685679387503,"Pickering|Secondary|7d"
199,"Ajax","7d","Secondary",2,-401.38,-391.77,0.27195797450783,0.95,0.953057472932178,53,0.6796,0.166199118996144,"Ajax|Secondary|7d"
199,"Pickering","1d","Total",3,-84.94,-83.95,2.03011747629287,0.01,0.0051476678051465,18,0.4506,0.335248071291483,"Pickering|Total|1d"
199,"Ajax","1d","Total",7,-70.7,-75.72,1.30754090406371,0.76,0.760305809966584,16,0.9833,0.199468583492304,"Ajax|Total|1d"
199,"Ajax","7d","Total",-3,-371.82,-365.51,0.319936638372566,0.98,0.976074858227025,53,0.1098,-0.0216347861624653,"Ajax|Total|7d"
200,"Pickering","1d","Elementary",1,-86.37,-85.81,1.57971316692719,0.35,0.349047806919197,18,0.1037,0.126447621180196,"Pickering|Elementary|1d"
200,"Ajax","1d","Elementary",1,-61.85,-64.54,1.79175951012051,0.59,0.59302907657723,15,0.4413,0.148483756918235,"Ajax|Elementary|1d"
200,"Pickering","1d","Secondary",0,-112.16,-111.6,0.830621452162141,0.38,0.37800193179271,18,0.7136,0.0722190024735017,"Pickering|Secondary|1d"
200,"Ajax","1d","Secondary",-6,-76.94,-77.1,1.21447454266112,0.08,0.0787055731976521,14,0.8522,0.100038760332473,"Ajax|Secondary|1d"
200,"Pickering","1d","Total",1,-95.57,-95.02,1.26591702026332,0.34,0.343609690909845,18,0.3448,0.231440897575549,"Pickering|Total|1d"
200,"Ajax","1d","Total",1,-65.35,-67.72,1.59308586437177,0.48,0.482863366841538,15,0.6295,0.269591114730762,"Ajax|Total|1d"
